epoch,total_loss,opt_gap,singular_component,nonsingular_component,raw_singular_mse,raw_nonsingular_loss,smooth,objective,u_min,u_max,u_mean,final_mean_N,psi_mean_abs,q_mean,lr
1,76.26270126029296,76.2627012602856,3.911048770036419e-05,76.26266214979789,0.11069398019393842,76.26268329031616,7.366513519734343e-08,399.6840616642465,1.4886389883192603,1.50866116186805,1.4998618337104288,1.9125203217188147,4.73709974275448,0.0035317151817665588,0.001
2,59.88060652940824,59.88060652934586,0.003915958286227267,59.87669057105963,0.11049616681261204,59.876718883938615,6.237781366179235e-07,398.99642832902947,1.4853180640489954,1.5526908611717896,1.516869177799386,1.7567312912687776,4.488149300859179,0.006737532351525166,0.001
3,51.79419862528158,51.794198625079304,0.004602163623405569,51.78959646145589,0.10994140186079923,51.789609693098114,2.0227829109208247e-06,398.48180645859486,1.4650610711387921,1.594167686790636,1.5310767216178307,1.6203215087269023,4.342364295104198,0.008051642322852187,0.001
4,46.299725999324615,46.299725998856765,0.0001566705613286997,46.299569328295426,0.10686616262300144,46.29958713442151,4.678464147470896e-06,397.66769093504917,1.4316738244238825,1.6309346265256814,1.5327802681065072,1.5281875855143288,4.189650883205626,0.0036773031581531605,0.001
5,39.81720443418694,39.81720443331467,0.00010185990200295836,39.81710257341267,0.1020857907398335,39.81712297313209,8.72270132925637e-06,396.5469163943087,1.3897080068058534,1.6601438382446876,1.521892978708016,1.4834831109470583,3.9592260264943278,0.0032303636189033574,0.001
6,32.06206356133232,32.06206355990501,0.0007357266185583993,32.061327833286455,0.09686665658707508,32.06136402267419,1.4273124028167682e-05,395.25524337192763,1.344854971380509,1.6841099941305426,1.5017906734246385,1.4725124921754789,3.631239330909452,0.0036571293251778728,0.001
7,24.24663424267121,24.246634240483573,0.0020182557943419265,24.244615984689233,0.09205248905476564,24.244658552813473,2.1876356755782087e-05,393.94458513860457,1.2993178656915843,1.7065233358256715,1.4753964055050133,1.4813124644931386,3.2141851217095594,0.005476793065128115,0.001
8,17.636880330758952,17.636880327491355,0.0014049981909974255,17.635475329300355,0.08847189513364186,17.63550921638876,3.267596376809396e-05,392.75486301568435,1.25367372530599,1.732294891431305,1.446092597331631,1.4916988130202515,2.732855924118626,0.006831364878442788,0.001
9,12.641806609766494,12.641806604929979,0.001264604363938707,12.64054200056604,0.08752882767945715,12.640564244837885,4.836515516813267e-05,391.78367183655837,1.208959181905616,1.7667489968016192,1.4193922486751174,1.4763635012873324,2.2362252897011823,0.009798604400819486,0.001
10,9.309962075937195,9.309962068824662,0.0009588659475794755,9.309003202877081,0.09076778996990463,9.309053511912463,7.112533388481995e-05,391.0633573086265,1.1665285154686975,1.810315767577167,1.3997422201418566,1.4213118808332121,1.807222186896996,0.013736746965927414,0.001
11,8.079565540431883,8.079565529944553,0.0005734341714842842,8.078992095773069,0.0999390681367853,8.079109376791942,0.00010487330895309145,390.54326984346386,1.1288096472861235,1.8579816550507764,1.3882128206413582,1.3434840736643858,1.5527148986224673,0.024515075585173757,0.001
12,7.538329571647855,7.538329557421251,0.0003899165697978728,7.537939640851453,0.11279396018379712,7.538071141896584,0.0001422660427952312,390.06749706935517,1.1042146120641072,1.893105992971337,1.38105526919309,1.3024110894057377,1.4553957222243203,0.02305070956786624,0.001
13,6.2781415915081995,6.278141574050382,0.000574482589013288,6.2775670914613695,0.12792429948348105,6.277662768570666,0.00017457817383340475,389.56455838597105,1.08882348511115,1.9161242074436797,1.3788272144153069,1.2892824146234105,1.3586891065937166,0.018598013143048864,0.001
14,4.392574155475723,4.392574136019671,0.0007616330359766101,4.3918125029836945,0.14479189107210258,4.391903122459525,0.0001945605162642379,389.06289518988353,1.07930075791614,1.929395876661487,1.3818968816868369,1.2957371036706427,1.159019982137921,0.01851693358740477,0.001
15,2.9688163177057496,2.9688162975114416,0.002841921171772173,2.9659743763396698,0.16229195489547252,2.966452502918628,0.00020194307794213566,388.6701506509705,1.078768016646348,1.9348569630331112,1.3892749730978802,1.3188757964371953,0.8665299871755846,0.10668580011178042,0.001
16,2.8415984814593807,2.8415984608671643,0.004415027066956637,2.8371834338002078,0.17923634390126375,2.837626313449373,0.00020592216547808275,388.4626235032566,1.0831277795666228,1.9381567373821444,1.395426917176261,1.3638136471939475,0.8936381534679441,0.06800946926410896,0.001
17,3.3647356562344535,3.3647356343431842,0.009636644751239348,3.355098989591945,0.19588184578578227,3.3556023724450004,0.00021891269318914105,388.4202513738454,1.0827460010714496,1.9480902121275487,1.402919385829712,1.379191846710854,1.0248475053808284,0.0808408088241812,0.001
18,3.65853819983042,3.6585381756718007,0.002247353011608978,3.6562908226601913,0.21079965204581205,3.6567268122686203,0.00024158619087390448,388.39008657219574,1.0750491301382394,1.963137639819057,1.40884604035541,1.3691375625790263,1.0953475279107516,0.06626524361954131,0.001
19,3.4358165427191016,3.4358165151272972,0.011050337526867614,3.42476617760043,0.22314842905587334,3.424986480929805,0.0002759180434844432,388.2784121509258,1.0613026406468107,1.9816936503511269,1.4087138615420252,1.3500610034578355,1.0636834946318283,0.04457968807549528,0.001
20,2.9437013557350387,2.9437013234656066,0.0022453568282661657,2.941455966637341,0.23286461517288762,2.941608371025216,0.0003226943188605915,388.09884895147474,1.0432327757004285,2.002638128211167,1.401998939321011,1.327906817044851,0.9999899132126694,0.02881528629696575,0.001
21,2.732604095931302,2.732604059294763,0.002036870946801095,2.730567188347962,0.23897436956647305,2.7307042031732562,0.00036636538778794385,387.9767649488265,1.0318346454297909,2.0240397649112074,1.4003911129845257,1.273721180901675,0.9403804747188869,0.026116990001277436,0.001
22,2.8807811677434314,2.880781128071631,0.002853888372517449,2.877927239699113,0.23884599799771486,2.8780665378644654,0.00039671800504066673,387.89968737337756,1.0311243677151376,2.03739868480619,1.3981811059911127,1.2431700265787327,0.9104121748202986,0.02729194750664105,0.001
23,2.773426342550628,2.773426301113806,0.0037323920408803978,2.7696939090729256,0.23466933185983593,2.7698600501868835,0.0004143682199482447,387.81916644201084,1.0379309788859867,2.0439983717542076,1.3958142287813036,1.2347875002840731,0.8686737410674302,0.02891023607123554,0.001
24,2.292585000852911,2.292584958789754,0.006563331012476282,2.2860216277772776,0.22753397954627314,2.2862006801426626,0.00042063157151430136,387.72694962781554,1.0504151667975337,2.044958231121946,1.3940392230181655,1.2441523659784617,0.7974368304890295,0.03592692883150962,0.001
25,1.7235236635575428,1.723523621662752,0.008391857258011585,1.7151317644047406,0.2178178727695727,1.7153682207181151,0.00041894790699807417,387.64220013834154,1.0659290359021116,2.040963208416108,1.3918428805065466,1.2722722591227171,0.715056801718467,0.04771980835731287,0.001
26,1.5892220000848738,1.5892219589899022,0.008781499812877541,1.5804404591770247,0.2063859449878759,1.5809818591278797,0.00041094971744118694,387.6169879578063,1.083733174015697,2.033255228861874,1.3906040043844778,1.315594933043525,0.6883390144473007,0.09259854188686088,0.001
27,1.8031941723638565,1.8031941310106205,0.008367501072580419,1.79482662993804,0.19806181875002887,1.795067359370803,0.00041353235883333396,387.62918082145353,1.093866287152711,2.0314104712412666,1.3888754577813913,1.3433726136315656,0.7392170130099814,0.12425551957156478,0.001
28,1.8746089429306172,1.8746089007902016,0.007142939047545309,1.867465961742656,0.19326110310696168,1.8675475666764394,0.00042140415558717553,387.6344545603215,1.1009539853777017,2.0351547756843593,1.39035971936803,1.3442553710602974,0.8286076325567396,0.010011570187031246,0.001
29,1.7572153968691642,1.757215353057036,0.006681749547000332,1.7505336035100354,0.19107844085902054,1.7505799367549255,0.00043812128075885337,387.60306784106615,1.102860442091246,2.0435187765677933,1.3907169792213137,1.3316616102602405,0.8463326999178545,0.010615352813092931,0.001
30,1.508992489672445,1.5089924429417567,0.004326967021916671,1.5046654759198401,0.1909386875763106,1.5047377420503198,0.0004673068829908811,387.53175567383965,1.0959099880863683,2.055445951756467,1.3864636036701115,1.3178931337498663,0.7402697779230568,0.014899511763919963,0.001
31,1.3252331046083932,1.3252330537161443,0.0026479339441079813,1.3225851197720366,0.19311048291072824,1.3231965910113417,0.0005089224882454013,387.4530633928084,1.0791769944196408,2.070479031687964,1.379267399552922,1.3009992876342258,0.5721150357878204,0.21236179516384723,0.001
32,1.3700059500270834,1.370005895180846,0.0013052087653950045,1.3687006864154507,0.1997516796135131,1.3693127722129932,0.0005484623737866603,387.3828163256716,1.0694192037473087,2.088002220661746,1.3833263069167117,1.2554023717590135,0.6070064740866155,0.13695251777592382,0.001
33,1.6319835270555214,1.6319834663047976,0.0020918601654284002,1.6298916061393691,0.2058905812009334,1.629980311792857,0.0006075072381401442,387.30082573821403,1.0513466286751316,2.101867038241795,1.370695759705242,1.2698999071461665,0.7592997546084337,0.01876032792752907,0.001
34,1.5706774315029666,1.5706773670384893,0.0014588834111818917,1.569218483627307,0.21160898941076678,1.5693268143301038,0.0006446447731353706,387.2199437107304,1.047467941750884,2.1121495777273993,1.3707652818000478,1.2658924037767327,0.750833459235235,0.01611280847558601,0.001
35,1.142473787220238,1.1424737212235365,0.0015444142389726399,1.1409293069845639,0.2166391341517831,1.1420687423699656,0.0006599670139652372,387.13667641094577,1.0556849886754245,2.11923059553654,1.3817460508784725,1.2459730957890642,0.5127977668753471,0.261815807017225,0.001
36,0.9513776353371889,0.9513775670975921,0.005212342538165981,0.9461652245594262,0.22018746409151493,0.9466838343260748,0.000682395967589658,387.0609323580175,1.0602519348945392,2.122619659519874,1.3830876529382958,1.2689148256418992,0.5012826706615436,0.13739090918601507,0.001
37,1.2588234019264612,1.2588233290020632,0.005750889994708875,1.2530724390073542,0.22469115777821733,1.2539741657575234,0.0007292439802769503,387.003306752771,1.046556378247184,2.1283763752850833,1.3730487251979433,1.3162523120218326,0.5871144140556434,0.15224627050329828,0.001
38,1.231248762559603,1.2312486873809503,0.012865864742093678,1.2183828226388567,0.2291577773837932,1.2187194289995704,0.0007517865266532809,386.9633626762077,1.0472851606490277,2.1336231649383466,1.3783526840186269,1.3233676909714125,0.6094716052268117,0.06145854236573698,0.001
39,1.3181354845590298,1.3181354090797317,0.012293474329440715,1.3058419347502908,0.23398489419158816,1.3058770596766458,0.0007547929810771448,386.97661261901516,1.0595277465246726,2.1400114402038932,1.396801256600745,1.2875356574369832,0.842155453719775,0.010099652607227267,0.001
40,1.6049179227754453,1.604917844874219,0.012534527443237051,1.5923833174309816,0.23902217681454574,1.5923969869884562,0.0007790122640356612,386.9700063377494,1.0610526973201846,2.148132279666787,1.4034224006066065,1.270083489925231,0.9784228410455449,0.008895600007722396,0.001
41,1.228248576398724,1.228248493808357,0.005391169042581992,1.2228573247657755,0.24422135128098038,1.2229660501166997,0.000825903670049701,386.8685457689381,1.051338803986437,2.157238999005496,1.3976067091313087,1.2753270865994515,0.8141770170918422,0.00999672942827872,0.001
42,0.9831641555609036,0.9831640662080221,0.009932703670857612,0.9732313625371644,0.24959977076627562,0.9735350760426649,0.0008935288156046942,386.7531400471407,1.0326266486802036,2.167426515370873,1.3817639520060827,1.297467202194826,0.5856826547410979,0.053792790845269674,0.001
43,0.8560959209177266,0.8560958274879552,0.012727332520098035,0.8433684949678572,0.2546708458379472,0.8437371719456014,0.000934297714123768,386.6921648837993,1.027871467305016,2.1779064986886016,1.3807761940605423,1.2767562555541219,0.5165541828246693,0.17183001112922547,0.001
44,0.9331779525219629,0.9331778579955852,0.007391711861018142,0.925786146134567,0.2585193648788118,0.925970414145768,0.000945263777101212,386.6748932050041,1.0357318316302924,2.1871637359307416,1.3923622282565342,1.2278281715179922,0.5662635041298824,0.09300562623546463,0.001
45,0.9454988678455287,0.9454987698521135,0.008683239840743087,0.9368155300113704,0.2618955932789131,0.9374363078450318,0.0009799341522367005,386.6357761039417,1.031129621329112,2.195915146276598,1.3895724798704483,1.2159960939979393,0.48444936793527366,0.08552823667051031,0.001
46,1.1977812334391162,1.1977811301356385,0.01115278449217464,1.186628345643464,0.26421081657776824,1.1868674646318078,0.0010330347783728288,386.6043895259937,1.0158791929570197,2.203276935505434,1.3739866426270544,1.2404693973126042,0.6262978427632553,0.07773984116361271,0.001
47,1.5361123398244367,1.5361122342848057,0.00305028840535334,1.533061945879452,0.26485267453454664,1.5331659364308687,0.0010553963092665237,386.59535928029425,1.0122278874503983,2.207907677680657,1.369624050255307,1.2477546725527966,0.7329721199188333,0.013194888442594525,0.001
48,0.982390082178831,0.9823899771423225,0.01240492504292022,0.9699850520994022,0.26436997124307476,0.9702774848105398,0.0010503650854596996,386.55900948063606,1.0190094133386896,2.2103383961640377,1.3756783841011362,1.237261129605154,0.5612322213960225,0.08429423066103191,0.001
49,0.9302282657281701,0.9302281637467942,0.00967861929279214,0.9205495444540022,0.26261762625762336,0.9207427614278216,0.0010198137585895272,386.5623146298578,1.0353710477121418,2.2106547563197596,1.3908388505316953,1.2127914892383111,0.5300949517698603,0.04410631918943426,0.001
50,0.8744571252495246,0.874457023872248,0.011996760232022445,0.8624602636402255,0.26067471061783215,0.8625640160553946,0.0010137727654501777,386.5572177934282,1.0388788122626944,2.2108809159073832,1.3918346107141146,1.2228514890882154,0.5827808580158536,0.015813626100256023,0.001
51,0.6446775472051861,0.6446774442089314,0.013206014132339326,0.631471430076592,0.2587606432457597,0.6320076751352095,0.0010299625475056217,386.52621443109257,1.0311438154196981,2.2115743909607404,1.380533448246704,1.2610455949326544,0.4439551312892798,0.150803062187052,0.001
52,0.6429091615021448,0.6429090593755342,0.012714017222073496,0.6301950421534607,0.25667135535447166,0.6305004125834902,0.0010212661057317969,386.5270296872752,1.0353493663177,2.212525863962899,1.3817977810326285,1.2672872429903534,0.478708157249427,0.052017263403664867,0.001
53,0.8214028007184883,0.8214027003156888,0.011667284626144168,0.8097354156895445,0.25587055313142454,0.8097773705162323,0.001004027994536717,386.54257945085357,1.0471155373438958,2.2162246796840392,1.391950015242425,1.2396307919136142,0.6468494260536986,0.00939627024374833,0.001
54,0.754604365360045,0.7546042643653293,0.011995450077113397,0.742608814288216,0.25533748273717194,0.7426806922520894,0.001009947156643518,386.51866235580644,1.0439358287163134,2.220804959311349,1.3898736644394136,1.2377956921772548,0.5979338278649305,0.010899778168321592,0.001
55,0.6005847767554212,0.600584673110755,0.007359898065833314,0.5932247750449217,0.2549819959211925,0.5942782692077003,0.0010364466616427427,386.4782068141478,1.0308501047848324,2.2260089535804726,1.3766848181974698,1.2604547453498949,0.42053724173907125,0.20846861426117655,0.001
56,0.5911426071463262,0.5911425031807053,0.0051769136091858415,0.5859655895715195,0.25458808916435965,0.5869357046205184,0.0010396562094445495,386.4653703551247,1.0290365952838956,2.230364442441719,1.376063793736449,1.255519185424246,0.42495171468745707,0.18026038821490098,0.001
57,0.693194968400321,0.6931948661938181,0.011171714884192574,0.6820231513096255,0.25421704244147514,0.6821138669537339,0.0010220650292911359,386.4693113214064,1.0375279672392552,2.2335951037731583,1.386470158929162,1.2284789952344184,0.5212183869281116,0.014904074184667698,0.001
58,0.6245450324310804,0.6245449298496321,0.008884652313531296,0.6156602775361006,0.2537722535713089,0.6160363862821336,0.0010258144828214073,386.45188638902795,1.0355388443889537,2.237202919829459,1.3840636939957185,1.2323758760533061,0.4688435982251347,0.06275683912071404,0.001
59,0.7809740166556712,0.7809739118852679,0.0037772872548959046,0.7771966246303718,0.2530480343683053,0.777566354668005,0.0010477040338614178,386.44094640671415,1.024383741718323,2.2409566957052753,1.3700307029813255,1.2658837666917855,0.5499979323030892,0.025810591230322696,0.001
60,0.8921746624466976,0.89217455762515,0.004477813844470659,0.8876967437806792,0.2524496016910364,0.8878560023560251,0.001048215476529644,386.4376236161159,1.0243138435587402,2.2433424164576965,1.3681588087580852,1.2741666401400227,0.5957720657355097,0.01755253829964535,0.001
61,0.5240916948433987,0.5240915917983389,0.0057644468507754435,0.5183271449475635,0.2521615669664683,0.5194210779062837,0.001030450598264488,386.41771389702126,1.0340652487908355,2.2446691226834625,1.3773831254516797,1.2577152351476517,0.40706297446065803,0.22394641367223178,0.001
62,1.133933369794032,1.1339332691732482,0.009299709346742858,1.1246335598265051,0.25382434363452683,1.1246897103970694,0.0010062078376122524,386.4663932920916,1.0511661571609898,2.2473590076356365,1.396747428575687,1.2137995341622816,0.8006291838267556,0.0071400976779779,0.001
63,1.57180619218366,1.5718060918482841,0.008955891930201002,1.562850199918083,0.2551268194251404,1.5628787963261146,0.001003353758584688,386.4941751069079,1.0568928721088446,2.250324949984396,1.40268362290768,1.201204804169078,0.9468684011281354,0.007311993914976284,0.001
64,1.0655027265366694,1.065502624473984,0.010961311234508815,1.0545413132394752,0.25611903827528354,1.0545956435353367,0.001020626853669005,386.42798392337596,1.052014926235368,2.2536240472136893,1.3964414313235114,1.215971215863344,0.7855820753312237,0.006976390126044332,0.001
65,0.4882830267789221,0.488282921194283,0.011257738844119791,0.47702518235016317,0.25684410907294963,0.4776075810156673,0.0010558463911152951,386.34863254177935,1.0378918011615528,2.2573415876559846,1.3796295203451303,1.2554948772807228,0.4047166570509821,0.18133468015033408,0.001
66,1.5618827054889348,1.561882594688234,0.014378051403031156,1.5475045432852026,0.25955953592797204,1.5476703706466752,0.0011080070091185363,386.35774214355683,1.0194620503706782,2.2646496982791744,1.3618035263807886,1.2859567237767626,0.8013414560433593,0.027853741178538467,0.001
67,2.4170643622163217,2.41706424851818,0.016337898205447017,2.400726350312733,0.26217292275100673,2.400763442038814,0.001136981413572159,386.3671105711102,1.0127000943795759,2.270220630778428,1.3565735648910322,1.2888305124107569,0.9786653738030867,0.025071696705006037,0.001
68,1.5796616300047974,1.579661515657441,0.005539430129028332,1.5741220855284126,0.26444711029702656,1.5742201916884082,0.0011434735642422602,386.31301668525896,1.0161861480287522,2.2739751950965346,1.3620450686231775,1.2695013818538488,0.7978764099337428,0.015963844811129033,0.001
69,0.5059022877033081,0.5059021748670328,0.008365953431082889,0.49753622143594994,0.26626205847840023,0.49838863883336343,0.0011283627528273382,386.2560723260667,1.0291259974482354,2.2759781528322938,1.3771269223573115,1.231245006190754,0.39137928732900157,0.20103553000803837,0.001
70,1.2239477629031654,1.223947654071075,0.011819547844913162,1.2121281062261617,0.26629974325408207,1.2121478580387888,0.0010883209045438173,386.32168837297985,1.051485839138713,2.2756114320083656,1.3983960432756866,1.1914078710281364,0.7803883453676955,0.008301135959423002,0.001
71,1.814767702227113,1.8147675950491617,0.014015380533756222,1.8007522145154056,0.26594065329431626,1.8007648393265376,0.0010717795110528954,386.3822451463702,1.0622812831501716,2.2756493355654728,1.4062194837328685,1.1832894811503312,0.9923424176132638,0.008331824420075127,0.001
72,1.3278602785071185,1.3278601707206916,0.01200240682184962,1.315857763898842,0.26546511022387154,1.3158745968026364,0.001077864269798278,386.3417133843495,1.0621522410219741,2.2762479135159532,1.4020101123855728,1.2027206542433966,0.8899456429060041,0.007703930317217194,0.001
73,0.5398920027328764,0.5398918924218222,0.014522268329574413,0.5253696240922477,0.2647364742345677,0.5255482289926778,0.0011031105414414462,386.25903487982987,1.0522957283196739,2.2775389985131222,1.3873304741488224,1.246442150945205,0.5337870148984106,0.048611206944179045,0.001
74,1.4194290997359755,1.4194289851017767,0.0017521131111754365,1.4176768719906014,0.26422203628460533,1.4180178971414348,0.001146341987506724,386.2778166495569,1.0340475993597815,2.2803208910980493,1.3646330521464416,1.307450820881256,0.7628844829126341,0.04497207419689087,0.001
75,3.0025452256925727,3.0025451090460282,2.4720583110224668e-08,3.0025450843254453,0.26376282494905645,3.002545255631856,0.0011664654462642274,386.345066341627,1.0271773036309169,2.2818836070446555,1.3548557706889097,1.3364101501188508,1.127869634439477,6.171797658570054e-07,0.001
76,2.7504486528414507,2.7504485361232804,3.863242655533269e-07,2.750448149799015,0.2635564632329212,2.7504499827540854,0.0011671817019507297,386.3348779962387,1.0301089131767527,2.2822732798272423,1.3563035167044657,1.3358960174709549,1.0799027658033113,1.0261662452187322e-05,0.001
77,1.1788035014640708,1.178803386434754,0.006927060258917331,1.171876326175837,0.26356985128800375,1.1721735005181935,0.0011502931683362954,386.2683061587225,1.0418100664872778,2.281536784637016,1.3677490839152402,1.3088033256403429,0.6815462975686847,0.06223700182825388,0.001
78,0.5939804550912655,0.5939803434508121,0.011062910632549945,0.5829174328182622,0.2636542140041939,0.5831327632480162,0.001116404534654355,386.2641305297899,1.0614926306373227,2.280038001190827,1.3883790296594656,1.2571604860495802,0.5822651697168576,0.061085731358735997,0.001
79,0.9911704431262167,0.991170332663637,0.009368839121440601,0.9818014935421964,0.263832404734479,0.9818485546020224,0.0011046257970393047,386.3066218472148,1.0698427671424993,2.280571598601473,1.3982339124835335,1.2263622270792938,0.8136106422288467,0.005903592397302297,0.001
80,0.9438192779915584,0.943819166660695,0.00819135948360333,0.9356278071770915,0.26387163179372836,0.9356695649421761,0.0011133086339497325,386.2911729015463,1.067778606600308,2.2823003396583363,1.3972270195842036,1.220133128530494,0.7808136022202602,0.006637927850285345,0.001
81,0.5027763755843617,0.5027762614157094,0.01222109051736266,0.49055517089834677,0.26399128399980626,0.4906818530705945,0.0011416865231161893,386.23020235270747,1.0565613327924956,2.2850030572468087,1.3865198462779034,1.2367681269970652,0.5061909941188293,0.015431888190622132,0.001
82,0.8920832714632096,0.8920831527412805,0.00713025020312977,0.8849529025381508,0.2642026241134134,0.8853124914729951,0.0011872192913952907,386.2237459872702,1.0375524865544956,2.2890145495951293,1.3676238507875011,1.272352462168293,0.607037400366789,0.027138294607324843,0.001
83,1.7330341347772624,1.733034013921012,0.017231405327959907,1.715802608593052,0.2642772101081214,1.7158539171084182,0.0012085625031699144,386.25319341337246,1.0297352081747553,2.2914337914529783,1.3602773494856697,1.2821950895550849,0.8438061203642607,0.02948595142066587,0.001
84,1.3557807010885534,1.3557805802503096,0.00701918617648901,1.3487613940738206,0.26423562279021856,1.3488820526370515,0.001208382438165881,386.23700471891334,1.031655139947433,2.292193167317298,1.362878848226905,1.270520982138357,0.751241659617754,0.018846926701642456,0.001
85,0.4848532832621659,0.4848531644028489,0.0053270366320369855,0.4795261277708119,0.2640530179467728,0.48005235425690435,0.0011885931702159958,386.2041910614371,1.0423417794694465,2.291405185135626,1.3743050757611877,1.240626260237714,0.4235500305194112,0.10851310743758022,0.001
86,0.8839881902434243,0.8839880753219302,0.011076838471104383,0.8729112368508256,0.26331899327175556,0.8729630070489698,0.0011492149408943101,386.25322257459806,1.0614095192766417,2.2891478716732263,1.3931459372214734,1.199162783994776,0.6600496548687518,0.008125921891171431,0.001
87,1.3417850579349757,1.3417849446833967,0.01049807291741248,1.3312868717659843,0.26231314299142333,1.3313395388605482,0.0011325157892959766,386.30523395979674,1.0700679834960178,2.2877643697395795,1.4000907377824554,1.187843508353523,0.8471129692074458,0.00630302904527975,0.001
88,1.0276106147241777,1.027610501064163,0.01096297495819899,1.0166475261059642,0.26113579257494934,1.0166794130259482,0.0011366001464941022,386.2839038988812,1.0690542062776562,2.287267021220442,1.3965100264309278,1.201367437598006,0.7626530275344112,0.008153699065614538,0.001
89,0.45544525145561865,0.45544513547880444,0.012817494797724384,0.44262764068107996,0.2599336406322007,0.44284732053252945,0.0011597681421843507,386.2304885982996,1.0595057389799374,2.28763909488725,1.3836691381165331,1.2379506940384442,0.4541829654626398,0.035559815580785935,0.001
90,1.2763156549661752,1.2763155350763826,0.00017936516036813206,1.2761361699160145,0.25873120881113604,1.276148639323594,0.0011988979245891652,386.2608136956552,1.042501396687003,2.2895713673699265,1.3631104368011857,1.2932798583411131,0.7524127813212488,0.0003726079844230457,0.001
91,2.728621524106802,2.728621402556387,2.631385933427631e-12,2.7286214025537556,0.2576203361951976,2.728621402652589,0.0012155041510534652,386.3301085840459,1.036005625167907,2.2900485728544884,1.3537867753618371,1.3225497373750756,1.100479503561081,1.3198178746760657e-10,0.001
92,2.6366709366005074,2.6366708152919585,1.9568556418518678e-11,2.63667081527239,0.25677335359985004,2.6366708159315793,0.0012130854882908466,386.33436256651447,1.0385846724074113,2.2890625368699866,1.3544101418731864,1.3269364972596598,1.086497369344917,1.0656577829228396e-09,0.001
93,1.2721578132535458,1.2721576938822872,3.455849975244793e-05,1.2721231353825346,0.2562008399597782,1.2722503923615864,0.0011937125860754776,386.2834701338188,1.0492547180653684,2.2868362475020314,1.3639491045035004,1.3083569391331393,0.7479465347949409,0.0024000782340150278,0.001
94,0.5024920499904612,0.5024919341445528,0.01436582798655122,0.48812610615800156,0.2558370918290177,0.4887137550981914,0.0011584590827631823,386.2654758367627,1.0672770239843856,2.28356868494765,1.3816338796992238,1.268536516426879,0.47941702282397664,0.09127518515704978,0.001
95,0.8540514905564421,0.8540513762818742,0.010962933209343344,0.843088443072531,0.25717068271695437,0.8431395287917778,0.0011427456793663897,386.29755704230985,1.0766050473595568,2.284771684830048,1.39474006451318,1.2236525390092219,0.7502679002763305,0.007161128380351175,0.001
96,1.0781972938427025,1.0781971790309062,0.008845041976111516,1.0693521370547947,0.25844518947196166,1.069411966096915,0.0011481179627746076,386.3029006734647,1.0763010614324682,2.287086425485788,1.3975921740433042,1.2046734110746735,0.807681992416649,0.005933286001972313,0.001
97,0.7469664411175895,0.7469663238588007,0.012622256051788853,0.7343440678070118,0.25957518205565094,0.7343835564442097,0.0011725878882037533,386.25274132916314,1.0675092868197043,2.29011507795001,1.3910441331537011,1.2096233648591799,0.6308224713291853,0.00996425213811147,0.001
98,0.42198783094323356,0.4219877095946947,0.005985819127955506,0.4160018904667393,0.26043043007970496,0.41719242766151565,0.0012134853880262726,386.2078693061322,1.0514670123745196,2.293755541856267,1.3760694619270508,1.2367290779762365,0.36693066812957625,0.2405464817895871,0.001
99,0.6269887470956595,0.6269886240251681,0.004411454387166556,0.6225771696380015,0.2606486213644824,0.6227693365116699,0.001230704914665605,386.20987503011645,1.0462145538499237,2.2953675755923646,1.3698756863108328,1.2531097986255986,0.5196688452404006,0.02066424350910084,0.001
100,0.4904226324692444,0.4904225097295662,0.005118085377440261,0.4853044243521259,0.26072586368654743,0.48592093860413565,0.0012273967817237209,386.20184465098333,1.0500173119183305,2.295381859984512,1.3726414165325516,1.2509308141646038,0.43862777529848784,0.08604676557294118,0.001
101,0.4520816222037866,0.4520815016599477,0.011096861942045363,0.44098463971790236,0.2606958374354514,0.44116027322774554,0.0012054383888490787,386.20709725571527,1.0619518549900602,2.294135889637125,1.3835720010583155,1.2310305699415156,0.4467487565278984,0.020048964696180737,0.001
102,0.4603580852885461,0.4603579649544125,0.0123791379768763,0.4479788269775362,0.2604542536601745,0.4481037619729291,0.0012033413359117137,386.2083590315827,1.064518047383003,2.2944132762814258,1.3844293904142233,1.235150720081741,0.4757667792303748,0.01550303280060645,0.001
103,0.41434431785466114,0.41434419584335297,0.009447372163029176,0.4048968236803238,0.2603701571166286,0.4056958419539411,0.0012201130817089674,386.19445884752673,1.0584005018786495,2.2964517631313814,1.376724956677518,1.2576830394744196,0.3688486259092366,0.2761772888087317,0.001
104,0.3871452827009654,0.3871451607154949,0.009766113635536379,0.3773790470799585,0.2610494511764335,0.3782884550451448,0.0012198547047893324,386.1829123396801,1.059428275561026,2.2992429903891485,1.378933088433926,1.247560316252376,0.36916511763904825,0.18578837180573646,0.001
105,0.38012737956334247,0.38012725639999767,0.00661956137019091,0.3735076950298068,0.2626653605037353,0.3750162652021456,0.0012316334479817081,386.15684260855323,1.0539212821327353,2.3064285635765502,1.377344467434088,1.234552048991985,0.34143003324657023,0.297400053629844,0.001
106,0.4239646797019736,0.4239645574525115,0.008327914713884844,0.4156366427386267,0.26346097455991624,0.4160096838027438,0.0012224946209401892,386.14090595208324,1.0582961035436453,2.3121139638878416,1.3821794390254603,1.222077174913543,0.4063465676653607,0.04649707166140466,0.001
107,0.35365339301098814,0.3536532702217726,0.006672144003911138,0.3469811262178615,0.26336069212388447,0.3484979039555356,0.0012278921554083665,386.11794563351634,1.0543501740220034,2.3178466847551915,1.376823739077336,1.238171501378841,0.3387670747173358,0.2860508790029312,0.001
108,0.35488887483253606,0.3548887532485203,0.010411567550725968,0.3444771856977943,0.2633151935494028,0.3451709211852704,0.0012158401572849762,386.1042741940823,1.0597366065500788,2.322573667808436,1.3796409306833013,1.2430514412929434,0.38242826203730496,0.13396741257962533,0.001
109,0.3849770203292988,0.38497689797115786,0.009617857217016416,0.37535904075414156,0.26373677703545423,0.3764559822561838,0.0012235814094513715,386.0843211132566,1.0559636683627973,2.329187691786173,1.3748851008455465,1.2585406799790513,0.36782712389574,0.27392056368766365,0.001
110,0.34987172218446155,0.34987159969169673,0.01155565752790963,0.33831594216378713,0.2657831209350226,0.33858059617763614,0.0012249276483315336,386.0579787057875,1.0599303004111447,2.33542140506646,1.3809095897005097,1.2399162182548902,0.40521006443471413,0.12218832892182238,0.001
111,0.3144939462442736,0.3144938218651124,0.009057363833098497,0.3054364580320139,0.2676845889314525,0.30625920068486023,0.0012437916127294502,386.02544764360033,1.0545223478112304,2.34269655426894,1.3778869819940056,1.2393985044559812,0.34349244710199955,0.22955489664079343,0.001
112,0.3920307522489088,0.3920306234287599,0.004456274402420588,0.38757434902633936,0.271632560576522,0.38837664560758856,0.0012882014895379823,385.9857600816337,1.0429526793974424,2.353282893808482,1.372379875477825,1.2314436358512457,0.40968389773831054,0.05270428627910217,0.001
113,0.40057186254687255,0.40057173116647016,0.004919567633274087,0.39565216353319616,0.2756751032235372,0.396764208893202,0.0013138040238526627,385.9514462916084,1.0418285137098735,2.361807262560192,1.3767018830018953,1.2054934341830157,0.34314979585796246,0.29319395831670125,0.001
114,0.31944631545124047,0.3194461851555356,0.009683837975611074,0.30976234717992446,0.27540290848013027,0.31030460918744845,0.001302957048957591,385.9300017047222,1.0490202463580793,2.3658939407026973,1.3796743605777386,1.2156034345606685,0.33295441906480877,0.26122542013664385,0.001
115,0.46455220863668045,0.4645520789669749,0.016061686226404946,0.44849039274056995,0.27285089790926914,0.4494410105694646,0.001296697055498369,385.9382721325971,1.0472137839917122,2.368997352947363,1.3707076215756695,1.262120223029372,0.43668714750533205,0.15507924480589494,0.001
116,0.4618488100848901,0.4618486816528608,0.006403417603030529,0.4554452640498302,0.2720881138445902,0.4559797479864657,0.0012843202929882795,385.9425477767308,1.0543438021639828,2.3717044118229174,1.3734832360061227,1.2742824602114662,0.44154963654234614,0.21112959196222547,0.001
117,0.5042493203417888,0.5042491926005471,0.012920219180255052,0.491328973420292,0.27433653680312925,0.49147884141286236,0.001277412417341139,385.94307565571006,1.068806262634734,2.3757008755701956,1.3881451288424955,1.24275425490537,0.6013539178257341,0.013445797983377292,0.001
118,0.628182152686827,0.6281820239622662,0.014524046613940193,0.6136579773483261,0.2757878463653747,0.6137061022936511,0.001287245607891883,385.9410301494039,1.0720348144808531,2.3801080635545473,1.3917034207651173,1.2343869355616541,0.6861769976542592,0.00872004952229687,0.001
119,0.4206729141124065,0.4206727828842687,0.01819091519410508,0.4024818676901636,0.2765115745038285,0.402864035473386,0.0013122813780518901,385.89996034717007,1.064971370737975,2.3846873363607415,1.384702893059148,1.2503302054657726,0.522427914474211,0.11675216677613769,0.001
120,0.5782736177903512,0.5782734817333505,0.004303508798572782,0.5739699729347777,0.27780454511679736,0.5748683030042467,0.0013605700077569851,385.87316084005215,1.0483824823429888,2.39037614247402,1.369819967549799,1.2777910935095027,0.507252671529102,0.09888914855410946,0.001
121,0.5811055668802987,0.5811054266210796,0.0032628457186570144,0.5778425809024225,0.2812376403389216,0.5781637573613951,0.0014025921907738711,385.83663746935343,1.0423592464610891,2.3961773041577743,1.3682130065247033,1.2653388207788983,0.5184463832805208,0.08911535854501929,0.001
122,0.2435636832988562,0.24356354014729678,0.0140018489124049,0.2295616912348919,0.28569702217035803,0.23078082024646038,0.0014315155940587052,385.7862796455262,1.0462777912045231,2.4011083792310437,1.3778705361203583,1.2239750870149437,0.31254618268023304,0.23542984167757247,0.001
123,0.2714917207428258,0.27149157629259857,0.010019932646239772,0.26147164364635883,0.28537148491048586,0.26252094627038947,0.0014445022721659405,385.77641043324576,1.0448677783826306,2.4065932379796524,1.378449241308728,1.2084546350261667,0.3084653656852505,0.26005587079386594,0.001
124,0.6225568422386866,0.6225566970789427,0.007252198820129257,0.6153044982588133,0.2814140515798502,0.6154331619301775,0.00145159743943023,385.80136477725125,1.035901038615737,2.4106938480336524,1.3657893284770364,1.2407214906573787,0.5483166153737685,0.021119483374912422,0.001
125,0.6289439450908316,0.6289438007087855,0.008936063704574445,0.6200077370042112,0.2787902483347376,0.620166795233448,0.001443820460993027,385.80762069150467,1.0378046489487396,2.413756254621166,1.3651376293860957,1.2446570455356323,0.5551971744293221,0.02402710657210716,0.001
126,0.23169514710268543,0.231695004577609,0.006490117151841267,0.22520488742576777,0.2779027847903824,0.22650813847517848,0.0014252507644827845,385.7863962722096,1.0495655675362636,2.4161284523828344,1.3757777641220907,1.2204929629449488,0.31223837015821226,0.2961899402175026,0.001
127,0.2568772054365922,0.25687706323359866,0.012177890122863076,0.24469917311073555,0.2773507334868658,0.2454490740338512,0.0014220299353680174,385.7897022521975,1.0566675077083105,2.4178814224204386,1.376224344094544,1.245545237721325,0.36079868427977424,0.141795359708208,0.001
128,0.492168640936203,0.4921684953998298,0.015147996158999125,0.4770204992408307,0.2833050403196068,0.47706251068256617,0.00145536373177796,385.77418765280174,1.0667762484303451,2.4225530927624286,1.38927714167532,1.2100651840083962,0.6051253160379693,0.008976011918105247,0.001
129,0.4771533472913312,0.4771531971971693,0.01358939358707311,0.46356380361009614,0.2873283082849055,0.4636151925293805,0.0015009416185908673,385.74410188518317,1.0656797990912192,2.4268336783307136,1.3894740079691317,1.2083452827439867,0.5940918472647222,0.0081352220288275,0.001
130,0.2311424947790357,0.23114233888135868,0.017705504887437717,0.213436833993921,0.2897245937884065,0.2141527452629699,0.0015589767701513608,385.69616852600626,1.0544112444814384,2.431210334826043,1.3781313102494996,1.2359344851280878,0.34608317115314774,0.1377939130184132,0.001
131,0.23132306044755374,0.23132289786549579,0.010427493775353678,0.22089540409014213,0.29483863400069277,0.22200613364383315,0.0016258205795208114,385.6540608397463,1.0448268699094845,2.437999674540672,1.3763307140748031,1.209060536772398,0.29901413818353245,0.24232658004070143,0.001
132,0.2456104190240976,0.24561025573566816,0.00995790963729641,0.2356523460983717,0.2942509892298596,0.23674100946868362,0.0016328842945648717,385.6480569933101,1.047459585629661,2.44184931422822,1.3781919103663627,1.200902977833672,0.29320304883410747,0.27274028160443253,0.001
133,0.5575431369288977,0.5575429731289677,0.012258917042516186,0.5452840560864516,0.2898020402946076,0.5455384507219889,0.0016379992990134293,385.6742077347815,1.0419681452554168,2.4451294396065846,1.3662142866403617,1.2420404900634545,0.5252637590173121,0.03001002148135208,0.001
134,0.4968033765479495,0.4968032143007341,0.003167995282294647,0.4936352190184394,0.2864877864903255,0.4939894123647374,0.0016224721535742248,385.6851359258587,1.0474653083794003,2.4471537210583847,1.3666432748705069,1.2524813526976004,0.5129287918828439,0.01653317930969944,0.001
135,0.2155699901947632,0.21556983117199066,0.01249807501397243,0.20307175615801823,0.28458055391888565,0.20370505532542899,0.0015902277252236832,385.6811734624868,1.0630082108752028,2.4482286927768584,1.3785895206624132,1.2326979170448746,0.3642653253345549,0.12918932396531002,0.001
136,0.23170761658913547,0.23170745765019274,0.012089588460989079,0.21961786918920365,0.28330199721292343,0.21984627530752518,0.001589389427245863,385.6842275592599,1.0660805678971967,2.450865140685531,1.3799302190373484,1.2298184938075651,0.3959646452886679,0.1113636551612165,0.001
137,0.2769272586138222,0.27692709725940223,0.00999174540485151,0.26693535185455075,0.2819157034155976,0.26796713298830616,0.001613544199712046,385.68396342571367,1.0578467341283382,2.4545520659099513,1.3706423742722453,1.2484476218186147,0.36401891602650044,0.2862555218275571,0.001
138,0.19023644615496998,0.19023628406421117,0.009612398454910187,0.180623885609301,0.28235414186399,0.18173199546619612,0.001620907588099571,385.66872111487595,1.060850165014703,2.4573043214526935,1.3743702698415636,1.2326811202370052,0.3054811716839833,0.2830867368916346,0.001
139,0.7357583045169486,0.7357581409110461,0.012145244431717205,0.7236128964793289,0.2874427275429624,0.7236604205607722,0.0016360590245393031,385.6782671324262,1.0718670048940213,2.4599958701547044,1.3913598704786514,1.1740605930260652,0.658537473518919,0.009080817511865045,0.001
140,1.0383582457353,1.0383580791013522,0.01181793389618925,1.0265401452051628,0.2902556363068519,1.026613159605664,0.0016663394783045218,385.6787210947236,1.0713720783629914,2.4627052561088054,1.3941176828131696,1.156687450152945,0.7213835724893458,0.007253286867800932,0.001
141,0.48214935173216783,0.4821491803308637,0.0065041460280471225,0.4756450343028165,0.29131788462261643,0.475793589964705,0.0017140130416320872,385.6218917444903,1.060476924030826,2.465767258172787,1.38416660957214,1.1739756732983964,0.45216686565235653,0.02007450457474719,0.001
142,0.8035262152309456,0.8035260377547829,0.007615844371989469,0.7959101933827933,0.2903720540211767,0.7960385804347213,0.0017747616266979974,385.63214920670094,1.0409026879160042,2.469116782435294,1.3625455495044836,1.2269178400377139,0.6098463641776504,0.021713579812714132,0.001
143,1.8508089927181155,1.850808812144436,0.00014353862989572815,1.8506652735145404,0.2900871635873786,1.8506724212348333,0.0018057367966003623,385.67761834261233,1.0344254582298087,2.4709125554004054,1.3542715953860023,1.2512741591158,0.8950399285653703,0.00026178784033975127,0.001
144,1.2802957675159063,1.2802955863737888,0.003502233844939878,1.2767933525288488,0.29065850572052954,1.2768504344826808,0.0018114211748334014,385.6466810459697,1.0393394088987336,2.471342526454019,1.3581130897160298,1.2468128521781279,0.7655607740167022,0.006893795436354507,0.001
145,0.19885577075588817,0.1988555915156198,0.007265784752333872,0.1915898067632859,0.2918072020993062,0.19287080126309283,0.0017924026837387765,385.5897146521913,1.054631903625089,2.470447918908794,1.3727379567675637,1.2172725187021725,0.31357510476327327,0.21326299821681302,0.001
146,0.9860771750640202,0.9860770004066989,0.01515742694158424,0.9709195734651145,0.2929118717484726,0.9709540441064399,0.0017465732130447634,385.6617369269255,1.0798993393115877,2.4683025191817762,1.3966634852821307,1.1698790588742758,0.7829054422328813,0.007985540126612345,0.001
147,1.7753328902628602,1.775332717240103,0.009689172072637106,1.7656435451674661,0.2929162715615012,1.7656950295404739,0.0017302275712622107,385.7486094209147,1.0921494693145632,2.46723296048426,1.4062686443958745,1.1584518672968844,1.0437551782167784,0.00449586081528759,0.001
148,1.3528183742278244,1.3528182001823144,0.005957760365059172,1.3468604398172552,0.29187117849402766,1.346922332172838,0.0017404550991646987,385.7272763130715,1.0923111233342808,2.4670892555572714,1.4030215792000376,1.1773287596826663,0.9614696938833344,0.003468713368638479,0.001
149,0.43602763158237784,0.43602745414006117,0.01834104216195558,0.4176864119781055,0.2899386458326477,0.4177555050222826,0.0017744231669840488,385.64934698901715,1.0816651380246491,2.4679392667086066,1.3884352298425966,1.2239548406560141,0.6004088175602811,0.009614482662123947,0.001
150,0.8725735492210892,0.8725733664987011,0.00171111910562012,0.8708622473930809,0.28720070384996405,0.8711978091366633,0.0018272238813302776,385.676952585887,1.0615287515834904,2.4699493551425826,1.364334905283023,1.2936017814096465,0.6594916432600009,0.1020519370214321,0.001
151,2.138961399047831,2.138961213694422,1.0756118139574401e-07,2.13896110613324,0.2859042329380918,2.138962675023176,0.001853534088931285,385.75011451973506,1.0537374625721894,2.4707654241619177,1.3545738097248,1.3229353506962014,1.0165763683731215,7.775114464478758e-06,0.001
152,1.6923966632470655,1.6923964774009554,6.1699616281605e-06,1.6923903074393272,0.2861114476855005,1.692430932348942,0.0018584611001629583,385.72799655458374,1.0568149946057002,2.47027312962455,1.3574527738731188,1.3152429380990946,0.9109766134918864,0.0004735614278010717,0.001
153,0.4319124765341752,0.43191229229401995,0.003966109373037945,0.427946182920982,0.2875188538132384,0.4283236156793032,0.0018424015522749862,385.6549256886654,1.0696277091490314,2.468695251470504,1.3715657934345673,1.275138593103902,0.476541987487522,0.24439637667929207,0.001
154,0.811078622611372,0.8110784422413986,0.01669171889192057,0.7943867233494779,0.2899743747703876,0.7944374407319997,0.0018036997338663197,385.69310200915254,1.0907858213957486,2.466222381620979,1.396167787756312,1.2030181998639582,0.7928816809845097,0.007426263788337364,0.001
155,1.7756268360514726,1.7756266568797587,0.01709249943099408,1.7585341574487645,0.2910670167018124,1.7585778837049204,0.001791717139276606,385.7770511926823,1.0993875843051764,2.465078407282297,1.40704619897783,1.1678655504412938,1.0707258098547194,0.006548074877117705,0.001
156,1.6730599301769615,1.673059749356809,0.007778011657692619,1.6652817376991165,0.2912308623055923,1.6653095695640097,0.0018082015262940268,385.759031604485,1.0965891465954385,2.4648698722941047,1.405576488042467,1.1640366881856112,1.0298299197162994,0.005029744513341234,0.001
157,0.6860323959775235,0.6860322108330815,0.014856086753573873,0.6711761240795077,0.2905829360386626,0.6712324889350715,0.0018514444203303504,385.66040751231895,1.0837472203996381,2.465576474786922,1.3931074937342196,1.1879799019887851,0.6991102211387971,0.007763452132063799,0.001
158,0.24138367120393267,0.2413834794112155,0.012184882025358381,0.22919859738585707,0.2891957364262709,0.23029836156526795,0.0019179271717526785,385.6161566620919,1.0622584421040318,2.4672252863717166,1.3710491710132717,1.2368820472915234,0.35229713013822406,0.1620109523615037,0.001
159,0.7788883764700362,0.7788881815992714,9.62526021946858e-05,0.7787919289970767,0.28853977660711033,0.7788021319024113,0.001948707647102877,385.6452362682119,1.0532496546120242,2.4678282211411684,1.362211804699003,1.253341726375065,0.6423727791074918,0.0002600212704727793,0.001
160,0.5629418949456466,0.5629417001115051,0.014991985723267317,0.5479497143882377,0.2884511114168697,0.5480543917218582,0.0019483414151395839,385.63544867123017,1.0552711175656713,2.4671431905496486,1.3647763496610632,1.2428841882481956,0.5421846565978122,0.037022619401686,0.001
161,0.1877127809778324,0.18771258908717606,0.006659834578870616,0.1810527545083054,0.2887392170837284,0.1816796958608127,0.00191890656327006,385.6186177210527,1.0672317294727054,2.465290446097068,1.3773714765704739,1.2101480065057104,0.3020141029561462,0.2340936002656432,0.001
162,0.18368123563202746,0.18368104355660783,0.007959590771196156,0.17572145278541168,0.2881309243119121,0.17630820475189468,0.0019207541963458283,385.6233579023989,1.0685755673254926,2.4646986877410457,1.3774511568513017,1.2138297161215605,0.3078514403323987,0.2110637250373812,0.001
163,0.4139903280180145,0.41399013288320075,0.010917280373297582,0.40307285250990316,0.2871845407148076,0.4033994267379019,0.0019513481376487994,385.63991755866425,1.0601111721562253,2.4657594026267113,1.366913276915382,1.2455286711085634,0.4765368872440724,0.03715025084617325,0.001
164,0.3823100810541934,0.38230988613218836,0.0014594149044989417,0.3808504712276894,0.2866400096555957,0.38145229878457443,0.001949220050161729,385.64438307183235,1.0625436997407998,2.465525577593196,1.367569048530418,1.2510268779923777,0.4655865424000491,0.045953321978913386,0.001
165,0.19828761749600224,0.19828742566402083,0.01118744037101854,0.18709998529300229,0.28670095909028825,0.18739161145100425,0.001918319814220093,385.63896350493746,1.0745492967051926,2.4642276514366115,1.3785663802215649,1.2297776323135257,0.35643731338779017,0.14297842296015692,0.001
166,0.20489425856592747,0.2048940669293508,0.01048577417965959,0.19440829274969115,0.2870888050735822,0.1947403701266861,0.0019163657666975574,385.6340903408095,1.075196200640994,2.4654560343977354,1.3796538804243197,1.2246617523159928,0.3783209495053797,0.06549263111885256,0.001
167,0.24144651768790742,0.24144632357927184,0.014169016257240152,0.22727730732203172,0.28728080161183733,0.22864516886714162,0.0019410863559406362,385.6255760913371,1.0657444568657395,2.468345846320742,1.3709769762758577,1.2400271345171137,0.34950430279978967,0.19434993768528153,0.001
168,0.1717249717514962,0.17172477818890414,0.008595050377208558,0.16312972781169555,0.28829637950207787,0.16474181179239175,0.0019356259207777555,385.61066854351407,1.0668165081296153,2.4700243485359765,1.3738390095241655,1.225416283768768,0.2855803617252069,0.33653532742424225,0.001
169,0.4496426950099859,0.4496425046424544,0.011089976116179874,0.4385525285262745,0.2901719807775629,0.43861521945196735,0.001903675314376222,385.6204083013401,1.0775451947018424,2.4710095735366853,1.3869512992963031,1.1868962653887944,0.5384064218959541,0.011013206955015217,0.001
170,0.5230142237323225,0.5230140336441786,0.012918914333322753,0.5100951193108558,0.2909089478643389,0.5101311370659319,0.001900881439367208,385.61712149539034,1.0776429894025221,2.4728410791303945,1.3879952691962552,1.180577445372537,0.5623121309940379,0.012022205377861911,0.001
171,0.19620052583418926,0.19620033352363153,0.006848467240616551,0.18935186628301495,0.29043840598078074,0.18986150742629662,0.0019231055773412996,385.587145458387,1.068295195537813,2.475409655991726,1.378028911075841,1.2040877094631173,0.3134653116668639,0.1675594343629247,0.001
172,1.2111781066023992,1.211177910055318,2.187028335699225e-07,1.2111776913524843,0.2887467570216838,1.2111777663296341,0.0019654708127947503,385.64096347228195,1.0509124284203393,2.4786812822445823,1.35799703125601,1.2590670349190354,0.7794422656754478,6.039157580053821e-07,0.001
173,2.492376912765212,2.4923767148708595,2.666985254571029e-15,2.4923767148708573,0.2877901048906515,2.492376714871104,0.001978943522457762,385.70528446171295,1.0450878126823262,2.4801650200679344,1.3501097807505704,1.2857466029602798,1.0787385001016447,1.9457085109674053e-13,0.001
174,1.9366129927302327,1.9366127957459742,1.109296425602092e-12,1.9366127957448651,0.28784911927734497,1.936612795818327,0.0019698425841553763,385.68118806122095,1.049382356420071,2.480157743131871,1.3532830931666109,1.2839009681316225,0.974204288526745,9.320937172252885e-11,0.001
175,0.44744810829055326,0.44744791420330615,0.0003882313167007121,0.44705968288660547,0.28886186292438043,0.44757558536897096,0.001940872471126309,385.60693629379125,1.0627769399441005,2.478956798311696,1.3664518010902837,1.2557438669590402,0.5086680205415602,0.03888847063638986,0.001
176,0.4407225144216298,0.4407223252439055,0.016344710710665393,0.4243776145332401,0.29056954499397586,0.42443471106164,0.0018917772433712516,385.6161339756989,1.0844522048598104,2.476625331800453,1.3886939002779946,1.2040963997263456,0.5954021620444853,0.009026320423296564,0.001
177,1.00840349648015,1.0084033094816651,0.015401693347796393,0.9930016161338688,0.2912103040754568,0.9930353530001726,0.0018699848495603048,385.67446274352204,1.0943995096994747,2.475715264597078,1.3984378017300088,1.1833927884074418,0.8468158040264613,0.007254251784185891,0.001
178,0.8697684189842989,0.8697682316990148,0.012429205547971691,0.8573390261510432,0.29075322680157645,0.8573774163375506,0.001872852840483524,385.66580763159067,1.093744417681166,2.475918900240794,1.3967398947633107,1.1907254956003925,0.8054797915818335,0.006969458150447296,0.001
179,0.31464231812188787,0.3146421283897808,0.01709845653639686,0.29754367185338393,0.2893159767445655,0.2976278159643108,0.001897321070739622,385.61406098676866,1.0835918934828823,2.4772696129441374,1.384865004554889,1.2231325109235818,0.5131180340424422,0.011313042357127328,0.001
180,0.6605225477266377,0.6605223537448132,0.0004210896751642109,0.6601012640696489,0.2871773851793029,0.6606151150663149,0.001939818245016341,385.6338661228619,1.0649082092885456,2.4796873932752135,1.364409306663792,1.275380030009416,0.6061344321949163,0.04311205455884681,0.001
181,1.5122957475977592,1.5122955518245578,5.343515856661461e-09,1.512295546481042,0.28629565752024816,1.5122957047868681,0.0019577320150902426,385.67870277721283,1.0573935537069374,2.480750203649227,1.3564914726677244,1.2937863000994063,0.8871933113863132,5.091917021719106e-07,0.001
182,1.0714513122487843,1.071451116683051,2.3028963931385013e-07,1.0714508863934116,0.2867003721027657,1.0714548617043473,0.001955657333885213,385.65253984904876,1.0598131770760943,2.480506867579778,1.35970816617512,1.2818196973592653,0.7630218883989437,2.3479623929524403e-05,0.001
183,0.2115132883595374,0.21151309493852982,0.010592117137259459,0.20092097780127036,0.28813106093709057,0.20185050162886273,0.0019342100755840863,385.5985112458268,1.0711757102252637,2.479247697904779,1.3728307732917178,1.243802379718742,0.327567121710671,0.335061416810452,0.001
184,0.8207734693490537,0.8207732804555404,0.016479463256331973,0.8042938171992083,0.2902162302886112,0.8043285196443459,0.00188893513281882,385.64896859264536,1.0903153836196104,2.4772534896002454,1.3949323958266249,1.1818289938675892,0.756743159383255,0.008659566670173853,0.001
185,1.7039226846828384,1.7039224977670921,0.017026361578722726,1.686896136188369,0.2908800174226628,1.6869159980559651,0.0018691574624991197,385.72505704447894,1.0983529922854078,2.4765056821480917,1.4044162185721047,1.154493869390375,1.0078722108372085,0.0077661733750633115,0.001
186,1.5392864079611868,1.5392862203200643,0.012190306701604916,1.5270959136184596,0.29060709156327064,1.5271467798542444,0.0018764112237838588,385.7098369480239,1.0963162559247792,2.476529748338855,1.402635899402072,1.1566646118130217,0.9606642934628539,0.005203577818814537,0.001
187,0.6059228585277229,0.6059226678874746,0.012970274962828729,0.592952392924646,0.28930571560590673,0.5930237426059901,0.001906402482360507,385.62865029414013,1.085304426870072,2.477329851704439,1.3907521686989681,1.1848242830622806,0.6490691395574538,0.008217942825052156,0.001
188,0.24692481454300066,0.24692461900295148,0.01327434136336678,0.23365027763958465,0.28699924781282204,0.23470753772946246,0.001955400491821052,385.6029054615815,1.066484126167518,2.4791689934932593,1.3698626225078387,1.2380290592037069,0.3646579946148833,0.14331665144107875,0.001
189,0.8066027231052336,0.8066025254003959,8.440937461548431e-08,0.8066024409910213,0.28584635244639667,0.8066029486177049,0.0019770483769020915,385.63899815030686,1.0588268072108447,2.4796776998566132,1.3611760911885895,1.260906279558716,0.6711634113417964,2.0348439314352405e-06,0.001
190,0.6208107980877208,0.6208106005710988,2.305373401112174e-06,0.6208082951976976,0.2857138046290306,0.6208154063626502,0.0019751662199238877,385.63236181103684,1.0611058048292852,2.478938742716587,1.363219841341624,1.2567688229228282,0.599057738295262,4.9085367056612917e-05,0.001
191,0.16585233879627673,0.16585214364998513,0.009746416157350415,0.15610572749263474,0.2864544594872685,0.15723087481385672,0.0019514629159178068,385.60665793031023,1.0722868408536819,2.476973193729746,1.3748539865822065,1.2286264610132624,0.2881537208791848,0.33852203321531327,0.001
192,0.9687639073143822,0.968763713861276,0.014477109956898944,0.9542866039043769,0.2923342109770158,0.9543217502855923,0.0019345310620092052,385.63887842844366,1.0853480905313302,2.477530294967578,1.3949230891534325,1.1630696739712063,0.7436742257179457,0.008460442410048553,0.001
193,1.838034761234713,1.8380345669210796,0.010135560709370389,1.8278990062117089,0.29648502573570656,1.827940513461376,0.0019431363348445846,385.68198542590875,1.0882469972721864,2.478716106871712,1.4026462165464293,1.1340468202018272,0.9411029140680726,0.005878700179994551,0.001
194,1.585376880012737,1.5853766822685222,0.014574105623877238,1.570802576644645,0.29925298736184336,1.5708360789829263,0.001977442148008567,385.6400680250877,1.0819550582937467,2.4803215864966184,1.399339678625563,1.1350484282916682,0.8388681013551528,0.006805865739288228,0.001
195,0.5851709835484836,0.5851707798143114,0.012975216749846467,0.572195563064465,0.30095943441052186,0.5722899923483715,0.0020373417219325353,385.55018562767305,1.0676374426727837,2.4821944672114804,1.3861800074723645,1.1638820633265483,0.4677232838787415,0.01337280412969298,0.001
196,0.7910301450414583,0.7910299333779277,0.007201059778144837,0.7838288735997828,0.3011556189943878,0.783966068881289,0.0021166353056036435,385.54706002159105,1.0466935709881582,2.4842712442941552,1.3639101845477413,1.2220749155221755,0.5926265333137143,0.02189026134244111,0.001
197,2.3074964872953827,2.307496271257748,3.387538323131977e-07,2.3074959325039157,0.3012858183138967,2.3074959869005527,0.0021603763479708304,385.61211193122057,1.0375441583252325,2.484877495982944,1.3530272813192452,1.2572008027854158,0.9781632953354256,5.917932371605718e-07,0.001
198,2.4292862384760703,2.4292860211593648,1.2152410029865514e-10,2.4292860210378406,0.30158281349335136,2.429286021127779,0.002173167056418995,385.61895517631643,1.0385623982523031,2.484226260475348,1.3525012278772872,1.2679574296561875,1.017580324431384,2.739064144356364e-10,0.001
199,1.0896414770649305,1.0896412612904471,4.807420726009052e-06,1.089636453869721,0.3020254638061219,1.0896494496189355,0.0021577448350182916,385.563780782122,1.048599556765046,2.482345125426014,1.3612607317301397,1.2556612613234588,0.717851643446515,0.00011005956041933699,0.001
200,0.17947116077540895,0.17947094927744928,0.02030915595736355,0.15916179332008576,0.3024395686209883,0.16012299056556484,0.0021149795966046736,385.53028675430556,1.066786512376841,2.479224438555568,1.3783076862056605,1.2227870039957056,0.2981433166695667,0.3293146814089043,0.001
201,0.5341900537545453,0.5341898488834493,0.015821987692371444,0.5183678611910778,0.30095314153448477,0.5184233502029931,0.0020487109602777913,385.5627509454096,1.0785135417708438,2.480835459668487,1.3907835785369542,1.185214688993888,0.599562687825982,0.006928664703465297,0.001
202,0.6608988692993335,0.6608986675885683,0.01677748099575597,0.6441211865928124,0.29903756669682047,0.6441771602936961,0.0020171076522140508,385.57358160827914,1.0802233083074968,2.4830453323019794,1.3922993164478912,1.177356298735999,0.6500556351861236,0.007530394930553567,0.001
203,0.29124174824313853,0.29124154701354743,0.013605603415446558,0.2776359435981009,0.2963457114587558,0.27769714240048193,0.0020122959108358654,385.5440387463526,1.0729086825209082,2.4856915370591945,1.3837748071343272,1.195897012586285,0.44066017499638105,0.011982741565590005,0.001
204,0.43898650109638154,0.4389862984666151,0.012523142259369978,0.4264631562072452,0.292503821088367,0.4266121077527022,0.002026297664492214,385.5596610135947,1.0576580493947487,2.4888772332826656,1.3660240071984124,1.2401507767212503,0.4926988528512101,0.03789662399504357,0.001
205,0.9990776565868881,0.9990774551268835,2.3008556251219604e-08,0.9990774321183273,0.28928597701876696,0.9990774600202432,0.002014600046032676,385.6031385386337,1.0531558934172,2.490553338394371,1.3592119933763371,1.2601309204803175,0.7317956685318605,1.1176596051649978e-07,0.001
206,0.6253419985685615,0.625341800017197,2.0193137452959885e-06,0.6253397807034515,0.28730061697857046,0.6253416617844603,0.001985513645962001,385.596123115515,1.0580487534785648,2.4907792001906843,1.3626466483775725,1.2544128947916409,0.6045722560835866,1.3151753132195598e-05,0.001
207,0.16009137095675072,0.160091176677679,0.00912376398564823,0.1509674126920308,0.28668609385040844,0.1515673104425128,0.0019427907171326554,385.5747903796163,1.071408183603913,2.4899429716115224,1.375459730951896,1.224886865510098,0.3034596680071649,0.25818608265963106,0.001
208,0.2156271870677619,0.21562699228596158,0.007588528983175103,0.20803846330278652,0.28907925440132887,0.2081468169709728,0.0019478180031599222,385.562110254213,1.0740717015895316,2.491180034868597,1.3804282524020912,1.2080570923363878,0.4053228537665281,0.018426867278620397,0.001
209,0.15013989363528418,0.15013969648502867,0.008504926467772468,0.1416347700172562,0.29029212830761053,0.14247421808216673,0.0019715025550726224,385.54519423605456,1.0677422893474369,2.493289404650721,1.3750954031852678,1.219233039176068,0.27988922941145267,0.34641342427751604,0.001
210,0.6108138426544777,0.610813638554182,0.0009608039999944808,0.6098528345541876,0.29487072231467854,0.6099084157025003,0.0020410029561121713,385.53683810877743,1.0532578439911227,2.4973143495817847,1.3635217440294933,1.2448052746123943,0.5801109663475084,0.0030091329357432553,0.001
211,0.75699957479036,0.756999366208498,0.0007030768174757291,0.7562962893910223,0.2999080094155241,0.7563350717809588,0.0020858186197007804,385.51230081541325,1.049282103566317,2.499917108690541,1.3626531699306714,1.2447238337460071,0.6241443683737413,0.0018808946156126205,0.001
212,0.24337208949490666,0.2433718788785432,0.010223532021124868,0.23314834685741828,0.3050542776169211,0.23368231485770663,0.002106163634664686,385.46046532021916,1.0547481665195595,2.5011779191571835,1.3712945787650823,1.2218775017276755,0.36230314720571516,0.12161259702564592,0.001
213,0.431676194914143,0.43167598502354015,0.01937256936965428,0.4123034156538859,0.30964029686779415,0.4123254352772646,0.0020989060287,385.46124344022184,1.0689127340811662,2.501396741199713,1.3881911249323216,1.180911366366367,0.5087361301453757,0.009204225423778852,0.001
214,0.6539203540721127,0.6539201429856221,0.016448730776598152,0.6374714122090238,0.3124462778701225,0.6375091132910705,0.0021108649062703843,385.4725150281538,1.073179892021717,2.5022131256785594,1.3931986669906151,1.1733512257503436,0.6347329605740789,0.007377897943258331,0.001
215,0.34003234671273674,0.34003213242408287,0.016692618072187394,0.3233395143518954,0.31398053926478786,0.32339753458891657,0.002142886538779728,385.43998831191607,1.0683734368093016,2.5036089880393546,1.3876752670851766,1.194405161032936,0.4836382533233113,0.007035912892835099,0.001
216,0.32125848803424945,0.3212582693786082,0.023539782989056155,0.297718486389552,0.3138298300443552,0.29807568291373315,0.0021865564126594883,385.42749064493165,1.0552299220858397,2.505673978805347,1.3726607205956147,1.2397675605918785,0.41937907669273683,0.06765697562175668,0.001
217,0.6075799385190175,0.6075797188257778,0.01450406253846906,0.5930756562873087,0.3134401833654187,0.5933027569469446,0.002196932396599392,385.44432148050447,1.0523475289215565,2.506627009929915,1.3682625842341456,1.2579836887492684,0.5592267652030624,0.044876253170372596,0.001
218,0.30972584865805297,0.3097256302939734,0.014844770453484072,0.29488085984048934,0.31350144702220234,0.295363343020638,0.002183640795990115,385.4328447267884,1.0584378645086958,2.5068179617843955,1.3738783945311235,1.247254445033274,0.4287869534516662,0.05184443972961052,0.001
219,0.35374415672619025,0.35374394167536855,0.010231525980637132,0.3435124156947314,0.3142450681155867,0.34359664572087106,0.0021505082171398462,385.4460219648397,1.0723872636868708,2.5064057858337163,1.3887770172166223,1.2085418509639951,0.5275176304100322,0.0058592076666824575,0.001
220,0.5210941257519303,0.5210939117569394,0.015751289253522725,0.5053426225034167,0.31408195889532825,0.5053624198317966,0.002139949908157787,385.46072535078395,1.075879453266015,2.5069342299978006,1.3926190867938755,1.197504731968376,0.6286660939118066,0.007394026340289316,0.001
221,0.2850951126257985,0.28509489802205756,0.01887814926430132,0.26621674875775625,0.3126129453058387,0.2662954215654245,0.0021460374096289305,385.4351624548618,1.06997452321667,2.508308461872848,1.386281171503335,1.2109478522180863,0.46954555910769136,0.00949231448611051,0.001
222,0.3308858513925847,0.3308856349313169,0.009948534004018579,0.3209371009272983,0.3097398622096494,0.321237446279182,0.002164612677790658,385.43131195453947,1.0555689310613359,2.5105970057035227,1.3708204581988204,1.2457494488909369,0.4357964045660907,0.0537816983503103,0.001
223,0.5209356939044424,0.5209354779711743,0.0018109113397320712,0.5191245666314424,0.30751523992417185,0.5194059700613922,0.002159332680299022,385.4431891754116,1.051267182485011,2.5118639492633577,1.3665073820824725,1.2497513348444045,0.528876686615968,0.0840911149893285,0.001
224,0.19298236946417016,0.1929821558719559,0.013389328840086593,0.17959282703186932,0.3062420647959462,0.18050694639906834,0.00213592214262367,385.42736359983655,1.0561742013966862,2.51226812241318,1.3722761183543875,1.2272267437499715,0.330610844904931,0.11744036510247988,0.001
225,0.40568763476412734,0.4056874253438611,0.017784497399471935,0.38790292794438913,0.30567334505101146,0.38795652243810325,0.002094202662291814,385.4474568077956,1.069486291310335,2.5119163570420637,1.3870667174213027,1.1824983930350683,0.5124997127602601,0.009205795760723438,0.001
226,0.5963015699977006,0.5963013628975501,0.017314820956464357,0.5789865419410858,0.30364377491137734,0.5790199589334775,0.0020710015045326746,385.47087861135185,1.073050276413603,2.512140629807142,1.3901228122416023,1.1721767060113115,0.6040564682329002,0.009365460296079564,0.001
227,0.2645727488713647,0.2645725422930752,0.009850223050881953,0.25472231924219324,0.3004101083653968,0.2548088875050077,0.002065782895210552,385.45652874833024,1.0678046711748166,2.5128174964546064,1.382648243802698,1.1921190702749087,0.4244552597948596,0.0146001419170173,0.001
228,0.40265797027337513,0.4026577631683923,0.0011149466885466057,0.40154281647984574,0.29548036684045353,0.40163931067697134,0.002071049828449894,385.48700199853215,1.0547743163474521,2.5139532709959536,1.3654382254904012,1.2417779381767147,0.4961005465583759,0.004768392236060573,0.001
229,0.8810689864954551,0.8810687804414707,5.333318461700751e-10,0.8810687799081388,0.2921179648429096,0.8810688049093998,0.002060539843100799,385.53341818118184,1.052060420469783,2.513967922483475,1.3596030516881439,1.2635016723099666,0.7098609874468511,5.844252542436936e-08,0.001
230,0.4620713569845799,0.4620711528779879,8.740506553173635e-07,0.46207027882733254,0.2907710814648975,0.46209629033423105,0.002041065920383341,385.52303500578455,1.058385891707979,2.513255196269752,1.3643432739571895,1.2560496552171776,0.5422831395898818,0.00020566361078238563,0.001
231,0.18198483619162403,0.18198463471824713,0.009945695926933926,0.17203893879131318,0.29141785436793055,0.17226334966242435,0.0020147337688785558,385.5058035176216,1.0727988870649865,2.5120402740774286,1.3787387696081126,1.221575351546534,0.38737989937180517,0.027809252482116065,0.001
232,0.2623829674287642,0.2623827660408056,0.009530143242896236,0.2528526227979094,0.2917368487985847,0.2529210321641391,0.0020138795856644025,385.5124451436918,1.0766169785155202,2.511828996763266,1.382710219678001,1.211161267437177,0.48078544985051974,0.015432816659977613,0.001
233,0.16180493920341138,0.16180473607991896,0.010483566152334105,0.15132116992758485,0.29112912127900337,0.15181107362154372,0.0020312349242695626,385.5047614355167,1.071117224953206,2.512516064171727,1.376781148927289,1.2254130589046026,0.34399351734255357,0.10603670400203508,0.001
234,0.4950658030608896,0.4950655949256823,8.810497846937663e-07,0.4950647138758977,0.2917777929108501,0.4950698351607393,0.002081352073033175,385.5153993872632,1.0567220254122252,2.5144907880219636,1.3636812842064825,1.2515120129231503,0.5553180362610179,2.8781637294710352e-05,0.001
235,0.6527865257506275,0.6527863142318613,5.44347839847403e-06,0.6527808707534629,0.29401219632811953,0.6527827872616497,0.0021151876613304337,385.50656306571716,1.052578863555976,2.515514419373226,1.3618452564844925,1.24853714616907,0.6137174535607387,2.3131836402889357e-05,0.001
236,0.20378858877588277,0.2037883756957236,0.008508007153801258,0.19528036854192238,0.29728483396718,0.19645361662997998,0.0021308015914930077,385.4635164619374,1.0577185304816794,2.5153624473299807,1.3698657398908303,1.2215544616796672,0.3473647129220749,0.07735831164664377,0.001
237,0.4429055030352781,0.4429052904883013,0.012346278322052413,0.43055901216624887,0.3010304628505393,0.4306203658401953,0.0021254697680853536,385.46628323796364,1.0715751014760282,2.5142120130400305,1.3863832531453149,1.1777171713682024,0.5204137245858709,0.0121957700323,0.001
238,0.684093976070933,0.6840937624032377,0.016067200899320122,0.6680265615039176,0.30282857350615017,0.6680962084150044,0.0021366769535177896,385.4806491439123,1.075701012895701,2.513637083431569,1.391079725237947,1.167613372068614,0.6367092927735005,0.008171836679840595,0.001
239,0.3506557317491744,0.35065551505657033,0.01497996486904839,0.335675550187522,0.30327449056034644,0.33574837973589183,0.0021669260408660514,385.45214358067966,1.070970036395867,2.513830539691936,1.385369182578003,1.1860067104370262,0.4832633118779694,0.010667007562949912,0.001
240,0.2192243740225343,0.21922415265887737,0.013763189095858603,0.2054609635630187,0.30247373994868726,0.2062455469371433,0.0022136365693363976,385.44391759690836,1.058317228738771,2.5147338987195123,1.3703632794248035,1.2306399382038105,0.35254972120517936,0.14468301189109206,0.001
241,0.4245738758274611,0.42457365245871226,0.0002472513503213776,0.42432640110839087,0.3024764888940481,0.4247470308416989,0.0022336874885795195,385.4580908311339,1.055701659405638,2.514727976133552,1.3663603032429212,1.246678300120479,0.5019762642737317,0.018637000990836396,0.001
242,0.19317019831187618,0.19316997531921454,0.014063439587172877,0.17910653573204166,0.3032017221210773,0.1804677900595985,0.002229926616370226,385.4459246815986,1.0620459617349256,2.5139035763030884,1.3721832811612784,1.236290333685421,0.33016393136875605,0.1860075786372405,0.001
243,0.32694802431382003,0.3269478043811024,0.01627569672344622,0.3106721076576561,0.304139546292503,0.31075775432537955,0.002199327176452106,385.46250190222594,1.0764038622129246,2.5123698425044645,1.3866669023292417,1.202327024458801,0.5201602125394695,0.007914332533971882,0.001
244,0.4734783754121871,0.473478156029038,0.016658461079924716,0.4568196949491133,0.3041938303626195,0.4568738018094917,0.0021938314916566328,385.48015161136146,1.080564334884215,2.5118618852462498,1.390298062702249,1.1956683846544855,0.6149693982080174,0.007735979633123166,0.001
245,0.2560783889079372,0.2560781674742508,0.01961636139227267,0.2364618060819781,0.3037861968901863,0.23652185919864444,0.0022143368645100273,385.4604657217471,1.0755187947548235,2.512368489872249,1.3843003691330862,1.2133096754582993,0.4645894181355953,0.010281278854727755,0.001
246,0.3051564269529362,0.3051562012761182,0.002310884139778821,0.30284531713633933,0.3029425550632716,0.30338024361017024,0.00225676818029326,385.46067641910463,1.0621350723707177,2.5138968227048877,1.3697982670632853,1.251849335457466,0.4287502335283369,0.08328779885167627,0.001
247,0.4911069367069578,0.4911067095832211,0.0011438733184396459,0.4899628362647815,0.3029083813253316,0.49030725939601666,0.0022712373670394975,385.4683265680121,1.0584496157889192,2.5145053021052597,1.366312114963431,1.2587351940711153,0.5309547990722542,0.08316328371116238,0.001
248,0.1912289451588029,0.19122871907094136,0.010817167505084758,0.1804115515658566,0.3035695320942879,0.18182463394134285,0.0022608786153216977,385.44691467179575,1.0635911673709983,2.5142110271936673,1.3725997604069513,1.2384269515534538,0.33289614417808955,0.19211242737225842,0.001
249,0.3607585945616463,0.3607583725047166,0.017029694964840254,0.34372867753987624,0.3041602361767955,0.3437842772509501,0.002220569296971621,385.4618377887334,1.0767906737424928,2.5132142434897187,1.387290454340572,1.196315341821864,0.5340405085496364,0.008634726939355743,0.001
250,0.5613693429607705,0.5613691221592864,0.01798648995627719,0.5433826322030092,0.3039785968517276,0.5434302855677217,0.0022080148404924837,385.4791171462975,1.0800387545554981,2.513260455974117,1.3911415953502133,1.1832126749030971,0.6346899246536407,0.008044826641140899,0.001
251,0.2991777609294216,0.2991775389807605,0.018064667478607424,0.28111287150215314,0.3028205105824706,0.2811571217361564,0.00221948661120809,385.4566965875679,1.0744580638659165,2.514167519810795,1.3850128231020293,1.1970403157696499,0.479513732905527,0.010969719640942866,0.001
252,0.2264340631861551,0.22643383808530845,0.01404721222636108,0.21238662585894733,0.30074140395155324,0.21311350477033802,0.0022510084665535502,385.4540595997536,1.0609290812633536,2.515849106555722,1.369981961677425,1.2347993409442068,0.36055129623503474,0.15104111660666789,0.001
253,0.4254684378678887,0.4254682124428554,6.502979711604069e-05,0.42540318264573934,0.29936234059745104,0.425510038185252,0.0022542503329654475,385.47129218356827,1.0574915647128118,2.5164100143704182,1.3656335630530345,1.2459142295291976,0.5102909905300119,0.0016955226593634736,0.001
254,0.18392917504818196,0.18392895153629157,0.014051114959005863,0.1698778365772857,0.2989147154666083,0.17131723400778123,0.00223511890397325,385.46036084672863,1.06305457297027,2.5160514728289596,1.3710242582166434,1.231943265110119,0.3214367282112441,0.22071655910288107,0.001
255,0.33121431069365476,0.3312140910990723,0.013756080015120726,0.3174580110839516,0.2994701270793697,0.317531653236396,0.00219594582440544,385.4733173924109,1.0765999646094606,2.5149382070970474,1.385365243340175,1.1942388186968325,0.5049494445437595,0.011253470476361507,0.001
256,0.4863353541579698,0.4863351359393255,0.015227971784237961,0.47110716415508747,0.2989746665672241,0.4711828432524936,0.0021821864432164583,385.49038536896967,1.0803417825679313,2.514791484879896,1.3887768365387108,1.1857399073880366,0.5957638529483444,0.00909266771673049,0.001
257,0.2357553780499014,0.23575515886371665,0.009918842026125464,0.22583631683759117,0.2975574657728283,0.22590611059272445,0.0021918618476996195,385.47392186690377,1.0752454122157449,2.5155077599722246,1.38235616261188,1.203192377554412,0.4392652617839802,0.014953949915346492,0.001
258,0.2998637308252819,0.29986350867152395,0.00031319122587191903,0.299550317445652,0.29530263832874776,0.29990971123884813,0.0022215375794197483,385.48599555192874,1.0621711601537476,2.517007431729581,1.3672022175760776,1.2437185760050502,0.4419057187475284,0.008590464133258525,0.001
259,0.57849873874432,0.5784985159553756,1.4809053501267956e-07,0.5784983678648405,0.2942508768551292,0.578501813601988,0.002227889444179634,385.50696069641026,1.0590271710957815,2.517548767906643,1.36293222748676,1.2564531525055833,0.5962004323277026,1.864461764218439e-05,0.001
260,0.24325197750374303,0.243251756048474,0.0007268257045184431,0.24252493034395559,0.2943934981869648,0.2435840181368629,0.0022145526902675136,385.48929191776693,1.0647325082721246,2.516951319997236,1.368480431030949,1.2431315269785475,0.39824403827852883,0.0554970021865905,0.001
261,0.2518476410394577,0.25184742274606914,0.010811349530483218,0.2410360732155859,0.29563792479500983,0.24109897020595988,0.0021829338857140006,385.4877536097032,1.078366463234473,2.515680080290745,1.382910061546015,1.206401332939815,0.46504319593673354,0.015129316283381692,0.001
262,0.37892428688360824,0.37892406934336587,0.014741623815614781,0.36418244552775103,0.29580008946390746,0.36422588830866504,0.0021754024236842672,385.4999672047192,1.0821569333592889,2.515398071557425,1.3865658061850927,1.19782611236218,0.5561214117593555,0.012429498908599726,0.001
263,0.19472311611602436,0.19472289710297735,0.009747328484737352,0.18497556861824,0.294997767575143,0.18507689229024876,0.0021901304700751574,385.48646101230065,1.0771112971148686,2.5160262355880394,1.3805063131356476,1.2145743353533447,0.4106721435114899,0.017525799494889086,0.001
264,0.36558921466777594,0.3655889920748072,2.5698792703059186e-05,0.3655632932821042,0.2936308915969365,0.36577335509310427,0.0022259296874182393,385.50131516733416,1.0639671781777098,2.517594268240566,1.3660512773923446,1.2521323494087029,0.48905703794037264,0.004036851360604726,0.001
265,0.6211736964212891,0.6211734725179997,1.4579996420220934e-07,0.6211733267180355,0.29353544532846065,0.6211770273419346,0.002239032893520908,385.5144590086179,1.060577843426127,2.5181971652497315,1.3624632532373797,1.260829702562934,0.6175187758520196,2.0572562815759637e-05,0.001
266,0.2417187810640225,0.24171855787890914,0.0006888906002711747,0.241029667278638,0.2945604226767159,0.2420358809010164,0.002231851133682599,385.4880183837213,1.0659528179963849,2.517722162818809,1.3685813613928604,1.2435918050769694,0.3970296755034169,0.06671218563429833,0.001
267,0.2639413225433654,0.2639411020638069,0.010935531447260168,0.25300557061654677,0.2965179715902311,0.25306617128416237,0.0022047955848380064,385.4829056825945,1.0791866934681669,2.516504653459796,1.3834273334929983,1.2035343715677933,0.47216804834320586,0.013959952681305135,0.001
268,0.42435313496454996,0.42435291475564885,0.014893016964127679,0.40945989779152114,0.29739344938314405,0.40951457848901673,0.002202089011145128,385.4930145674605,1.0826303488207976,2.5162629437343593,1.3875857387397537,1.1913786754542088,0.5725174852584075,0.010802015828215961,0.001
269,0.22268289271200759,0.22268267054263507,0.010575693748922902,0.21210697679371218,0.29717192180614227,0.21216708727179737,0.0022216937250798515,385.47443943530675,1.0774243597407862,2.5169201349785357,1.3819511634029409,1.2056310297572779,0.4309232784945901,0.015823943052429464,0.001
270,0.2856521735135833,0.2856519474088585,0.0004830683925333689,0.2851688790163252,0.29601644034466923,0.2857341747269169,0.00226104724769914,385.4808534458975,1.0644197636366663,2.5184365737689283,1.3676225293749995,1.2433117472055988,0.43141362155029694,0.02274092778919977,0.001
271,0.5177822380364419,0.5177820105566191,1.4068810127577243e-06,0.5177806036756064,0.2958832987308129,0.5178002510585294,0.002274798227720175,385.49383031008665,1.0611925009212355,2.518881182905265,1.3639342303190178,1.2536076625322479,0.5660356494009025,0.00016872000579027554,0.001
272,0.20936482912790721,0.20936460253126413,0.005922130875480228,0.2034424716557839,0.29668662366821785,0.20450839340203245,0.0022659664309414716,385.473489900615,1.066706019589453,2.5183831595996358,1.3697915039265334,1.2387573683497026,0.3584741872087746,0.14828558062692923,0.001
273,0.27173502621672696,0.2717348028893535,0.013722684172936912,0.25801211871641655,0.2979888538101362,0.2580679332124878,0.002233273734752064,385.4771414569176,1.0802246614784456,2.5169539727595764,1.3839815507706197,1.2036717184420762,0.4785236128251595,0.012717996411982973,0.001
274,0.40617938543454335,0.40617916286955197,0.01643694557391735,0.3897422172956347,0.29826883719553476,0.38980977641595554,0.0022256499138336113,385.4896484197577,1.0839541297875364,2.5166903101851266,1.3876417395561411,1.1951659711837912,0.5705885174397525,0.009822738530104633,0.001
275,0.21154362928500342,0.21154340511837652,0.01183591186564006,0.19970749325273646,0.2976874775528992,0.19977558975958076,0.002241666268867412,385.4730807990447,1.0788961665393546,2.5174871316972203,1.3818188167011431,1.2107172063896632,0.42703819485479255,0.014567370971116747,0.001
276,0.2974705413467549,0.2974703135436508,0.00035885105691059184,0.2971114624867402,0.29637198856553854,0.29771433446692824,0.0022780310408884595,385.4804106959827,1.065856621692416,2.5192962190159234,1.36763195090682,1.2467728424623241,0.4398485222135711,0.04452836362572457,0.001
277,0.5151584953856508,0.5151582665200972,2.7502194194498395e-06,0.5151555163006778,0.29608108746637185,0.5151898341680591,0.002288655536563506,385.49182293312117,1.062427779426425,2.5199801374614723,1.3640481065453498,1.254666258851421,0.5653540426383488,0.00035240031113625326,0.001
278,0.20364490429938922,0.2036446766112821,0.00783233244750614,0.19581234416377594,0.2967395436365818,0.19688484528490502,0.00227688107128809,385.47035699010127,1.0676759707030958,2.5196974167445028,1.3699483395627425,1.2375583229642044,0.35137131725163556,0.1621076299586044,0.001
279,0.27777275463429835,0.27777253050460754,0.012107105433289468,0.26566542507131813,0.29787854330299723,0.2657405109018557,0.0022412969078966353,385.47452464154486,1.0809392883847875,2.5184973856114623,1.3840757706058209,1.2011534160357407,0.4809190672461693,0.012539386021712935,0.001
280,0.4128125732444135,0.4128123502090138,0.01459936864594201,0.3982129815630717,0.2978465203313529,0.3982804509833634,0.0022303539970954665,385.4878827593514,1.0846149165092691,2.5183785600998174,1.387578164549291,1.192751062490865,0.5706809616770191,0.009697244272859697,0.001
281,0.20763410390490017,0.20763387959717627,0.010113984010248604,0.19751989558692767,0.2968795682204241,0.19760136993850447,0.002243077238946128,385.47298612875494,1.0796904946057626,2.5191867928581444,1.3815336517978631,1.209754650561152,0.42411214972018124,0.015238603525406229,0.001
282,0.3108872421111766,0.3108870144998618,0.00017356714772128408,0.31071344735214046,0.29515582859210715,0.31124632662459145,0.0022761131478061976,385.4847879472791,1.0668752710671825,2.5208864291308988,1.3671248571529118,1.2478706750157351,0.4524144696183698,0.02452137048900533,0.001
283,0.5561739781921742,0.5561737497010931,9.218728634920234e-07,0.5561728278282295,0.2945884065714507,0.5561888695805743,0.00228491081096985,385.5002207476797,1.063598153983077,2.52147726044099,1.3633190639062107,1.2578282961834601,0.5881538192610031,0.0001299431581038873,0.001
284,0.22496022030997745,0.2249599930263643,0.0012108397400551274,0.22374915328630918,0.2951130131493524,0.22467430464100793,0.0022728361315903396,385.4792113430518,1.0689013547843589,2.521175124047813,1.3690275142830008,1.2422687683405287,0.3819754710122468,0.10152271175207167,0.001
285,0.25767731807870353,0.2576770940136537,0.01103587078607715,0.24664122322757653,0.29657808552519177,0.2466959808571815,0.0022406504984258677,385.4771460818263,1.0818742287518455,2.5200198062689085,1.3833116753625267,1.203944130780075,0.46966506303988437,0.01417650201985157,0.001
286,0.4027527662290371,0.4027525428745616,0.013460171950660089,0.3892923709239015,0.2970348892704367,0.3893628365619946,0.0022335447550224834,385.48778165569786,1.0852345102218295,2.5199251403252427,1.3871650572299916,1.192715886473371,0.5645384386620288,0.010535604130158735,0.001
287,0.21021213696715027,0.21021191202696166,0.009335803288641684,0.20087610873832,0.2964800166446305,0.20095817788184672,0.0022494018861477258,385.47128945600923,1.0800918554619046,2.520732041919392,1.381470725204835,1.2071811982377743,0.4242646374812181,0.016122983668844182,0.001
288,0.29142497694100067,0.2914247483824767,0.00019958064578805087,0.29122516773668866,0.29508086545030104,0.2917300581380941,0.0022855852401433346,385.48036494733117,1.0672752954844342,2.5223350533098685,1.367289921691803,1.2446023722972996,0.4393191722560548,0.018738701711358427,0.001
289,0.5227884679468324,0.5227882382062107,8.964503370419977e-07,0.5227873417558737,0.2948225468836647,0.522802983561426,0.0022974062179374924,385.4937146662969,1.064006545531552,2.5228671600128734,1.3636218979389,1.2545860045214607,0.5720057767513231,0.00012514019325569504,0.001
290,0.21049187495947966,0.21049164617666455,0.003353291398219365,0.20713835477844522,0.29560470020261953,0.20818433314850465,0.002287828151134192,385.47268099007965,1.069303776133993,2.522502397888343,1.3693828154811614,1.2395386952588836,0.3663915143596405,0.12384440976385537,0.001
291,0.2601965148422517,0.2601962891986145,0.011367939335106797,0.24882834986350771,0.2971083388911205,0.24888593411860188,0.002256436372162545,385.47286399142155,1.0823781535805528,2.5212443400667124,1.3834818147395236,1.2035486150792332,0.4719919243141742,0.013706597292114611,0.001
292,0.39630267635257693,0.3963024513497872,0.014431451619941534,0.3818709997298457,0.29758423523150224,0.38194145883616654,0.00225002789733013,385.4837130708581,1.0858707142460442,2.52106881405433,1.3872126347236695,1.1941691130881122,0.5642529062174799,0.01022472931794268,0.001
293,0.20735636975594346,0.2073561429922547,0.010121331434443003,0.1972348115578117,0.29722710688444465,0.19731860776938287,0.0022676368877193485,385.46682364431274,1.0808062828055343,2.521857102784345,1.3815875105436746,1.2093078410960638,0.4251724145517326,0.01517408019145579,0.001
294,0.2846483290801325,0.28464809856540746,0.0003293083494010025,0.2843187902160064,0.2960453932510241,0.28493946871601344,0.0023051472505148892,385.47383480963674,1.0679703533306215,2.5235674657560017,1.367635462299781,1.2456128761295602,0.43365353506798876,0.042783196843624485,0.001
295,0.4957409905875919,0.49574075883276053,3.2170515875732345e-06,0.4957375417811731,0.29594302544665446,0.4957784661634624,0.0023175483137717816,385.48445273733165,1.0645756387247614,2.5242073364092974,1.3641371452629785,1.2540735680896198,0.558318969120846,0.00044323483855695877,0.001
296,0.1964449176733031,0.1964446868817203,0.006383207874453043,0.19006147900726725,0.2968192315265116,0.19117827549083663,0.0023079158282388657,385.46267034920476,1.0697012492419282,2.52392507837415,1.3699943242816592,1.237646783070728,0.34869097466923976,0.1648076696834831,0.001
297,0.27223939916786805,0.27223917168595085,0.012110807910022425,0.2601283637759284,0.29821911399915174,0.260203442351444,0.0022748191719846682,385.4654614775706,1.0826638622762697,2.5227495098306765,1.3839907408235945,1.2016903661707632,0.4800216700571153,0.012599820103841192,0.001
298,0.40794518316608025,0.4079449565759862,0.014809664853132204,0.393135291722854,0.29843258209254764,0.3932053189734494,0.002265900941029666,385.4775421426878,1.0861604742601376,2.5226483851289028,1.3875568639675722,1.1929197659997792,0.5701856570366678,0.009604009455662286,0.001
299,0.20879518475059602,0.20879495673738974,0.010518038258043318,0.1982769184793464,0.29766074534129994,0.19836003746037922,0.0022801320627853076,385.46194259417973,1.0811984495836677,2.523471077967854,1.3817140629641058,1.2091505013938342,0.4275006893496066,0.015065916459981375,0.001
300,0.28658758099362774,0.28658734959471077,0.00031949931330702697,0.2862678502814037,0.2960336143825024,0.2868881312013911,0.0023139891697003243,385.4715252134415,1.0684954856467441,2.525166259525292,1.3675710845504156,1.2465046745908794,0.4361731304939768,0.044953127381101535,0.001
301,0.5096799914633635,0.5096797591264868,2.4543016747178755e-06,0.509677304824812,0.2955477797112372,0.50971193330504,0.002323368767185584,385.4851063412338,1.065154009567126,2.5257908616758153,1.3638765664802803,1.2557909025572378,0.5671585870102446,0.00035374621172722614,0.001
302,0.20375720645859854,0.20375697529224293,0.0025486895564945347,0.2012082857357484,0.2961357885267908,0.20227533212344526,0.002311663556267873,385.46460249736907,1.0702653812261307,2.525538725926626,1.3695525758619627,1.2398838764721327,0.3619141454859096,0.1354473839057878,0.001
303,0.262806950965608,0.2628067230737687,0.01077443230950426,0.25203229076426437,0.2975525922095879,0.2521036059831935,0.002278918393614354,385.464756986267,1.0830037560153687,2.524450666091714,1.3835818021094861,1.202395558762827,0.4746978818742036,0.013387191913318061,0.001
304,0.40602716454743876,0.40602693743963525,0.014155131251668665,0.3918718061879666,0.2979111449275283,0.39193525763029446,0.0022710780350090583,385.47578317919067,1.0863073822893672,2.524388749316298,1.3872898905660038,1.1919650141466862,0.5668788250524551,0.01067154053101423,0.001
305,0.20928581893066647,0.2092855903278255,0.00952532838560128,0.19976026194222415,0.29721856773153127,0.19984213233311446,0.0022860284096841285,385.45994984894895,1.081264934476748,2.5251878967032897,1.38155994146674,1.207178452896186,0.4266235457563627,0.015891236835204783,0.001
306,0.279907484296293,0.2799072521848501,0.00022082182466394483,0.27968643036018614,0.295668141896984,0.2802815012930723,0.0023211144287347387,385.46950297978555,1.0686426024250275,2.5267541088638956,1.367467978666139,1.2449422473916452,0.43324014839526204,0.029209270233100465,0.001
307,0.5053500739747409,0.5053498407636011,1.479761098752028e-06,0.5053483610025026,0.2952993110292947,0.5053726990039801,0.002332111397143136,385.4833064992189,1.065382529652723,2.527288750368263,1.363784080533569,1.2550880965132518,0.5662133785741034,0.0002210793119207993,0.001
308,0.20396287321841955,0.20396264101004535,0.0020653961395567873,0.20189724487048855,0.29601626180387147,0.20297309748287803,0.0023220837418221306,385.4629613043654,1.0705443052848391,2.5269724271169505,1.3694384299286388,1.2401273273964097,0.36387005970217645,0.12909764748823147,0.001
309,0.2584634685046482,0.2584632393815985,0.011058578245968004,0.24740466113563045,0.2976012967281369,0.2474655986546983,0.002291230497093049,385.4621541833861,1.0832650639164643,2.525820827843686,1.383450149510581,1.2032128169316003,0.4727761206989828,0.013819513985542375,0.001
310,0.39905891079982947,0.3990586822752464,0.013978676641918819,0.38508000563332756,0.29814071365300066,0.38515135272891293,0.0022852458310252985,385.4724351140737,1.086557641424065,2.5256970065737843,1.3872134183688605,1.1928821257668603,0.5653452039726183,0.01030527463780464,0.0005
311,0.20858240580776352,0.20858217560015627,0.00972536768356406,0.19885680791659222,0.29765028063874244,0.19894118802363342,0.0023020760724754554,385.45604290923006,1.0814973193453676,2.52647185119291,1.3816169384571049,1.2076244328564971,0.42742676854344924,0.015592190570557388,0.0005
312,0.13174077745363585,0.1317405453886275,0.01172065473698643,0.12001989065164106,0.2969903989483048,0.12095501433256459,0.00232065008344033,385.45120706464553,1.0751674396881925,2.5272994638814463,1.3746700674233887,1.2258726493803445,0.27411659847027536,0.36869318248385596,0.0005
313,0.16159101118199004,0.16159077627368196,0.010441706201654148,0.1511490700720278,0.29916365499687364,0.1526683999751645,0.0023490830807900405,385.43360595311043,1.0683395208927144,2.529273098689676,1.370986952680675,1.22363670853692,0.3103567002689672,0.17852224073047357,0.0005
314,0.15430205229700222,0.15430181593104275,0.00767080698806061,0.14663100894298214,0.3015672953226198,0.1483931502543456,0.0023636595946410974,385.41564923134996,1.0663409938067956,2.5306471497298033,1.3720568239039084,1.2110073843190476,0.29798165396323084,0.20795647688591273,0.0005
315,0.17659636697698058,0.17659613046584266,0.005685365310361706,0.17091076515548095,0.30398180107271566,0.17199269403629364,0.002365111379133564,385.4022842341859,1.0689837566205729,2.531416829390384,1.377168692792193,1.1921125978544582,0.2925802675140819,0.21356872230025123,0.0005
316,0.16607986850140757,0.16607963085856586,0.006147992810941208,0.15993163804762467,0.30529311814236954,0.16124270855783762,0.002376428417204501,385.3932681004709,1.0681194858606915,2.5323103437420267,1.3768038934186597,1.193673409265661,0.2828459893948708,0.2288880783455005,0.0005
317,0.1713193918757981,0.17131915228984662,0.008535365851473522,0.1627837864383731,0.3055140543593455,0.16360846269563614,0.002395859514701171,385.39116360711375,1.0642942644061049,2.533299814654007,1.3714301068617736,1.2150528078477139,0.31879165693333156,0.14526030778442783,0.0005
318,0.1929495397543979,0.19294929971132546,0.012674918720261398,0.18027438099106405,0.30582418380804366,0.18097846995357908,0.0024004307244760302,385.3918211520356,1.0651642765828824,2.53371247166558,1.3707533859098515,1.2257142964070515,0.3382531541547016,0.15201116823917324,0.0005
319,0.12959976925418135,0.12959953000324495,0.013342993856707093,0.11625653614653789,0.30637903033916414,0.11786286867745013,0.0023925093639305703,385.38857742426023,1.0700423061630857,2.5337059409888774,1.3745029194533451,1.2241014052418537,0.2730088942815467,0.32614763335049507,0.0005
320,0.20403508766832462,0.2040348504459741,0.019861745223178403,0.18417310522279576,0.30722924837319865,0.18425921333126408,0.002372223505115655,385.3926290238453,1.0780039009929843,2.5336799199913,1.3824635477006237,1.2067582772246483,0.40909006170127893,0.011436463333148104,0.0005
321,0.26982320682753835,0.26982297054578186,0.01841045036955169,0.2514125201762301,0.30740036012920496,0.2514764404183885,0.0023628175646890656,385.3989183142128,1.0810758555380486,2.534132760137762,1.3851251699138805,1.202596998979474,0.4788425382414307,0.009014773139553135,0.0005
322,0.21792433480584536,0.21792409828105036,0.020678880207846837,0.19724521807320355,0.3072073317483907,0.19732536428281294,0.002365247949965412,385.3935230166608,1.079685459159061,2.534967765980062,1.3831308294847389,1.2099664902883607,0.43141494991702606,0.01080286989653845,0.0005
323,0.14324581473592898,0.1432455770435495,0.01978184327099506,0.12346373377255446,0.3065905297613147,0.12469766097650062,0.002376923794599341,385.38631540765346,1.0742256499899325,2.5361021168709845,1.3769520904639299,1.2271936461017445,0.3038343739273811,0.21248827817459787,0.0005
324,0.23161511742970145,0.23161487876284353,0.013768771711119388,0.21784610705172414,0.3055318285496843,0.21840450164083314,0.0023866685791306434,385.3823587303124,1.0646308441640484,2.5388620955402534,1.3693320071383845,1.2308511609482302,0.3718601769766733,0.1422945740564872,0.0005
325,0.33602664594097176,0.3360264074880462,0.011083678188919437,0.3249427292991267,0.3048147079988232,0.32520991493903295,0.0023845292558307995,385.383273352771,1.0601078844652907,2.540783459724059,1.3667899350176869,1.2232018135723841,0.4395667628876531,0.03547082603956907,0.0005
326,0.2607510714317446,0.26075083409937605,0.006489476615596414,0.2542613574837796,0.3045900433490528,0.25457688437723214,0.002373323685418795,385.37700673575733,1.0602361247140908,2.5420330319404427,1.368896995053908,1.2059605467401049,0.385482698623837,0.038556985069031276,0.0005
327,0.2233638960180883,0.22336366071879726,0.004157444365297878,0.21920621635349935,0.30469175743558363,0.22040665192583822,0.0023529929103546583,385.3733990381521,1.0648359994877759,2.542679698239821,1.3749941674091952,1.1830242204705048,0.3085347773616329,0.19185631165544173,0.0005
328,0.15995086747661666,0.15995063438113796,0.005827616625432421,0.15412301775570553,0.3028557790019152,0.15543441609478134,0.0023309547869821506,385.37717717202645,1.068493949355921,2.5427430187214357,1.3753339924253367,1.1934938568764155,0.283938694429745,0.2529490322482234,0.0005
329,0.16050787301156563,0.1605076416155147,0.013097643854211803,0.14740999776130292,0.3000346073746723,0.1490770548935549,0.0023139605092024748,385.3956043079225,1.0692808940442262,2.542696993868497,1.370395761547503,1.2275765482578822,0.3118160780268345,0.21905057936372355,0.0005
330,0.19743707854198284,0.1974368493545178,0.0013254110734251714,0.19611143828109262,0.2981885025302106,0.1973012529532472,0.0022918746504035667,385.4187857576419,1.0739402564137137,2.5420758079611154,1.3704944367911183,1.2469342144638806,0.3569235743728734,0.290915591172359,0.0005
331,0.18793254479488408,0.18793231765390173,0.0027872635608519533,0.18514505409304977,0.2977733929109252,0.1854981760055858,0.002271409823617047,385.4319759895888,1.0817041898326716,2.541386719630484,1.375562614736419,1.2475721807893867,0.4033409759347067,0.06424883960613204,0.0005
332,0.31574030613319154,0.3157400784856958,0.019626195268195284,0.29611388321750054,0.3004920875410572,0.2961985706913876,0.00227647495741859,385.4245512392787,1.088871775852936,2.541761227249867,1.3854080804556121,1.214525885862167,0.5371066728658053,0.01171727139866348,0.0005
333,0.48249483951675115,0.48249461074715366,0.01739385772940236,0.4651007530177512,0.3022731699524837,0.46515607924319996,0.0022876959751132893,385.42669488252534,1.0911117992319284,2.5424551971552303,1.3898058331041974,1.1961995846321998,0.6368496247581303,0.00886886227207293,0.0005
334,0.46493677787597065,0.464936547314617,0.01713366249056761,0.44780288482404945,0.303289723877887,0.44785911147114865,0.002305613536672503,385.4135846545954,1.088983205890996,2.543364483116733,1.3892532220298908,1.1913895906721566,0.6163484650946888,0.008862384149990072,0.0005
335,0.26854173811521115,0.2685415051172904,0.014698982327183844,0.25384252279010655,0.30362587548353215,0.2539121850714486,0.0023299792076069445,385.3876375196384,1.08300433861581,2.5444434243272247,1.3841895192166735,1.1993660573550726,0.4834290594475875,0.012300573041639588,0.0005
336,0.11449545894457412,0.1144952230381057,0.01103099049878997,0.10346423253931572,0.30321775776756243,0.10440291657993434,0.002359064684167777,385.3715958222053,1.0735736837764287,2.5457535407569893,1.375018932872107,1.2188853422162937,0.26709240572660287,0.34136478667619363,0.0005
337,0.37918300840269215,0.37918276753061414,0.008805560200493237,0.37037720733012086,0.3047092877732832,0.37052032143368335,0.002408720780191843,385.3715481485979,1.0614228366369263,2.5481175513271976,1.3655336977259795,1.2315168473752154,0.475612553064039,0.03127398152070263,0.0005
338,0.7297948940870609,0.7297946496516267,0.005277186736447446,0.7245174629151793,0.3065035260562801,0.7246177545920482,0.0024443543427237237,385.3750928797202,1.0547640661257547,2.54976848006119,1.3613771952723746,1.2326400116933758,0.6127221977723739,0.014777171327598536,0.0005
339,0.7142803239200193,0.7142800772314931,0.013981090141067581,0.7002989870904255,0.30853270602041655,0.700511844273852,0.0024668852614368113,385.36130454806454,1.0530502137158655,2.550752780201199,1.3620119467055245,1.223597880216816,0.5866392222337057,0.03384571341400869,0.0005
340,0.380488935948737,0.38048868821860565,0.006786996314324135,0.37370169190428154,0.31076545313522796,0.37388722615397785,0.0024773013133702502,385.3342745822698,1.055775996933865,2.5512018387599027,1.3669947549958983,1.2053599408330626,0.44658364495578057,0.02907614112765109,0.0005
341,0.21370060180064424,0.21370035433447623,0.006309212239072006,0.20739114209540424,0.3129327756617339,0.20831671203332638,0.002474661680111252,385.3165567481639,1.0626874473952626,2.5511096058277847,1.3756866404766783,1.1810760874291497,0.282206626552299,0.30424834069588624,0.0005
342,0.16814532813498606,0.16814508132740694,0.0089071100346565,0.1592379712927504,0.3125047174048971,0.15983261862511725,0.002468075791347678,385.3168897729172,1.0679677677002923,2.550530196410337,1.3781351900823968,1.1886539834754908,0.2843571659565585,0.21041294291621782,0.0005
343,0.1086256560794091,0.10862540925943535,0.010925539359950198,0.09769986989948516,0.31104234651193463,0.09904645604823464,0.0024681997375132505,385.32441210771617,1.0690623612712442,2.550235991681596,1.3752986665572964,1.2123114297814561,0.25138341572083317,0.405934189594175,0.0005
344,0.1563091882509018,0.1563089425418621,0.005643023108644837,0.15066591943321722,0.3086004114783553,0.1523049704898854,0.0024570903970644073,385.34445850381184,1.0696820949426298,2.5505573756791797,1.372130970292585,1.234116656657946,0.3222547647236808,0.1998911503535485,0.0005
345,0.16404317624372092,0.16404293271729,0.0034721673541712366,0.16057076536311876,0.3066950864962365,0.16125999792981738,0.0024352643091064396,385.36137578812304,1.0741906420968377,2.550526455798354,1.3737310946757568,1.2412468667991725,0.3432523665034279,0.21902726774053624,0.0005
346,0.1917707691580587,0.19177052815324486,0.021780053928844315,0.16999047422440053,0.30592378609994375,0.17028013255805194,0.0024100481386665168,385.3704757051562,1.0815860272453888,2.5505317542480177,1.380153637451392,1.2284836499204657,0.39668127916086154,0.16749204304838106,0.0005
347,0.22025143528388355,0.2202511957058639,0.02186670746005011,0.1983844882458138,0.30479609113104217,0.19873644864916684,0.0023957801965444826,385.37804434508854,1.0838013586905721,2.551097297149833,1.381727926879091,1.2248553764245715,0.4405475069779804,0.049606869894112206,0.0005
348,0.17351238838116567,0.17351214911430227,0.01490842174534515,0.1586037273689571,0.3034388766029093,0.1588777490698958,0.0023926686340071976,385.37666852997614,1.0813637091815453,2.5520658466622326,1.3789293345216262,1.2299429034178322,0.38307417071269534,0.18660362284985546,0.0005
349,0.16833832536458926,0.16833808562235275,0.0014965386065164362,0.1668415470158363,0.3016063887116657,0.1675551554436927,0.0023974223650518297,385.3802631576935,1.0747905222035512,2.5535872639326094,1.3720151811988197,1.243959059977499,0.34289449790202065,0.26395777688811817,0.0005
350,0.15236299244249016,0.15236275231905982,0.0013723075039679098,0.15099044481509194,0.3013084335099166,0.15219953139054818,0.0024012343032589196,385.3733167135404,1.0723552043842772,2.5548359044054543,1.3709428340415921,1.2380292145914489,0.31766457859314273,0.34653100086212774,0.0005
351,0.11426700862920774,0.11426676839535958,0.01046816895509184,0.10379859944026773,0.3022546814137309,0.10451519625493108,0.0024023384816125684,385.35726251101914,1.0739080471867182,2.555734238380704,1.3749932506508187,1.2167354108185948,0.28124824859798664,0.2533246140841266,0.0005
352,0.11903831150650884,0.11903806896859127,0.008230261802087455,0.11080780716650379,0.304179620679688,0.11159816021740462,0.0024253791757317283,385.34093901570645,1.0707973900881225,2.557191686187698,1.3751290441517936,1.204244292005894,0.2743276667794099,0.26847446276552017,0.0005
353,0.15391906526370866,0.15391881962488208,0.007789318489284503,0.1461295011355976,0.3055172335221907,0.14779613786446122,0.002456388265762647,385.3328659609982,1.064265217531974,2.5588165155687905,1.3704751204552674,1.2093275245121355,0.3110498080256726,0.12908378364241693,0.0005
354,0.16076653224965387,0.16076628459495754,0.007167327379690836,0.15359895721526673,0.30740341830472073,0.15519869832727393,0.002476546963312784,385.3211305973981,1.062865289541116,2.5597952904326595,1.3707898510832282,1.2045440320359992,0.313198230552567,0.1179533948825614,0.0005
355,0.1395432687403944,0.13954302026570856,0.006213764715239536,0.13332925555046904,0.3095133849199663,0.13474527043383988,0.002484746858591704,385.3078289917713,1.0662500871036455,2.560210279584505,1.3753491276134968,1.1929556551920903,0.2706263262657634,0.26706271999816644,0.0005
356,0.10720386730920696,0.1072036175962727,0.008518700742849657,0.09868491685342304,0.3102587523826254,0.10002904358220706,0.002497129342664741,385.3029530817299,1.0666285927124326,2.560637736602709,1.374174772028194,1.2058181153231247,0.2459712454515111,0.4262529155942428,0.0005
357,0.12575150067270532,0.12575125098764725,0.012659300171104481,0.11309195081654275,0.3102217116444291,0.11396943381959698,0.002496850580735452,385.3133859912826,1.0707063708051339,2.5605779326380205,1.3740225573766718,1.2288701840354825,0.28233100272454453,0.35618664753690776,0.0005
358,0.16574703995412762,0.16574679173226758,0.014690616164735567,0.15105617556753198,0.31031769093152684,0.15186060263811513,0.0024822186004989973,385.3282621114323,1.0778948667318382,2.5605787750669133,1.3784017280429286,1.2338508768592142,0.3774791065360084,0.10963165692926158,0.0005
359,0.20235565729338867,0.20235540952894712,0.014321050633304255,0.18803435889564288,0.31006214702345747,0.18837486294808986,0.002477644415527254,385.3393940755436,1.0796217147609257,2.561237086213393,1.3783722256270394,1.2430620908287964,0.4263673636913733,0.05673691831275168,0.0005
360,0.15374120354056217,0.15374095444937447,0.013039075838852344,0.1407018786105221,0.3109936709039458,0.14147537332310448,0.002490911877057502,385.31662730119484,1.0764375335395036,2.5631705387871264,1.3775392112717062,1.2338953756279787,0.3619111400914597,0.09854851965898834,0.0005
361,0.12175971380907681,0.1217594628026943,0.014230275524666552,0.10752918727802774,0.3114032938607169,0.10891402539697813,0.0025100638251088904,385.2935799193045,1.068682277627281,2.56582154880108,1.3731740771258003,1.2261613304556562,0.2741305447392379,0.3599176395869339,0.0005
362,0.10533007903632373,0.10532982717128839,0.008796292504875737,0.09653353466641267,0.31237803548403553,0.09781258343589506,0.0025186503534789756,385.27619729665014,1.065552339002022,2.568051024647212,1.373986648201852,1.2046370079800799,0.24525680504018807,0.41816002947365727,0.0005
363,0.14103606086397044,0.1410358100349228,0.006773395997531867,0.13426241403739092,0.31249942908701384,0.1347061108578134,0.0025082904764598514,385.27341493117416,1.0681722951891466,2.5694608351705734,1.377425012527842,1.1913108560292351,0.28909820219067284,0.18727340787350394,0.0005
364,0.12032550812242256,0.12032525774850578,0.008210372296364515,0.11211488545214125,0.3115386056318112,0.11350879247076429,0.002503739167856899,385.27351586382804,1.066745512636561,2.5709660414365096,1.3753989818584482,1.19597827507707,0.26341101887014634,0.2712903696480808,0.0005
365,0.21573724979986997,0.21573699977017524,0.013226822566765545,0.2025101772034097,0.3092225158222866,0.20305597358014163,0.002500296947300988,385.2898756588501,1.0622291911021189,2.5722272864549454,1.3681315608953293,1.2216678265023249,0.37320376228023505,0.052605420042342456,0.0005
366,0.2862228968909866,0.2862226479454368,0.0003679262257772131,0.2858547217196596,0.30777570424299994,0.2860216758481368,0.002489455498389507,385.30279023079976,1.0624911184046169,2.5729804540732824,1.3662566713097324,1.2336088308083697,0.44426300015405434,0.0037349933464991174,0.0005
367,0.16161060154806597,0.16161035415646954,0.0019903479504183967,0.15962000620605113,0.3072862811887615,0.16093645884163396,0.0024739159641990614,385.2997625149187,1.0670008892188494,2.5733653751180428,1.369352149422106,1.231821658736115,0.34332252736620866,0.13202326498040245,0.0005
368,0.11712757996556751,0.11712733443995804,0.012303246824712158,0.1048240876152459,0.3077527947123019,0.10532378343384494,0.0024552560947229043,385.29465729661325,1.0752812591482923,2.573482088146706,1.3770062387048203,1.2168426305791056,0.31722022409016126,0.10479820536184166,0.0005
369,0.15183222767926058,0.15183198242608995,0.012544766159112179,0.1392872162669778,0.3081772760112142,0.139418997394511,0.0024525317063794063,385.29511290952155,1.078130076458101,2.574135495604545,1.3797534307605663,1.2111847982254675,0.3828025055786465,0.019031573443777216,0.0005
370,0.12401030759990697,0.12401006178615019,0.01282743454526096,0.11118262724088923,0.3079443439591979,0.11162498368175765,0.0024581375677804078,385.2922883814884,1.0762936425849023,2.5750177085318486,1.377598208066145,1.217185447811818,0.33316411883023184,0.07984284776942022,0.0005
371,0.12243732585266062,0.1224370783060232,0.0028247136562786243,0.11961236464974458,0.30754051839322855,0.12114790260532937,0.0024754663742916085,385.29228876725693,1.070061601113189,2.5763464260554305,1.3713597212609507,1.2313202155881111,0.2939335829525115,0.3388581482875434,0.0005
372,0.12691914235352858,0.1269188933332819,0.005992130315414345,0.12092676301786758,0.3084280058204387,0.12250383065263011,0.002490202466819721,385.2839134218707,1.0684721061202649,2.577396939607898,1.3708522239629237,1.2285349174734363,0.29658112589947677,0.3009593931322284,0.0005
373,0.09733586119665386,0.09733561142344958,0.01103079520704161,0.086304816216408,0.31004204773745697,0.08697924110432424,0.00249773204267248,385.26930753654545,1.071327491600698,2.578111101727644,1.3751960736011783,1.213463153058161,0.26191651022070495,0.3102883167253927,0.0005
374,0.09431434265525543,0.09431409044316859,0.009859653431070746,0.08445443701209783,0.31184157025168413,0.08528094156770127,0.002522120868353219,385.2560074220657,1.0693244853995507,2.579357234019662,1.3750275929983373,1.2084406558065168,0.25069211319969303,0.35623633889223627,0.0005
375,0.13974207440104194,0.13974181839194802,0.011115545190954626,0.12862627320099337,0.3136203087070099,0.12989740593518753,0.002560090939138779,385.2464048521441,1.063147227966141,2.580979318678077,1.3705165955445169,1.215082897585068,0.306103208327936,0.13798330148250892,0.0005
376,0.13224929400548244,0.13224903530407764,0.00958631274680114,0.1226627225572765,0.31590207903983875,0.1239276229813019,0.00258701404809411,385.2318430802775,1.0619741756634204,2.5821583543694517,1.371206750749112,1.2091645846668735,0.2951258335327153,0.1522053315535497,0.0005
377,0.1138713677791523,0.11387110768169587,0.008537363624195255,0.10533374405750061,0.31833704441291855,0.10660681249110465,0.0026009745643577444,385.21721510303587,1.065445901182218,2.582801497292345,1.3763818487323232,1.1937124778061277,0.25732728241518216,0.2691080088434531,0.0005
378,0.10057989469713877,0.10057963323665016,0.008916805234003027,0.09166282800264712,0.3190645780692454,0.09288795896154214,0.0026146048860615566,385.2122693588101,1.0648674340304964,2.583599959288203,1.3755961363263665,1.1984571757049518,0.24275333535504914,0.3747276480241885,0.0005
379,0.21170647087643568,0.211706209133956,0.005828545946603926,0.20587766318735204,0.31719808146449713,0.2064434377605156,0.002617424797025387,385.2302762900963,1.0613151823293445,2.5843727837251365,1.36882937272487,1.2275104112410946,0.3757133948764202,0.11388270974977788,0.0005
380,0.3043817655763716,0.3043815046902384,0.0009870905044571036,0.3033944141857812,0.31583662419036634,0.3037698153234914,0.002608861331717974,385.2477219457343,1.0625120941889465,2.5846198552902875,1.3673091675303344,1.24288794270925,0.44977661567827876,0.09495608561761246,0.0005
381,0.1904094897288463,0.19040923019208475,0.0023962312228742715,0.1880129989692105,0.31539770555562446,0.1893656462805249,0.0025953676156471,385.24919925121026,1.0677689503436452,2.5846308280189296,1.3708484778124463,1.242533887710087,0.37118512516012026,0.1380153148084312,0.0005
382,0.15350319004506496,0.15350293203137916,0.022008978711414127,0.13149395331996505,0.31600533018358157,0.13189761655899018,0.0025801368580421267,385.24746098096483,1.0764989849433242,2.5845403739788217,1.3791445769541144,1.225603372347626,0.36015539818273934,0.19421168366155073,0.0005
383,0.1989160418011643,0.19891578476885433,0.024817972603908736,0.17409781216494558,0.31555835649761094,0.17449931202256563,0.0025703230996691113,385.25573735432516,1.0798533801099583,2.584838249501662,1.3817962496039,1.2215410239264597,0.42338278452762074,0.06955861162428126,0.0005
384,0.1665248913015736,0.16652463408826262,0.018895871692003123,0.14762876239625955,0.31482710217246895,0.14795707763109878,0.0025721331097785733,385.25565254091094,1.0782539811518745,2.585516555508066,1.3797084335628937,1.2276351126813683,0.384758272826114,0.18448029660347398,0.0005
385,0.16717236024313617,0.167172102389688,0.0035391580664020403,0.16363294432328593,0.3132360154107873,0.16430942778851396,0.002578534481702825,385.2608401620465,1.0722876427672985,2.58643826841708,1.373025098593968,1.2444450236044167,0.36036104566294935,0.21492157030162504,0.0005
386,0.13887385819040646,0.13887359937512145,0.002310783984295816,0.13656281539082563,0.31334329318819204,0.13717016892107164,0.002588152850217006,385.2508487876376,1.0704196324299802,2.5874335892437417,1.372504406563404,1.2382489849074014,0.32360099851693724,0.30485654455737055,0.0005
387,0.10840387056759773,0.10840361070545203,0.013688266277845161,0.09471534442760685,0.31488056877390486,0.09521195162738913,0.0025986214569913464,385.2306794624425,1.0723978819423254,2.5883320564607755,1.3774388747696535,1.2133496226870248,0.3076348070712321,0.10855061636471201,0.0005
388,0.1064064079277536,0.10640614621034905,0.009410252146203028,0.09699589406414601,0.31567795692438433,0.09752175371342955,0.002617174045483074,385.2188844134451,1.0695360234741607,2.5894661696215753,1.3772593688190229,1.2011610162326631,0.2943922789445049,0.09681032010292187,0.0005
389,0.10821167493524377,0.1082114107743006,0.008635633108547912,0.09957577766575271,0.3156464217452435,0.10109085512561931,0.0026416094315678575,385.2148517541524,1.0626540512049594,2.59079475234797,1.3721398430968834,1.2039409150520577,0.2617326459966975,0.3369081631953153,0.0005
390,0.1227007944608301,0.12270052912066846,0.007062626795104942,0.11563790232556355,0.31609381896478417,0.11708144942175597,0.0026534016163743046,385.21141744505564,1.0613969406031596,2.5915545308780183,1.3719949542933954,1.1990039103522538,0.27480008208724777,0.28263246563447536,0.0005
391,0.12882788870642334,0.1288276234560218,0.007579459267669662,0.12124816418835214,0.3168576385532626,0.12223222453957659,0.0026525040154535503,385.2070138506728,1.065361645405014,2.5917256928332106,1.376174939527023,1.1888899036734686,0.2746234622727062,0.23296332749063947,0.0005
392,0.09674886811853822,0.09674860271996667,0.00798079708447279,0.08876780563549387,0.31622340000727794,0.09024730083076578,0.00265398571549463,385.2089998504209,1.0652762933672446,2.5920498116986845,1.374480644905497,1.1991743707524614,0.2486937519845978,0.34478612803203706,0.0005
393,0.25406324562013316,0.2540629804515299,0.00028631271549338643,0.2537766677360365,0.31396622675379454,0.2543924325579284,0.0026516860323749984,385.23985558190657,1.063291465273434,2.5921397522301324,1.3671963082682814,1.239406272667629,0.4298869950894907,0.04224555286358858,0.0005
394,0.44722537127027656,0.44722510703057083,0.000756131960048154,0.44646897507052274,0.3126639381147829,0.4469091654073998,0.002642397057542368,385.27243142659506,1.0657481536089244,2.5917548630375555,1.3655239423892183,1.2630240952385867,0.5282943751004433,0.09358918272809498,0.0005
395,0.375598279080508,0.3755980159330686,0.002330673962871593,0.37326734197019695,0.3125636617281683,0.3743250478174859,0.0026314743942997903,385.28408500758445,1.0720435532349817,2.5912501089190005,1.3691349878110832,1.268356402815843,0.4759272127188137,0.20725002065593393,0.0005
396,0.2523711772449569,0.2523709148608684,0.014801697208033225,0.23756921765283515,0.31389859454257,0.2378181112218177,0.0026238408850656936,385.2816667778867,1.0815476583378008,2.5907652830682713,1.3777829726768929,1.2536979159400738,0.4873833419894216,0.04723724071976104,0.0005
397,0.48405184271482876,0.4840515778672984,0.023882653007424412,0.460168924859874,0.3184370383702251,0.46020554313106826,0.002648475303459092,385.26864948737295,1.0895151469379893,2.5912407073131636,1.3907636909715733,1.2034194948531738,0.648131075093563,0.00971432683223271,0.0005
398,0.8882986946229854,0.8882984269598483,0.01566679679481411,0.8726316301650342,0.32160702920255085,0.8726604483151251,0.002676631370977615,385.281999860009,1.092216081305781,2.5913865524349307,1.3974878141736868,1.1729701208513672,0.8087122461411381,0.006673409755054406,0.0005
399,1.0221127042869904,1.0221124334238927,0.012650697265445734,1.009461736158447,0.32347718973419365,1.0095103430990942,0.0027086309770240876,385.27456231101604,1.0902426137746133,2.5918400794589136,1.3984847356935248,1.1594737723093105,0.8287079489936545,0.005489399079018269,0.0005
400,0.7824442760704918,0.7824440013581359,0.02201635709871337,0.7604276442594226,0.32437793079096794,0.7604519558641993,0.0027471235601692857,385.23812444840996,1.0840610660348593,2.5923874712664525,1.3944098672786132,1.1602438646915318,0.7133964549352295,0.008669687211419176,0.0005
401,0.3388435884865761,0.33884330914244054,0.018889968500308836,0.3199533406421317,0.32452130653485317,0.32002108180731553,0.0027934413554226716,385.1917788096692,1.074155611004171,2.5931321674434615,1.3857973736738867,1.1740151349242058,0.4779014523754305,0.008426338047145088,0.0005
402,0.10922937514887464,0.10922909042818879,0.009032885041310012,0.10019620538687876,0.3239627427921169,0.10191642991952252,0.0028472068585302978,385.1738809391675,1.0610586515280551,2.5940343277069733,1.3730423227483572,1.2009270795081877,0.26450769185732936,0.21746714852725924,0.0005
403,0.3842052235471363,0.38420493566423947,0.014322598914906448,0.36988233674933296,0.3233687605659144,0.3701436396454259,0.002878828968530169,385.18991723644797,1.0540743492113078,2.5944742784257073,1.3659063154585038,1.2170295959018378,0.4583198392304685,0.038253637282349436,0.0005
404,0.509950346397949,0.5099500570527777,0.016370778837743398,0.49357927821503433,0.32316710119559566,0.49372391452629344,0.002893451712671603,385.19707706757896,1.0523439889120192,2.5945171390095463,1.3641649175033121,1.220405977075326,0.5139627511536675,0.04191274099325211,0.0005
405,0.30172549196334353,0.3017252027618615,0.010977997808724273,0.29074720495313716,0.3232497341331694,0.2910377995621388,0.0028920148201684206,385.18772503905717,1.0553694019609217,2.5941546152861,1.3672123319003957,1.2128183415553184,0.4166655081230983,0.03484983428323055,0.0005
406,0.10490501435915664,0.10490472677446568,0.009096489733139073,0.0958082370413266,0.3235910432202095,0.09694412048013078,0.0028758469095930372,385.1774031657215,1.0626772700632063,2.5933684216480763,1.3745792334860365,1.1954291299301856,0.23989939974099173,0.3843204781493805,0.0005
407,0.11629901739559634,0.11629873337721515,0.018555475849064237,0.09774325752815091,0.3204263008750827,0.09818066798760644,0.00284018381189796,385.20438119861916,1.0725256520292934,2.5920876524216587,1.378485599931147,1.209164896158177,0.31413649656921494,0.08271027313164282,0.0005
408,0.13959762715681184,0.13959734561654277,0.010059689496821973,0.12953765611972082,0.3166862757280242,0.13013742985785148,0.0028154026908280764,385.24144250000023,1.0767771733086566,2.591465591146182,1.377108678943947,1.2328639404889115,0.36590820375974675,0.07688186110999118,0.0005
409,0.19373316757604078,0.19373288800705088,0.002420978206537313,0.1913119098005136,0.3130171236821946,0.19195290444800722,0.0027956898991112495,385.2680187425187,1.075559366712935,2.5919352012917933,1.3727752907447233,1.2497474923321286,0.39515382126908966,0.10985367934181636,0.0005
410,0.1649538164286518,0.16495353946746136,0.002160330926920435,0.16279320854054097,0.31080660523366305,0.16316318772591606,0.0027696119045956535,385.2764185507457,1.0781116549973908,2.5922281018283004,1.374158771171203,1.2452553807620157,0.3935590247134433,0.06757949990636548,0.0005
411,0.1928434295475208,0.19284315518006787,0.01579968370763088,0.17704347147243696,0.3105828663771788,0.17721274396782136,0.002743674529346422,385.2692718046718,1.083339135654047,2.5926906099248983,1.3810080162014373,1.216741881455348,0.43762350488280305,0.02198917483628151,0.0005
412,0.22968382498994278,0.22968355171609292,0.010649694946032687,0.21903385677006024,0.30999331282257503,0.219101235031107,0.0027327384985488695,385.26652495911253,1.0834590589404711,2.5935132633496445,1.382619997659853,1.2015467863055216,0.4745974967587152,0.016123467869285722,0.0005
413,0.16351570032247995,0.16351542675267508,0.008011458033327007,0.15550396871934807,0.30899294696734275,0.15563215977614064,0.0027356980486612833,385.25801969728406,1.079076461467424,2.5947508734868068,1.3793612327971576,1.1994343915114236,0.3985058930584328,0.022087195103153302,0.0005
414,0.10816174587541591,0.10816147068554846,0.010074975541711767,0.09808649514383669,0.3076679049306958,0.09975101722948827,0.002751898674481505,385.2565854871832,1.0707372811010751,2.5961995109798286,1.371672397271159,1.2099016967899585,0.26658029545769035,0.35087629206752535,0.0005
415,0.1278530673645236,0.12785279017531212,0.009508090745214358,0.11834469943009779,0.308932970576206,0.11955199293794767,0.0027718921147979908,385.24818706861817,1.0680050138263126,2.5969919623951316,1.3702530733872471,1.2081252784467809,0.2830081905258971,0.3066046646290874,0.0005
416,0.1111720011053343,0.1111717227082627,0.00743847496491656,0.10373324774334616,0.31123849655485225,0.10479536733869425,0.002783970716055196,385.2323597063736,1.0703693948652404,2.597183574434002,1.3738548155932222,1.1972004948925885,0.2724666430244435,0.2740320057679028,0.0005
417,0.0959336495946109,0.09593336833101261,0.009196687235667411,0.0867366810953452,0.3132153760708977,0.08822969543462927,0.002812635982918554,385.22176397904445,1.0689828574865183,2.5975162999437984,1.3721850923283538,1.2065813598999506,0.24761717820802062,0.43746389035846056,0.0005
418,0.08918404241279289,0.0891837590559546,0.009996329750145808,0.0791874293058088,0.3162132791753802,0.07998289631794268,0.0028335683828372422,385.2079650441222,1.07257136610066,2.5973484188490015,1.375520315872679,1.206502917786142,0.26410672495357207,0.23677666750028,0.0005
419,0.09427025746358819,0.0942699706620703,0.015167578665505523,0.07910239199656477,0.3187265327433705,0.08031046144373276,0.0028680151789868234,385.1992053858976,1.0713550617799616,2.597816481111093,1.3739104182583033,1.218274452377359,0.25134318745836914,0.40049029238351486,0.0005
420,0.10509160392464663,0.10509131542880144,0.018605828585823055,0.0864854868429784,0.3217193217609777,0.08697217304354214,0.002884958451872411,385.1861460004285,1.0739951704041073,2.598254414975293,1.3775106030643585,1.2114443512609416,0.28836386619109333,0.18634815178929307,0.0005
421,0.09841380398382506,0.09841351331687627,0.019655965118824063,0.07875754819805221,0.32347380633555006,0.08006329636851423,0.002906669487925599,385.17554293409216,1.0717343087958728,2.5992427467103876,1.3760005253030498,1.2147153980878806,0.2629352093733297,0.31342945512105824,0.0005
422,0.10249777086642144,0.10249748043229712,0.01087981146967361,0.09161766896262351,0.32303548505959967,0.09319017497403391,0.002904341243226783,385.1657082496257,1.0657978968457749,2.601538146149454,1.3723287998528804,1.2078599125588674,0.2684593676839166,0.18923471819853707,0.0005
423,0.11509544276593002,0.1150951540151119,0.006770292452163554,0.10832486156294836,0.32286842100343394,0.10962207993767115,0.002887508181151702,385.15990173237464,1.0648896968417725,2.6033721407856705,1.3736347123529826,1.1905396128290293,0.2514565794655399,0.351092785317709,0.0005
424,0.11312727169503835,0.11312698686552859,0.007789612386969735,0.10533737447855887,0.320719836752468,0.10628774713122192,0.002848295097557141,385.1676111719797,1.0693208217818309,2.6043103806913224,1.3759959665370316,1.1888904671633616,0.2570700377653322,0.27050580768639654,0.0005
425,0.08557975917839794,0.0855794772279706,0.009835768501646965,0.07574370872632362,0.3175784843190748,0.07742122702869822,0.002819504273393409,385.18185832316317,1.0694218031891063,2.6052046392355814,1.3727601575660477,1.2054054780131291,0.236600527584507,0.4527711565382519,0.0005
426,0.08526568505646209,0.08526540669777873,0.012281944472622954,0.07298346222515577,0.3153956412945671,0.07391378237443644,0.0027835868336944618,385.19538046478414,1.0742813308755363,2.605556511917043,1.3744221731752515,1.2123162294037861,0.2540171163712315,0.32956437783142317,0.0005
427,0.08810531593523331,0.0881050375982041,0.013959163422086394,0.07414587417611768,0.315639432611923,0.07550309672079211,0.0027833702921384964,385.19367401610526,1.0744886330435577,2.6066562537010016,1.3741004319852925,1.216350749005665,0.2579545180858055,0.3265735341533026,0.0005
428,0.09535706982563508,0.0953567892326381,0.010351207425727921,0.08500558180691019,0.3187392910819071,0.0855737550894337,0.0028059299697013687,385.17185438513707,1.0745669345076236,2.608136397688253,1.3769770182665755,1.202084682859797,0.2925196633359417,0.07200208708340436,0.0005
429,0.07982445013567467,0.07982416660617989,0.010115545557759674,0.06970862104842021,0.32081833182334385,0.0705468475997293,0.0028352949477831973,385.15548478589255,1.0702195820698508,2.6098621480089403,1.3746222856616537,1.2025699524851128,0.23134747220987967,0.4476220623819852,0.0005
430,0.24329162250229433,0.24329133560894337,0.012288922230406089,0.23100241337853722,0.32179825541630136,0.2314406125887008,0.0028689335097512344,385.1568278485164,1.0621454848066068,2.6118225440359355,1.3672784439376806,1.2198165019439058,0.3971137221834722,0.05385976569051859,0.0005
431,0.35223925794803346,0.35223896918032277,0.0026492158990643845,0.34958975328125846,0.3231260246462628,0.3497734432448837,0.002887677106814086,385.1537157810844,1.0594492613622852,2.613182969969575,1.3653819106812255,1.2242195801342888,0.4680623563780061,0.011705233542687096,0.0005
432,0.20951823836484346,0.20951794898264642,0.015127830873286405,0.19439011810936002,0.32482321231941524,0.19518916123486377,0.0028938219704045267,385.1353987517077,1.0615651488623516,2.6140583098138483,1.3684503669196335,1.2164576407431478,0.3660290089391571,0.09379521305671196,0.0005
433,0.08407571518068481,0.084075426357366,0.010909372226536056,0.07316605413082994,0.32681445178368546,0.07379932944241153,0.002888233188048312,385.1174686192377,1.068001695127421,2.6145182340474493,1.3760070414809074,1.19760733071832,0.23332176103496646,0.4184498713560406,0.0005
434,0.09274621199327816,0.09274592371001428,0.013309389152014572,0.0794365345579997,0.32693882136399177,0.08023060981312029,0.002882832638789895,385.1166088770627,1.069593529957769,2.6152316472260098,1.3772773776853509,1.1972713073547598,0.2627842600263967,0.21333343731927323,0.0005
435,0.08814538411127262,0.08814509619646485,0.013950357604618796,0.07419473859184607,0.32557112464109905,0.07618780596383229,0.002879148077695651,385.1226184512352,1.0666767516252662,2.6162109696621374,1.373046938590797,1.2119432943145956,0.2544055470600899,0.26969626771034816,0.0005
436,0.07931812875317798,0.07931784198861362,0.013803712792828285,0.06551412919578534,0.32503653885841116,0.06682313561169473,0.002867645643618187,385.1235433200155,1.068321191852199,2.6168609313387883,1.3742595016157741,1.2106103576362,0.23720120191790386,0.41140511977159216,0.0005
437,0.14556223859821,0.14556195363236374,0.01505625471746848,0.13050569891489522,0.32519709589394774,0.130607699203237,0.0028496584624158583,385.12377175476706,1.073491430441663,2.6175984131606507,1.3804423487256385,1.1911938328544511,0.35693949818556464,0.015107641798598862,0.0005
438,0.16233155038580133,0.16233126661159228,0.013818036705849045,0.14851322990574323,0.3242116420173715,0.148579815086616,0.002837742090547651,385.1265747502383,1.0737369446480187,2.61851734676178,1.3808150927889802,1.187909569552983,0.37207504351817394,0.01630714303489026,0.0005
439,0.08260706880250557,0.08260678576484447,0.00963268627944369,0.07297409948540078,0.3220936186201772,0.0737705017441601,0.0028303766109692907,385.12871307885564,1.0696012782580069,2.6194689676266627,1.3758630739260007,1.1998510574069625,0.2593465104796083,0.21485139652909915,0.0005
440,0.2440305619989218,0.24403027893439597,0.0006898441078332577,0.24334043482656278,0.31929153795584897,0.24352815757386415,0.0028306452583431265,385.1531495677309,1.0614763160322886,2.620451825545629,1.366271163391559,1.2254689934102678,0.4216750093874089,0.005725927092465731,0.0005
441,0.46629213945669784,0.46629185703810816,2.3100417599193344e-07,0.46629162603393215,0.31756144377662243,0.4662929891985683,0.002824185896825029,385.17394754231407,1.0587186210698147,2.6211065785676313,1.3626251778085001,1.235942503749274,0.549614116926513,6.178964612713759e-06,0.0005
442,0.330045266943959,0.3300449855506395,6.1686906646971606e-06,0.3300388168599747,0.3170095199881339,0.33005357712010924,0.0028139331951675456,385.16893898566536,1.0607495294242852,2.6215134915632134,1.3644526442087763,1.2316482029578708,0.48150104216361866,0.00011487157662208811,0.0005
443,0.09062455073032108,0.09062427066030078,0.01320877226297338,0.0774154983973274,0.31757326503083644,0.07932183153670863,0.002800700203016942,385.14968174814,1.0671080263117656,2.62172548956406,1.3712433336623444,1.21403559372985,0.25060427306176103,0.4109951639977232,0.0005
444,0.23244787452995347,0.2324475957160879,0.009167159257880237,0.22328043645820764,0.3194843561173155,0.22336581461812807,0.0027881386558758774,385.14947483196494,1.0773415744202366,2.6217811647435108,1.3826926932587107,1.1841345287356924,0.44960332515292023,0.015691222783440786,0.0005
445,0.4530759703515518,0.45307569221012645,0.017030455329631104,0.4360452368804954,0.3201341821527719,0.43609117147976595,0.0027814142532059534,385.1651536654049,1.08215589049296,2.621978582563048,1.3877917897627272,1.1719793311302262,0.5809891876577803,0.011651101794569612,0.0005
446,0.4086150897828865,0.40861481187010124,0.014847386908137843,0.39376742496196343,0.3195759172372499,0.3938413629671234,0.0027791278526530057,385.1652016694103,1.0821143761689043,2.6222204991149045,1.387106671560171,1.1758673828224173,0.565680469681517,0.0110711458421147,0.0005
447,0.18210787596428613,0.1821075977681832,0.0103295650208594,0.17177803274732378,0.31803420372422175,0.17184734649797287,0.002781961029279949,385.1544861158071,1.0776461848532322,2.622474726876545,1.3812879439765304,1.193773916553746,0.4229667270281339,0.017752409160725673,0.0005
448,0.09180695539246786,0.09180667637815881,0.0023937597559024843,0.08941291662225631,0.31567557178678435,0.09098708464199766,0.002790143090454092,385.1632468234489,1.069149176924362,2.6229022045729935,1.3709240900804502,1.224262826036805,0.2737638252713949,0.4049516799234804,0.0005
449,0.19936082673295089,0.19936054673639012,6.263304428784135e-05,0.1992979136921023,0.3151698279407556,0.20011589161359147,0.002799965607699192,385.1744903436772,1.065824166823596,2.623202769243245,1.3670598152489517,1.2360170458333355,0.4023183578228797,0.024455881972124206,0.0005
450,0.13595592611344104,0.13595564527004883,0.0004164236415640166,0.13553922162848484,0.3160624152353957,0.13714731864061222,0.0028084339219736827,385.16507453507353,1.0672286528077772,2.623441817934012,1.3689050372720464,1.2311545729342876,0.33826974564330853,0.17718641891266962,0.0005
451,0.08958393973256072,0.08958365811809471,0.01250175396082051,0.07708190415727421,0.31824252393243063,0.0776947236576596,0.0028161446600713886,385.1463177443532,1.0728326198284768,2.6235480254540766,1.3759261930521063,1.2110267252847482,0.29335147442759607,0.12358295603181439,0.0005
452,0.10347298141074941,0.10347269746275685,0.010818506184575123,0.09265419127818174,0.3201993353002169,0.09289158898414661,0.00283947992560362,385.1348270633151,1.0730746962847377,2.624079339704787,1.3777571895347227,1.2027090655607755,0.3257734496620097,0.02790387043791649,0.0005
453,0.07533949719197015,0.07533921022383214,0.011997763212582953,0.06334144701124919,0.32129391861338813,0.06409745301722923,0.00286968138009752,385.125364126984,1.0687315048048223,2.6246992334773975,1.3744408124429914,1.2081606818963635,0.24056309214506097,0.3710590641792602,0.0005
454,0.19003489073683075,0.1900345977321306,0.011388539043383829,0.1786460586887468,0.3238418277823479,0.1791302555124711,0.002930047001323716,385.1165001501918,1.0598843947289733,2.6259077599581238,1.3679323218993849,1.2180289263778767,0.36551026661652314,0.059005539845758945,0.0005
455,0.25885163014795926,0.258851332737228,0.014607646371416079,0.2442436863658119,0.3267017889235987,0.24453966970097182,0.002974107312719834,385.1032174987843,1.0566226380323496,2.6266899585644925,1.3669300557469475,1.2153490883484104,0.4024668888300064,0.05046047121370704,0.0005
456,0.12626784754945133,0.12626754727060965,0.009597080101361887,0.11667046716924774,0.32978118033069453,0.11767926029168098,0.0030027884168366847,385.080199295494,1.0583505130774884,2.6270045578985077,1.3708859758246843,1.2012787696017797,0.2956040563604859,0.121561022119903,0.0005
457,0.15307149220297012,0.15307119083776446,0.01436721405264574,0.13870397678511878,0.3326911586046849,0.13907060213368003,0.0030136520565123043,385.0680220863143,1.064695576409092,2.6270505298834643,1.3790783581416601,1.1789195068291736,0.29347020783622496,0.12882483594369784,0.0005
458,0.1915861937327069,0.19158589115737096,0.01863770153423837,0.17294818962313258,0.33379730841208527,0.1731988676131615,0.00302575335961796,385.0664659807111,1.0662364986199058,2.6271306406520516,1.3808989463300767,1.175874929579057,0.33708934603302826,0.028446537953770088,0.0005
459,0.10167186159778543,0.10167155739493254,0.014217537390916525,0.08745402000401602,0.33358168842556274,0.08834059444250494,0.003042028528948794,385.06227496448037,1.0633094605459938,2.6274398653312465,1.3771683689673753,1.1885851351800354,0.24570269238993167,0.2983868952350311,0.0005
460,0.23622618688146,0.23622588127089836,0.012503564679543269,0.22372231659135508,0.3316025627304625,0.2243770845180084,0.003056105616260324,385.0805207554865,1.056534929399813,2.627863418098012,1.3681303346188525,1.2179506430441456,0.3844381956311792,0.09546589884523651,0.0005
461,0.43438006569960963,0.4343797603426422,3.002481902654957e-05,0.43434973552361567,0.3300016849556005,0.4345156775946462,0.003053569674213139,385.1021515294186,1.0551131598266008,2.6278730266013097,1.364689129449759,1.2337094215534925,0.5176458661640156,0.0032506265330000763,0.0005
462,0.31702511002685924,0.31702480596448923,0.0004988874772089148,0.3165259184872803,0.32913165369370195,0.3170527130020992,0.003040623700086051,385.10388724203705,1.058361417354103,2.6276568913610086,1.3665307221599075,1.2348134992826938,0.4600863009012515,0.05470450094322485,0.0005
463,0.09295925759916435,0.09295895569308431,0.008005033317671844,0.08495392237541248,0.3289759271851637,0.08629232953824774,0.0030190608003921914,385.0946446583695,1.0657599217601361,2.6272717316945804,1.373175369825696,1.222011758542625,0.2749818779824902,0.3100986021654952,0.0005
464,0.21108428598094392,0.21108398796418684,0.023326094455292247,0.18775789350889457,0.32859691100205163,0.18784782127452918,0.00298016757087963,385.10787848112466,1.0767008790866917,2.6268171904362445,1.3837916373510728,1.1964983465111214,0.4468734235511206,0.010078636796764498,0.0005
465,0.3758035045695203,0.37580320915263027,0.01981820504292747,0.3559850041097028,0.32750256493652136,0.3560369006978358,0.0029541689002033134,385.1309110125742,1.0820036590169015,2.626650243178478,1.3883362539281903,1.1867199779173865,0.571714607368885,0.00835902050597677,0.0005
466,0.3470846313864294,0.3470843371285394,0.022411348811387944,0.32467298831715147,0.32600494034096067,0.32474231579584095,0.0029425788998228963,385.1362002380192,1.082220959919994,2.626751219148213,1.3875002939380818,1.1908994503086983,0.5570064814214746,0.008891164712493385,0.0005
467,0.17816466539343903,0.1781643711249628,0.02469627455096453,0.1534680965739983,0.3240335292254933,0.15358539259820703,0.002942684762253739,385.1298909925511,1.0778725203120982,2.627023569847182,1.3817704681606862,1.2080117109849497,0.4201364484905764,0.01487389185387911,0.0005
468,0.1213673364094023,0.12136704126443276,0.0015951095858990824,0.11977193167853367,0.32147249505007125,0.12042393052413465,0.0029514496952760213,385.1396699509046,1.0692941075600457,2.6274782839296815,1.3716841103733108,1.2355649308015566,0.31723766519032126,0.3303075246591522,0.0005
469,0.2026979740337887,0.20269767813077372,0.000700205752019853,0.2019974723787539,0.32057357210219595,0.2029212797249125,0.002959030149895534,385.14708611287523,1.0655349164572785,2.627961142498186,1.36811087121141,1.241502148609512,0.39517824324754475,0.12729503793231306,0.0005
470,0.11778094749825085,0.11778065138548323,0.0009804679190492172,0.11680018346643402,0.32082923138582015,0.11826626950046652,0.00296112767627687,385.1360641281467,1.0664500106736376,2.6281987578236645,1.370136037656532,1.230927053792605,0.3154615803168301,0.27135802770653,0.0005
471,0.09398501505937959,0.09398471924245164,0.011503169813714128,0.08248154942873752,0.3221686348422059,0.08284300471341402,0.002958169279469979,385.1209505914329,1.071558713467109,2.6283058964098545,1.37723650659766,1.2056954831081943,0.3109992082117055,0.04010659087646173,0.0005
472,0.1204042871967996,0.12040399044217945,0.009978942796871806,0.11042504764530765,0.3228828093089514,0.1105700093640116,0.00296754620152146,385.1156047733175,1.071512084818724,2.6286496049488326,1.378777805728655,1.195270278617335,0.3436236306627602,0.023622692820534558,0.0005
473,0.07959035619747629,0.07959005767772821,0.009677766220758095,0.06991229145697012,0.3227190216165101,0.07065802134431466,0.00298519748067363,385.11108567283225,1.0670313170559207,2.629154488963168,1.3750456017560695,1.2001574209236059,0.2550465212212636,0.2564639177531277,0.0005
474,0.21709888390773244,0.21709858227355666,0.00888953866617607,0.20820904360738063,0.32238210022059177,0.2084352307529959,0.0030163417577292735,385.1208869533384,1.0586539039224605,2.629858046739453,1.366839153963942,1.2186555909277343,0.3889282778627543,0.0482191037911267,0.0005
475,0.3529017025992217,0.35290139938398846,0.0005481940825226693,0.3523532053014658,0.3226199653812044,0.3524392583465372,0.003032152332410559,385.12689614754265,1.0559073112027917,2.6302046691157157,1.3642938314735067,1.2243331154604613,0.4799203805886236,0.0035545686376304586,0.0005
476,0.22049235341209014,0.22049204982999232,0.011768994902303301,0.208723054927689,0.3235216635544373,0.20895467104943694,0.00303582097818604,385.1141570950214,1.0581009882558081,2.630261254044151,1.3669686487397683,1.2171017322959679,0.386444447745508,0.05473892394662483,0.0005
477,0.07517320205864533,0.0751728994276675,0.009494458582912759,0.06567844084475473,0.3248280691938289,0.0670962085108513,0.0030263097782690885,385.09876597073236,1.0648512878423175,2.6299524948710706,1.3741993944160888,1.1996503189013674,0.23723275187288045,0.37053881837731456,0.0005
478,0.08189688608713018,0.08189658309893529,0.011313445634845633,0.07058313746408966,0.32589602013350943,0.07129291898255662,0.0030298819489280255,385.09741349502855,1.0684277274968244,2.6298057961204995,1.3766066489855897,1.2020252218444492,0.2749199126842516,0.11958864520611318,0.0005
479,0.07741775413996692,0.07741744973126159,0.01285070759161228,0.06456674213964932,0.3261760408790146,0.06585975379979842,0.0030440870531950755,385.100714042786,1.0670956342299713,2.6300092860143884,1.373767280791121,1.2173888163044488,0.24322425146171092,0.43174074784630284,0.0005
480,0.08700424522101134,0.0870039418981473,0.002393276745254385,0.0846106651528929,0.3253020164023822,0.08551220883626728,0.0030332286404743665,385.11002493110067,1.067825860343031,2.6304425646362732,1.3728990640691277,1.2262876585740314,0.27783963260476274,0.3421001717734382,0.0005
481,0.10210862931852926,0.10210832744915295,0.0191101605739957,0.08299816687515726,0.325683502218699,0.08341561609883781,0.0030186937631717153,385.1074468947771,1.0723797674226685,2.6307984322843128,1.3775239414484863,1.2153882108349887,0.30812524845529415,0.1687325704350364,0.0005
482,0.09136039071711534,0.09136008961209605,0.01439938839881846,0.07696070121327758,0.3249124218303267,0.07740380889587356,0.0030110501929919353,385.10903851400946,1.0717771254477233,2.6314971114193604,1.3765978268072112,1.2175152344059363,0.2925773692511929,0.22093015746526498,0.0005
483,0.11714435282497736,0.11714405191432871,0.0012506456999118113,0.11589340621441689,0.32304232337910505,0.11746310871023888,0.003009106486510165,385.11986572652177,1.0665873044559973,2.6323750244859925,1.3705853461399704,1.2324710836217165,0.31821824262717985,0.2515666287621332,0.0005
484,0.10645337983290176,0.10645307958712062,0.0010825790234057617,0.10537050056371486,0.32244916619023223,0.106917611468865,0.0030024578113765467,385.11847133167316,1.0661515249010747,2.6330596527259877,1.3704765737165363,1.2293918206806411,0.3065788747199107,0.26100510601727517,0.0005
485,0.07930790627322239,0.07930760712380934,0.013138575345384988,0.06616903177842436,0.32303087194537516,0.06699509411804083,0.002991494130468762,385.10676493205915,1.0700698973345826,2.6336229142348557,1.3756851399105317,1.2106096100723618,0.27299273445713584,0.1727535228867723,0.0005
486,0.07974842930369005,0.0797481293392967,0.010870829598883587,0.06887729974041311,0.3236332704366504,0.06954288117461079,0.0029996439335193952,385.09828015054285,1.0687043166330543,2.634506837885905,1.3759218849884207,1.2027761689614238,0.27329425364207627,0.14647196636428234,0.0005
487,0.08885018048102807,0.08884987850933124,0.012154155122133784,0.07669572338719748,0.3237221444488543,0.07861701046527442,0.003019716968306091,385.09535618848133,1.0629497588797476,2.6355238233915634,1.371182449614516,1.2091483592546572,0.25674045250525596,0.33309381911454816,0.0005
488,0.08458059277180287,0.0845802898590227,0.010235130434807964,0.07434515942421474,0.32469689623826964,0.07554303887608142,0.003029127801681705,385.0871882967817,1.0625915487794744,2.6362308766914215,1.3719831127324928,1.202957274613587,0.245191008929291,0.38976017557082693,0.0005
489,0.11145422727332292,0.11145392459474501,0.008598209839939468,0.10285571475480555,0.3262799434586785,0.1033011539251281,0.0030267857790975523,385.07935460473703,1.0674039466181466,2.6365514464273074,1.3775536977485123,1.1883870540145998,0.2984506955135125,0.12355877304930239,0.0005
490,0.09699967343664626,0.09699937034820962,0.008909016128536031,0.08809035421967358,0.3265924494368702,0.08854278886710121,0.003030884366384537,385.0771352854218,1.067536443289115,2.6369504386210765,1.3771688942580684,1.1921531021162857,0.2873261357835514,0.13080594863341255,0.0005
491,0.08415280470041195,0.08415250039983033,0.013244414414740478,0.07090808598508985,0.3259806780981957,0.07293889608738693,0.003043005816156544,385.08135780156624,1.0633018452407579,2.6374523595520696,1.3715772455476904,1.2111150357778293,0.2515045592263659,0.33578882852129377,0.0005
492,0.08422042897973316,0.08422012459925822,0.011918527171429143,0.07230159742782907,0.32615233133524735,0.07429668344819397,0.0030438047493169633,385.0824486316064,1.0641898480826557,2.637694341919466,1.3715724182997613,1.2157910614779788,0.2570678706936507,0.3324523741290108,0.0005
493,0.07897166959319717,0.07897136638171644,0.014372645058494402,0.06459872132322203,0.3268053882486689,0.06540063299585017,0.0030321148072747317,385.08014003598765,1.069696865758119,2.637735074100935,1.3764589290486595,1.2080498348481277,0.27311958677785975,0.14686520314395568,0.0005
494,0.0778530421554636,0.07785273884270834,0.015119736344593487,0.06273300249811485,0.32677673484650066,0.06352742185929158,0.0030331275525689754,385.080976781916,1.0697948652960012,2.638103223333052,1.3760079985153466,1.2115579002297556,0.26399402200624467,0.2334854600463205,0.0005
495,0.09921494891401113,0.09921464453080016,0.0014443387993663083,0.09777030573143383,0.3259931715688809,0.0993875345358007,0.003043832109758212,385.0869647735145,1.0649801107668053,2.6388739106895134,1.3707197625663683,1.2249896151490363,0.3011322523422285,0.18247696327673008,0.0005
496,0.08749790975349363,0.08749760509450245,0.0028025131287865977,0.08469509196571584,0.3261920247991576,0.0866336049991177,0.0030465899117803593,385.0829192159026,1.0650513788242513,2.639401641979378,1.3711551948391318,1.2219809275747229,0.2826073752357323,0.2340258077439733,0.0005
497,0.07838326735502829,0.07838296334640872,0.013006737080627934,0.0653762262657808,0.32710963257583525,0.06610943348605611,0.0030400861957422067,385.0736000865657,1.0696237369085655,2.6396661875851386,1.3766306965092046,1.2053339813545743,0.27632594110654607,0.11009491811126029,0.0005
498,0.078210872988268,0.07821056849651,0.01197034538435408,0.06624022311215591,0.32724890074789165,0.0669340434883386,0.0030449175800362663,385.07006090270806,1.068982676834791,2.640254588158997,1.3766012940746064,1.2021764995186153,0.2741966120801734,0.11302816096899417,0.0005
499,0.08350201647548637,0.08350171058147232,0.01344357941265663,0.0700581311688157,0.32660459813632875,0.07217180045993199,0.003058940140436504,385.07205111942085,1.0637893223108004,2.6411101255651115,1.3714898984766006,1.2126285945491062,0.253876210774131,0.32120392728183345,0.0005
500,0.07699270889943735,0.07699240267323305,0.012852693463591542,0.0641397092096415,0.32678794756247637,0.06610720846273482,0.003062262043036858,385.0684982472843,1.0637489497904942,2.641631955932365,1.3719619744059621,1.2089460172691837,0.24139609383409893,0.3828747810033505,0.0005
501,0.09482231237337889,0.09482200671594772,0.009913695285033147,0.08490831143091457,0.3277884968568262,0.08534543682754923,0.0030565743117558436,385.06237509170455,1.068433490608907,2.6418326167203596,1.3774806944505955,1.1930453809655113,0.2934299577140756,0.07861800764633392,0.0005
502,0.09119246823163073,0.09119216231437734,0.010228506333688827,0.08096365598068853,0.32775410106573133,0.08144069390143609,0.003059172533946128,385.06144647269787,1.0682115250115112,2.6422598337349488,1.3771985292083866,1.1937709766162747,0.28708708148528844,0.0944171985324491,0.0005
503,0.07872899406619172,0.0787286871110219,0.012966885902143874,0.06576180120887803,0.32682112698772525,0.0678346545512559,0.003069551698041238,385.0660242624035,1.0635657432594623,2.642936323862357,1.3717104285805852,1.2094174767334263,0.2455266211665356,0.35533913674545087,0.0005
504,0.07622030631491779,0.07621999922751266,0.013321755772826316,0.06289824345468634,0.3268652352731731,0.06497995362860014,0.0030708740513255973,385.06565591847175,1.0640585732261942,2.6432664326532564,1.3719055909803324,1.2104524993623196,0.24138069741295493,0.38512246863574834,0.0005
505,0.08421209332712792,0.08421178699237027,0.010793472924165258,0.07341831406820501,0.32773363412450207,0.07388810384937393,0.0030633475766013913,385.06130345736653,1.069198068864715,2.643308824199247,1.3771759550454488,1.1985782695220675,0.28921244057310075,0.059689533432089645,0.0005
506,0.07877174007305593,0.07877143360714625,0.012029304910678365,0.0667421286964679,0.32762633613791164,0.0673842009906425,0.0030646590968390563,385.0620371988277,1.0692749389390095,2.6436376801156007,1.3767325684774856,1.2020819985470224,0.2800221779543516,0.08118028930655369,0.0005
507,0.08142993107137829,0.0814296235512727,0.006150462328864498,0.07527916122240821,0.3267517836119766,0.07726908676964515,0.0030752010558888023,385.06876616003825,1.064701110838024,2.644222951605444,1.371245175348299,1.2185317463776353,0.26718494894649614,0.2991686002087951,0.0005
508,0.08202604125773667,0.08202573401774367,0.0025708310479241473,0.07945490296981954,0.326439936397287,0.08147902851282368,0.0030723999300884615,385.07173515727993,1.0652822664359336,2.6444883496808496,1.371193555835313,1.2214538823561207,0.27631883900494447,0.27568514353240436,0.0005
509,0.07834625447320927,0.07834594813349648,0.01424904645284169,0.06409690168065478,0.3270891530030259,0.06479918937448098,0.00306339712794463,385.0664648557028,1.0702624638907,2.644569180908163,1.3763526814065474,1.2092721870276835,0.2779261884907687,0.14169605940514035,0.0005
510,0.07618699835187288,0.07618669169770334,0.013954403096840786,0.062232288600862544,0.3270552821321853,0.06298353913161407,0.003066541695448891,385.06526181704754,1.0698722121314643,2.645012943949126,1.376109504486853,1.2091838846379306,0.27244541882513124,0.1610691998552838,0.0005
511,0.08152767207977368,0.08152736392216617,0.0038822167835592773,0.0776451471386069,0.3264936303726407,0.07965390616697458,0.0030815760751897263,385.06787141030713,1.0646343145595918,2.6457812889663304,1.3710421991334196,1.219831545698006,0.2725126471522528,0.28858720288122225,0.0005
512,0.07632871791763632,0.07632840928876636,0.00978854548107045,0.0665398638076959,0.3267410968805509,0.0685403354302441,0.0030862886996553896,385.06343050591033,1.0645110951531143,2.6462835671260816,1.371557470541466,1.2159580339265406,0.2509302586195919,0.38149734958351733,0.0005
513,0.08105605613821666,0.08105574837521767,0.01154424795610611,0.06951150041911158,0.3274352138376072,0.07000683676630146,0.0030776299898935687,385.05758487344093,1.069186925382815,2.646494086048646,1.3768882022762021,1.2012081369236336,0.28885200654779986,0.05490008970195751,0.0005
514,0.07826539324474249,0.0782650853462252,0.011430979532470043,0.06683410581375517,0.32727937199928536,0.0674290133775676,0.003078985172893553,385.05707732115087,1.068771486024483,2.646948839613909,1.3765685945709305,1.201532591727113,0.28230049065733104,0.07183159484190664,0.0005
515,0.07901186196122204,0.07901155294297388,0.010199528847350927,0.06881202409562295,0.32643339369222,0.0708274914078039,0.0030901824815353306,385.0619596483459,1.0637685919414577,2.647609421500987,1.3711938344071988,1.2153302358463272,0.25453457084438225,0.35971307332806546,0.0005
516,0.07664219219675006,0.07664188340050666,0.00827409173847379,0.06836779166203287,0.32620545084698094,0.07032753031838886,0.0030879624339699326,385.06312455156234,1.0640946047945459,2.647953913049074,1.3712535086944289,1.2165340843076,0.25398347431629253,0.3778858472582847,0.0005
517,0.07616267763542597,0.07616237027679248,0.012639721514503958,0.06352264876228852,0.3265293127781696,0.06423068368091875,0.0030735863348734017,385.06074809541536,1.0692316379037137,2.648043168938365,1.376197282128392,1.2064560924260004,0.28006094291710865,0.09376227354103953,0.0005
518,0.07400009145312453,0.0739997840326894,0.013169973522288266,0.060829810510401164,0.32642472943096,0.06164108851168668,0.003074204351173819,385.06123607398763,1.06903897930681,2.6484329297025724,1.3757932835189464,1.2088374584253168,0.2719734838261084,0.14813410680422884,0.0005
519,0.08493263513400494,0.08493232633959204,0.001422976467837885,0.08350934987175415,0.32590972157949427,0.08543391375606199,0.0030879441289589737,385.0660592404785,1.0640155969575298,2.649083951834006,1.3705722926134432,1.2223466036786712,0.2840939428084836,0.25749772884857164,0.0005
520,0.0746251297668062,0.0746248200769841,0.004427463331373949,0.07019735674561015,0.32662710232274134,0.07219229685558429,0.0030968982210660464,385.0594636738132,1.0639367060841427,2.6495842796960747,1.3712403556048367,1.2188426623208553,0.26064990296699503,0.3547209304028999,0.0005
521,0.08058874856125055,0.08058843894364492,0.0122571340062299,0.06833130493741503,0.32805059698165695,0.06880178560972873,0.003096176056290962,385.04917202630315,1.0685414498048744,2.649849318108331,1.376938178697461,1.2026225859682487,0.2911900436825074,0.05036164466681725,0.0005
522,0.07987702762459357,0.07987671717770653,0.012010916529316695,0.06786580064838983,0.3285232590392889,0.06835808197062411,0.003104468870489269,385.04542858791075,1.068014232284753,2.6503128138412704,1.376924265194838,1.2015943086947645,0.2884810238660389,0.05464752967383655,0.0005
523,0.07222170615104166,0.07222139404254807,0.011074740114503179,0.06114665392804488,0.3281468606471645,0.06322886022377926,0.00312108493597131,385.0468694610808,1.0628651551813513,2.6509833903262456,1.3717670452162483,1.214144569360058,0.24295080503863253,0.41007158926183196,0.0005
524,0.06937549465763365,0.06937518221910409,0.01157706873019556,0.057798113488908516,0.32840209170323736,0.05985438244847087,0.0031243852955818658,385.0447835872205,1.0630468175180077,2.6513752376321054,1.3720980610826565,1.2136612924419168,0.23619270674076215,0.44715948149273155,0.0005
525,0.08344579896761498,0.08344548746775592,0.012803540391272348,0.07064194707648357,0.3291815920263259,0.07102301373497329,0.003114998590641202,385.0409634428142,1.0680587924106193,2.651521533250667,1.3773393515689125,1.2017604349009767,0.296996455526106,0.040026196358977154,0.0005
526,0.07840345641441372,0.0784031449329602,0.012985732218380062,0.06541741271458014,0.32898632128911837,0.0659508811685816,0.0031148145351493424,385.04175365987084,1.0678729628192645,2.6519106826866015,1.3768729107326554,1.2044579943623055,0.2874619070498325,0.05925177036713362,0.0005
527,0.07318845147647944,0.07318813908683755,0.0030361327285570124,0.07015200635828053,0.3279935753108356,0.07224296601897945,0.0031238964188661468,385.04825284433554,1.0629418731558746,2.6525060089147963,1.3713291288551201,1.2197942761107083,0.2644181450222015,0.32528863452259427,0.0005
528,0.06988240596776749,0.06988209340967269,0.0037328936126373685,0.0661491997970353,0.32803692847183713,0.0682021897731576,0.0031255809479644463,385.0469655036825,1.0630669321180464,2.6529085445078593,1.3715794769300322,1.2191101910766118,0.2566744910894478,0.36722483962464225,0.0005
529,0.07987976897720395,0.0798794570081565,0.013003627925659816,0.06687582908249667,0.32895064494852283,0.06733558633128225,0.0031196904743789463,385.0400225633705,1.0677924841986413,2.653139919633019,1.3770036066101288,1.2044523181000535,0.2923273290486175,0.049176499388853025,0.0005
530,0.07728298085811328,0.07728266848047977,0.012608269607749998,0.06467439887272976,0.3289680583448629,0.06520798406024114,0.0031237763350696317,385.03842635690245,1.067274928889723,2.653596933090762,1.3767608913227554,1.2041419071693997,0.28641981508202685,0.05994760911194197,0.0005
531,0.07105111122282005,0.07105079755986612,0.005804530578260208,0.0652462669816059,0.32817284633216764,0.06729087660837842,0.003136629539233925,385.0425571416119,1.0620783670761584,2.6542416824471298,1.3713845773327566,1.217205332440493,0.2532803676555984,0.3748392273576733,0.0005
532,0.06886425389643147,0.06886394022711582,0.005896799839963974,0.06296714038715184,0.32804577415462605,0.06498276895064083,0.003136693156441263,385.0424822625281,1.0622392602130046,2.6546240502099208,1.371537085301811,1.2170979641109776,0.2485878096524076,0.40677308005293344,0.0005
533,0.0775030502922876,0.07750273775000288,0.012839836101420622,0.06466290164858227,0.3285504478676619,0.0651873438678551,0.003125422847210671,385.03885851245144,1.0672436064522541,2.654786489841126,1.3766807882757677,1.2051666752479242,0.28827467945408536,0.05785003235354495,0.0005
534,0.07502012910384839,0.07501981615135904,0.012736106927366023,0.06228370922399301,0.3285881714088146,0.06290558417486354,0.003129524893532959,385.0375681541697,1.066821968551472,2.655234124739831,1.3764239992020335,1.2055107852953655,0.28225326767671954,0.07322847292365463,0.0005
535,0.07229977844514508,0.07229946413324229,0.0030608350617138728,0.0692386290715284,0.32788350493432566,0.07134174823358957,0.0031431190280110074,385.04222427197334,1.0616949482362092,2.6558580776336465,1.3710592748583315,1.2191002398199764,0.2632966693672927,0.33181035734341335,0.0005
536,0.06789533013427942,0.06789501527152801,0.005249145276472603,0.0626458699950554,0.32820424445520713,0.06467686458456272,0.003148627514095154,385.03887150145493,1.0617501213282328,2.6562936317443957,1.371483110000099,1.2172782884592424,0.24889542746049595,0.40791440039641724,0.0005
537,0.07880967811880552,0.07880936383785642,0.012491022140761423,0.066318341697095,0.3291612303074384,0.0667552210541903,0.0031428094910437698,385.03245139276544,1.0666709032203205,2.656501890153837,1.3769128603580905,1.2036272575184146,0.29233513685364465,0.04832784651234175,0.0005
538,0.07561793619887952,0.07561762161178387,0.012907818053970576,0.0627098035578133,0.329144859891951,0.06328095217153491,0.0031458709565770895,385.0321462792255,1.066408710303926,2.6568920590054455,1.376568545619927,1.2053142985132113,0.2847076795327007,0.06501260199154976,0.0005
539,0.07218390048919397,0.0721835847428618,0.0019010012208953858,0.0702825835219664,0.32829095392902413,0.0724126857865083,0.003157463321828805,385.0384938982002,1.06143453714583,2.6574471630346563,1.3710566858752724,1.2205017228184312,0.2676395405417254,0.3127504798960515,0.0005
540,0.06652826703318628,0.06652795062276826,0.0034540455447185582,0.06307390507804969,0.32868811303541223,0.06517806860244847,0.003164104180216154,385.0347518528524,1.061492642007518,2.657864149390796,1.3715081910441953,1.2186068663352687,0.25295364155244016,0.3884215221898906,0.0005
541,0.08062335459183029,0.08062303829084276,0.012924257403680257,0.06769878088716251,0.3299753886760897,0.06807842927849356,0.0031630098752721283,385.025885530316,1.0662322843128829,2.658099236593803,1.3771687897464562,1.2029304673576782,0.296189417916074,0.04173814419049733,0.0005
542,0.07809765507936377,0.07809733815586316,0.012775308409875365,0.06532202974598779,0.330142637499084,0.06576828671733272,0.0031692350060470087,385.0240297031671,1.065801592648114,2.6585040982505976,1.3769630901416403,1.203090480195484,0.2905930646696142,0.05017944312338584,0.0005
543,0.06674847883809919,0.0667481606141874,0.004408213919856074,0.06233994669433133,0.3293201247000786,0.06446093347129851,0.0031822391179135174,385.0289520889392,1.0607285043463532,2.659072381754693,1.3714769144983001,1.2175585336718038,0.2515058107285232,0.38512887038450955,0.0005
544,0.06448526254864112,0.06448494414549703,0.004092430659205442,0.06039251348629159,0.3293077225657811,0.06249085127673866,0.003184031440894884,385.0287395418768,1.060977996488616,2.659409532730545,1.3716626237792597,1.2178362521589559,0.2479808604759277,0.41156070584100424,0.0005
545,0.07892091883294576,0.07892060115258101,0.013412351613047203,0.06550824953953382,0.33010714559057447,0.06592929994690395,0.0031768036474877554,385.0236423248325,1.06597811354321,2.659563545057223,1.3770111555734015,1.2048405494384882,0.2939292177589158,0.04510320170767789,0.0005
546,0.0763769657861391,0.07637664754780453,0.01325592501308461,0.06312072253471993,0.33018478467926743,0.06362165020382253,0.003182383345759501,385.0221460396289,1.065553630496538,2.659980451914124,1.3767761811450332,1.2050039093609122,0.2880947460850074,0.05501609611833975,0.0005
547,0.0675333227868313,0.06753300327853468,0.002479765921332405,0.06505323735720227,0.3292984457017308,0.0672496343540952,0.003195082966325113,385.0276525141751,1.0604438086013097,2.6605638389932187,1.371274089910687,1.2192639351500205,0.2594690889014143,0.348100334433922,0.0005
548,0.06334880189691497,0.06334848178773714,0.004576628221081408,0.058771853566655735,0.3295608425627539,0.0608507748152353,0.0032010917783388227,385.02446632223706,1.0604683497607592,2.6609728723272363,1.3716844329115228,1.2171739094722624,0.24446678562902097,0.4319629469762781,0.0005
549,0.08017116624588977,0.08017084663069242,0.012906961486974016,0.06726388514371841,0.3305179580104206,0.06762445331893618,0.003196151973513978,385.0181420519573,1.0653687553144513,2.6611596926408887,1.3771735828859624,1.2028747093453327,0.29721653246758345,0.04031957415895038,0.0005
550,0.07610222250327758,0.07610190260728329,0.012861126355642936,0.06324077625164036,0.330382977033432,0.06371237456880684,0.0031989599428662724,385.01827868333504,1.0650808655628876,2.6615336813962664,1.376785379210635,1.2044228356272282,0.2890096816720632,0.052562216286427585,0.0005
551,0.06578470301287641,0.06578438171558232,0.00291680441042762,0.0628675773051547,0.3295845684266546,0.06506571230367669,0.003212972940952269,385.0231574762247,1.059953965319175,2.6621232617055974,1.3713184835235823,1.218481528037739,0.2553330582738765,0.36972948179761095,0.0005
552,0.06218522665377694,0.06218490476163692,0.004700982416120684,0.05748392234551625,0.3298533298742217,0.05955347276091975,0.0032189214001933785,385.02028611613486,1.0600363658276681,2.6625166949756944,1.3717145845047942,1.2168382218805391,0.24211981246305542,0.4466386335898107,0.0005
553,0.07988994975379582,0.07988962841155375,0.012976239406634156,0.06691338900491961,0.3307975708106677,0.06726138320889762,0.0032134224207118834,385.01450142401154,1.0650351814105032,2.6626828834803082,1.377179670408961,1.2032249318638033,0.29795574305345535,0.038927520066584384,0.0005
554,0.07578957381499025,0.07578925222864549,0.013202346643104823,0.06258690558554067,0.3306519474922409,0.06306811171359201,0.003215863447675651,385.0150150221168,1.0648176150583164,2.663045921061308,1.3767649442656906,1.2053194800249585,0.28938732183840393,0.051703787504426925,0.0005
555,0.06789768931101588,0.06789736658648218,0.0014397308469629166,0.06645763573951928,0.3296629844248828,0.06866410322083527,0.003227245337000857,385.02196540664784,1.0598167933396792,2.6635955463986716,1.371150151733872,1.22079426662372,0.26506470154398637,0.32528424176765386,0.0005
556,0.061512959143040474,0.06151263559866585,0.003107743365483039,0.0584048922331828,0.33008557832705,0.06056255698561218,0.0032354437462716393,385.0175764616523,1.0597895082826705,2.6640096061922325,1.37164630045692,1.2181276055429924,0.24710421016115702,0.4223972568522338,0.0005
557,0.08241778366432552,0.08241746003138335,0.013028366376525236,0.06938909365485811,0.3314748397988435,0.06969179380772654,0.003236329421696519,385.00812993989643,1.0644710071172943,2.664225545527596,1.3774338737781777,1.2013813464613063,0.30223084459473815,0.034882355486898435,0.0005
558,0.0807514153021805,0.08075109079460256,0.012545424498606378,0.06820566629599617,0.33174753356788034,0.06854687715494061,0.0032450757792780944,385.0053486444961,1.0639363733634624,2.6646341780225327,1.377314356200639,1.2005129327449469,0.2979918153395354,0.03974607517242098,0.0005
559,0.06166626632829374,0.06166594022118612,0.007808119473435509,0.05385782074775062,0.3310348204252703,0.05588546029645924,0.0032610710761337945,385.0083930270666,1.058730103015137,2.665239433305631,1.3718706429581669,1.214089781195201,0.23454836449098002,0.477014820269074,0.0005
560,0.059627171597538366,0.0596268457050165,0.004135595695844639,0.055491250009171864,0.33073120013984364,0.05758950110683573,0.003258925218613623,385.01126287715533,1.0592699933641168,2.665525917097119,1.3718207012013406,1.2169234487702068,0.2405083773452887,0.4564660762891487,0.0005
561,0.07775306095278939,0.0777527362324627,0.013930904699165374,0.06382183153329732,0.3312514653741852,0.06424481843843587,0.003247203266781353,385.0092901313302,1.0646303308503826,2.6656181623056514,1.3769682679942012,1.2065990323464313,0.295439282385139,0.04453390583879678,0.0005
562,0.07169270857975812,0.07169238405998397,0.01220556500408375,0.05948681905590023,0.33077836581237235,0.06019007208601049,0.0032451977414817207,385.01257293378586,1.0645960391997646,2.6659557420859223,1.376321961231626,1.210680247333285,0.2841088479929101,0.09637375518610795,0.0005
563,0.09067229623579583,0.09067197128747907,0.00084188520008583,0.08983008608739326,0.32923451097801276,0.09162009966867074,0.0032494831674849136,385.0257956997035,1.0597694158606152,2.666437132241849,1.3703448822960012,1.2288257500777993,0.3034555530637198,0.24780826243533494,0.0005
564,0.08081218373114893,0.0808118582503861,0.0008650248129653985,0.0799468334374207,0.3293707844439902,0.08179040637899411,0.0032548076282745753,385.0227828739992,1.0597013708907905,2.666856793509467,1.370673997393234,1.2267278134469566,0.2895810381843565,0.2855507185021596,0.0005
565,0.07509417270567467,0.07509384656906166,0.013160998949003258,0.06193284762005841,0.33105596179127866,0.062393182187170444,0.0032613661301171054,385.00698890200675,1.0639110322670642,2.6671890140257424,1.3767049975958758,1.2063618365983075,0.29158646946582084,0.0487724222710155,0.0005
566,0.07613254003574477,0.07613221236077106,0.012364189186053486,0.06376802317471757,0.3317220689649221,0.0641855491034164,0.0032767497370887982,385.0003495265275,1.0628542073069958,2.6676716941935297,1.3768723815329384,1.2017380441387713,0.2912451747456508,0.04873895735442653,0.0005
567,0.06314552345718502,0.06314519353106089,0.009387372666492434,0.05375782086456846,0.3314202677929813,0.05574603073090785,0.003299261241256373,385.0002221071063,1.0571868773646416,2.668341668762859,1.3716804321841232,1.2121582471105499,0.234192429557805,0.4691290859952633,0.0005
568,0.06069162103238602,0.06069129071160615,0.009143174508765365,0.05154811620284079,0.331590736150769,0.053429321298111544,0.0033032077986845897,384.99909089544735,1.05743405860531,2.668675374240755,1.3719164725892257,1.212368980454015,0.22939349479204793,0.5054993342513966,0.0005
569,0.07624851230685777,0.07624818337539137,0.013185512009342303,0.06306267136604907,0.33211781740822116,0.06344480845271049,0.0032893146640367607,384.9984392788756,1.0630742063803855,2.6687079469659984,1.3769744859601125,1.2040872688585837,0.2937531211355421,0.04173986210045705,0.0005
570,0.07012612164130774,0.07012579285965674,0.012524072068019216,0.057601720791637535,0.3318238468507187,0.05830286152969503,0.003287816509951526,385.00175268092005,1.0632412151232404,2.669019345039522,1.3763149910727135,1.2095584379730033,0.2815560184897609,0.0877385272544055,0.0005
571,0.09388692748210957,0.09388659829302189,0.0008534615039428086,0.09303313678907908,0.330379422528983,0.09478600892951998,0.003291890876835349,385.01607938772673,1.0586168646141783,2.6694835616982346,1.3702616688518092,1.2294425304794125,0.3090380016175935,0.22497271428283674,0.0005
572,0.08889088533519128,0.08889055570240427,0.0009134898713256644,0.0879770658310786,0.3305519311887782,0.0898128426830517,0.003296327870161492,385.0144027042405,1.0587405415562094,2.66984508725847,1.370515560311765,1.2289486472546725,0.3024899991311185,0.2500825400365978,0.0005
573,0.07131825511939799,0.0713179249391696,0.012699297578986227,0.05861862736018336,0.33222653966475696,0.05927162694569874,0.003301802283958876,384.99862877308874,1.0631002828949778,2.670111361379267,1.376481125634422,1.2097580794570184,0.2851642201169817,0.08148417346198344,0.0005
574,0.06987765328148919,0.0698773221042293,0.01322037073391528,0.056656951370314006,0.332497118235385,0.05730044120428628,0.00331177259887108,384.99449970156826,1.0622111355844244,2.670550587234302,1.3763678762646308,1.2073024133148436,0.28005154638818014,0.07237005776466528,0.0005
575,0.06641372038281072,0.06641338751176609,0.0014951384079605686,0.06491824910380552,0.3317466718563286,0.06729914870459419,0.0033287104463071726,384.99843392125536,1.0565759945761344,2.671209227036748,1.370898668328497,1.2192204613358677,0.2662224159413872,0.28915805264068833,0.0005
576,0.06095832622333529,0.06095799231804417,0.00619261004221875,0.05476538227582541,0.33221392249114906,0.056989292379032684,0.003339052911189089,384.99223344698754,1.0561056584393942,2.6716408974680528,1.371467596283829,1.2141778328903827,0.2406893576701491,0.43202155561448835,0.0005
577,0.07625041676701105,0.07625008347384665,0.011839093656537137,0.06441098981730951,0.333101307141314,0.06481390118102485,0.0033329316440205083,384.985883118613,1.0608858377760633,2.6717529771257604,1.3769750245974606,1.1992925855861392,0.2909242389293406,0.04977639217126149,0.0005
578,0.07091320640762733,0.0709128729543849,0.012179617167872685,0.05873325578651222,0.33286875087964274,0.059273116563734754,0.003334532424212341,384.9867022650218,1.0605606413907105,2.6720949471386053,1.3764709955394085,1.2015094546618343,0.28060423408235474,0.06800464374201383,0.0005
579,0.06826941497026849,0.06826908049000242,0.0015670364315201336,0.06670204405848229,0.3317674647737913,0.069097662655005,0.003344802660684394,384.99547584510475,1.0555715576490807,2.6726371044226145,1.3706395562636273,1.2185564991586002,0.2694511734383779,0.2640213516727722,0.0005
580,0.06534416165665628,0.06534382687975737,0.0015017538264127945,0.06384207305334458,0.3318469939622703,0.06627476541814109,0.0033477689890556096,384.99490464007704,1.0557788905308085,2.6729282018800555,1.3708400651075328,1.2188368290079392,0.26477810946342334,0.29718833445515785,0.0005
581,0.07055480741732427,0.0705544728908075,0.012518418974973612,0.05803605391583389,0.3330652720062134,0.05854269986615997,0.0033452651676223223,384.98560764956034,1.0606130264405702,2.6730054023991663,1.3765221622044204,1.2035052239520037,0.2828460187032179,0.057316708810676964,0.0005
582,0.06855999558398854,0.06855966022209808,0.012510613050465568,0.05604904717163251,0.3333713947111158,0.05663564061054543,0.003353618904465969,384.98321645588345,1.0601178491348748,2.6733405259495022,1.3763511741823005,1.2035433987593547,0.277464634351023,0.06931616633321935,0.0005
583,0.0645202212835873,0.06451988405100169,0.0024077916269081186,0.06211209242409358,0.3329018920228319,0.06451414473550032,0.0033723258560849033,384.9870643014006,1.0548094516039224,2.6739312107972295,1.3709344315255783,1.2172380950721056,0.2607562317930086,0.3031728114698564,0.0005
584,0.05954125502342302,0.05954091695715367,0.004407830034033723,0.05513308692311996,0.33339267046984256,0.05748464482668089,0.003380662693554592,384.9830210367325,1.0548153014925346,2.6742495418097407,1.3714162364819438,1.215286146041554,0.24501414840190103,0.39696220919662567,0.0005
585,0.07431189132857031,0.07431155378810665,0.013192964234915878,0.061118589553190765,0.33446162983158717,0.06151686378503126,0.003375404636630715,384.9763228005269,1.0598263216725998,2.6742839588840486,1.377005602416764,1.2013209708380892,0.28921385198897753,0.04432003476969148,0.0005
586,0.06981207526766456,0.06981173741677806,0.013097775483196746,0.05671396193358131,0.33438576945383985,0.057240709984153676,0.003378508864973757,384.9766199868444,1.0595570559432494,2.6745996333927042,1.376601586218049,1.2034330826084623,0.28055008174027984,0.058224678345525915,0.0005
587,0.06556464978208898,0.06556431067500168,0.00132376935391691,0.06424054132108477,0.33342137848965525,0.06661366227691261,0.0033910708730384154,384.9838900407205,1.0544303960999049,2.675173396447734,1.3709019240574654,1.2191519578454897,0.2673786262625408,0.27291766269079515,0.0005
588,0.059645738778209056,0.05964539904987045,0.002396953578396638,0.057248445471473806,0.3336845726212835,0.059696622798591725,0.0033972833860423757,384.98085737332207,1.0543871070293451,2.6754939410493344,1.3712929756909664,1.2172476202180356,0.2530160200026397,0.35581264389936623,0.0005
589,0.07461717228741457,0.07461683276889007,0.013089327770707105,0.06152750499818297,0.33488731256287885,0.06190662674268515,0.003395185245015741,384.9718902122311,1.0590652894030268,2.675557553781486,1.3770522628186823,1.2007751305072165,0.29032025124315913,0.042302340562387845,0.0005
590,0.07210832951929134,0.07210798934588397,0.012648034126098143,0.05945995521978582,0.33496918378346396,0.0599129225738958,0.0034017340737252295,384.9702324926266,1.058473026637205,2.6758972859518257,1.3768181345953316,1.200481653776195,0.28447297781528724,0.05172212172507992,0.0005
591,0.06073604570827648,0.06073570403376875,0.004583788730181592,0.056151915303587166,0.33410326426736103,0.05853973024276376,0.0034167450773081986,384.9753362589382,1.0531456578860738,2.676495443372724,1.371210009578649,1.2147336673662152,0.24776098339883376,0.36915612794630703,0.0005
592,0.05846651516805164,0.05846617346648955,0.0037778774428323856,0.05468829602365717,0.3339404348730338,0.057061799740356155,0.0034170156208827357,384.97618176994615,1.053388751449177,2.676773225548408,1.3713217376201152,1.215442776409503,0.24561045463159617,0.39636273190798693,0.0005
593,0.07080317962770305,0.07080283904873548,0.012820748927023872,0.05798209012171162,0.3345441200370555,0.058429736384707526,0.003405789675724858,384.97224645481765,1.0585796776803704,2.6767874695723357,1.3766678311676457,1.2032246685492192,0.2854983048316024,0.04861751109592909,0.0005
594,0.0662381893424523,0.06623784878385289,0.012719606497619957,0.05351824228623294,0.33421543232849765,0.054191196356571006,0.0034055859942372473,384.9742246633188,1.0583887519050386,2.677095770043691,1.3761337089664547,1.2062097899797486,0.2755662664037549,0.07592769582486282,0.0005
595,0.07712629056833675,0.0771259491463442,0.0005747974292179664,0.07655115171712625,0.332988638535295,0.07851082854126833,0.0034142199255055993,384.984952761757,1.0533817883804493,2.677630003677295,1.3702660803520803,1.2233850673713045,0.2895527064517421,0.21564994171276466,0.0005
596,0.06787171860540651,0.06787137657825067,0.000726457153039894,0.06714491942521077,0.33324951407624387,0.06937156698883432,0.0034202715584655524,384.9816413870242,1.0533099972638436,2.6779526149921713,1.3706628775949836,1.2213271777740753,0.2741841796583548,0.27115256226808354,0.0005
597,0.0713610493923193,0.07136070698566863,0.012617988917116494,0.058742718068552136,0.334866669069718,0.059162781759498496,0.0034240665066567733,384.9678821912199,1.0576880463654754,2.6780572013374524,1.3767103099645719,1.2020296302173425,0.2868517029286024,0.04661043492760258,0.0005
598,0.07115875603047321,0.0711584125080698,0.012126590542424282,0.05903182196564553,0.335304415402002,0.05948868558129284,0.0034352240341084463,384.96385602424,1.056888658798555,2.6783897825983876,1.3766887085982333,1.1999423211258329,0.2840169810321119,0.05295861780843229,0.0005
599,0.05975022785279255,0.05974988233413678,0.0066067956331663505,0.053143086700970434,0.3348451110355822,0.05553194162702708,0.003455186557708459,384.96626311662305,1.0513984023670364,2.678980438435659,1.3712868557182334,1.2127412829986775,0.24152624859009442,0.4021605460677252,0.0005
600,0.05663214396834375,0.05663179825586226,0.005518218872793929,0.05111357938306833,0.33492573620436866,0.053408292123710406,0.003457124814864649,384.9660999758681,1.0517218564465483,2.6792363970161395,1.371485652433129,1.213620269114874,0.23753158445451356,0.44151887507082904,0.0005
601,0.07096415038602907,0.07096380603868002,0.0132538745415015,0.05770993149717852,0.3355294786727904,0.05813474896619704,0.003443473490547708,384.9637421579811,1.057236827029848,2.6792090478032824,1.376750765475842,1.2034518519545163,0.2868135326352261,0.045665368462760425,0.0005
602,0.06569632520073491,0.06569598098199048,0.012700112346660698,0.05299586863532977,0.3352460142013616,0.053696432512601505,0.0034421874444257004,384.96635411661293,1.0572391843488183,2.679498840483992,1.3761792247659637,1.2076254917328955,0.2760667717316801,0.08496826367933744,0.0005
603,0.090349649809428,0.0903493053758238,0.0006249189814221369,0.08972438639440167,0.33364017781110233,0.09146221682173898,0.0034443360421421865,384.9818454232629,1.052560372969888,2.6799714811472914,1.3700153745970938,1.2278414494497754,0.3077938258551052,0.21222584667959293,0.0005
604,0.08624871783813144,0.08624837322667789,0.0006689351308880012,0.0855794380957899,0.3336289172836002,0.0874127957379116,0.003446114535468917,384.9813858419258,1.052673510002771,2.680251088282234,1.370207978221747,1.2276433630091566,0.3021955643207465,0.24056531555113694,0.0005
605,0.06523255353366181,0.06523220869192879,0.011689292778115605,0.053542915913813174,0.3351137388707597,0.05424208114995173,0.003448417330200267,384.9664095717104,1.057061620938355,2.680372357262974,1.37616102806265,1.208698363415409,0.27832213849435317,0.08934836108085464,0.0005
606,0.06356321496065355,0.06356286941574762,0.012182220917282067,0.05138064849846554,0.33520881379404577,0.05213831274272372,0.0034554490592943765,384.96387750914363,1.0562299182215316,2.6807161370691968,1.3759408134249096,1.207361477615266,0.272088138629146,0.09218526394230514,0.0005
607,0.0708333007685786,0.07083295373424756,0.0005648530376377692,0.07026810069660978,0.33433201414363967,0.07250031775676212,0.0034703433105139525,384.97030987647594,1.0506338923246372,2.681307674703449,1.3703156939089312,1.2207742524080178,0.2818532906533451,0.21095579950588622,0.0005
608,0.059520382658522594,0.059520034589845464,0.00256017885450376,0.0569598557353417,0.33485033330773145,0.05948846203077025,0.0034806867713293365,384.9637587299626,1.0501267237772756,2.681656426355928,1.3709096007856818,1.2158360875468384,0.254230449273556,0.3405449985326812,0.0005
609,0.07298504591590818,0.07298469786373081,0.011226506576017786,0.061758191287713024,0.33624556821946244,0.0621701883859169,0.0034805217737569004,384.95283314081115,1.054597484910001,2.681699320309315,1.3768374415139213,1.1976072992144087,0.28752118456428477,0.05223447404873376,0.0005
610,0.07188616897866748,0.07188582004936166,0.010971942283923187,0.060913877765438475,0.33657159941764925,0.06139526051177115,0.003489293058182786,384.95001960273896,1.0539349350660459,2.6819999894179394,1.3767076797952997,1.196751779150538,0.28294600672301756,0.06422692566119516,0.0005
611,0.0609747641049903,0.06097441367208542,0.0061699926018395565,0.054804421070245864,0.33582210717483496,0.057319613128923384,0.003504329048809477,384.95540557989835,1.0487740315058498,2.6825457289307097,1.3710364455351,1.2124569554531903,0.24756421429758318,0.35615868313146,0.0005
612,0.05797050522721907,0.05797015502540507,0.0026197503220744232,0.05535040470333064,0.33569155352896723,0.0578609505757219,0.0035020181399742435,384.95791791355987,1.0494309317981174,2.6827417289403366,1.371052924284726,1.2157137601687051,0.25141522001162325,0.3518351892964943,0.0005
613,0.06713770771192894,0.06713735868360157,0.013121955942625718,0.054015402740975854,0.33648133664667684,0.05454900751691328,0.003490283273608802,384.9536798582338,1.0549338515959632,2.682677501582458,1.3764589145600366,1.2046380306230746,0.2801487049652923,0.057080050747105426,0.0005
614,0.06128221326467519,0.061281864401412194,0.011161469348349336,0.05012039505306286,0.3362084360647044,0.050953551777291176,0.0034886326299247796,384.9566448562409,1.0550002544221835,2.6829262208992852,1.3758865193118672,1.2090374596151208,0.2696106756862588,0.11897771297575169,0.0005
615,0.09645946112922602,0.0964591119642665,0.0005461374210212754,0.09591297454324522,0.3346553571535111,0.09750635920359749,0.003491649595141241,384.9724563660672,1.050279004187782,2.6833913693806952,1.3697443880915203,1.2289226320929167,0.31705576192741086,0.18385042250091335,0.0005
616,0.09074797623139486,0.09074762685100636,0.0005881064657297436,0.09015952038527662,0.3346681089488526,0.09189980848567877,0.0034938038849116866,384.9716199656,1.0503615554452235,2.683651545660938,1.3699618850777233,1.2284098610366836,0.309803525868009,0.2094936297721262,0.0005
617,0.061558778008222785,0.06155842843749614,0.010737373625892522,0.050821054811603615,0.3361285690907872,0.0516155896482385,0.003495707266399707,384.9561127106665,1.0547421817830092,2.683731033852606,1.3759292096435671,1.2093031495864053,0.2724796893427948,0.1105819157204107,0.0005
618,0.05987349556246439,0.05987314532702955,0.011240014343315771,0.04863313098371378,0.33617128796884566,0.0495094173755097,0.003502354348445858,384.95381277708884,1.053900080072505,2.6840525420785006,1.3756866260928402,1.2079495909291333,0.2659260178906995,0.11627017355527884,0.0005
619,0.0809336800689492,0.08093332876828839,0.00033935315064255304,0.08059397561764584,0.33497436837331496,0.08249402111921539,0.0035130066080937532,384.96389168709476,1.0484779616891566,2.6846034324811843,1.3698346909550039,1.2232666187251384,0.3006544264796974,0.14941872735898287,0.0005
620,0.0686223280858485,0.06862197612737164,0.0005285792112852962,0.06809339691608633,0.33521191974631315,0.07052821561502749,0.003519584768571988,384.95959938437136,1.0481287644694819,2.6849061879445753,1.3702500644087452,1.2198183510121807,0.2808278994895649,0.1983257249483689,0.0005
621,0.06672358458211655,0.06672323246638591,0.01198865016927866,0.054734582297107245,0.3366843984048065,0.05530258006585199,0.00352115730646213,384.94593496214884,1.0524431701400896,2.6849328703379514,1.3762704143021518,1.2002321307908705,0.2764780812805275,0.07354061610307007,0.0005
622,0.06710447940157585,0.06710412610627908,0.011183154121119178,0.0559209719851599,0.3371985247293303,0.056515715894269715,0.00353295296771445,384.9416301650853,1.0515879781631203,2.6852321586434718,1.3762731833250652,1.1978880671508996,0.2737748995266063,0.09146493794733176,0.0005
623,0.06370728322948029,0.0637069277039574,0.007513138647357867,0.056193789056599545,0.3369470204287252,0.05880034140247707,0.003555255228872739,384.94379333279323,1.0460955920624553,2.68577498858632,1.3708988536014945,1.2108324185566752,0.25099165575846066,0.31802706600009556,0.0005
624,0.058228726649361864,0.05822837078425397,0.006312161364488545,0.05191620941976542,0.3372749392698678,0.05441189269397736,0.003558651078928611,384.9425951093161,1.0465828052046546,2.685977776734568,1.3712029483708639,1.2118638591977593,0.24320549307496803,0.3777009314053728,0.0005
625,0.06667467669070559,0.06667432227029298,0.013199271323749307,0.05347505094654365,0.3380304142402286,0.053978624981778925,0.0035442041262034886,384.9397472930548,1.0524271830715093,2.6859001866946075,1.3765614217719762,1.2023509474246605,0.2783264836146628,0.05661080369790212,0.0005
626,0.059439349820141325,0.059438995901273925,0.01129589621312481,0.048143099688149116,0.33762602350046766,0.04902540527580914,0.003539188673987635,384.9445706786054,1.0528503644563818,2.686095574959609,1.375856220203277,1.2088100002342488,0.2657805970748941,0.12770689005674632,0.0005
627,0.10666240976788284,0.10666205595592766,0.0005507360711841106,0.10611131988474357,0.3358298931400322,0.10748271856481048,0.0035381195518476185,384.9638909752829,1.048438294050509,2.686544166495524,1.3695151005925472,1.2309149617792252,0.3293485505477215,0.1663872598390505,0.0005
628,0.10889159664067204,0.10889124300914928,0.000599668502732664,0.10829157450641659,0.33559649747996717,0.10975902745709416,0.0035363152275300546,384.9661499934008,1.0487828831833463,2.6867555361601436,1.3695577808823662,1.232267338461296,0.3310095210291889,0.18252446425966548,0.0005
629,0.05500310392814236,0.05500275042006984,0.005615426296694284,0.04938732412337556,0.33684787577440817,0.050049904279392786,0.003535080725134434,384.9510758529977,1.0533580379160523,2.6867994871244383,1.3753927121499736,1.2143780827478012,0.26362466356973085,0.2432353311814985,0.0005
630,0.05250582493861534,0.05250547087812656,0.006231855423536953,0.0462736154545896,0.336706649639224,0.04717370838420482,0.003540604887732792,384.94912760213987,1.0524302400704122,2.6871307698974523,1.375076904726238,1.212777049869411,0.2554335742384932,0.2525912682135484,0.0005
631,0.09983446680449813,0.09983411168075838,0.00023328969866024359,0.09960082198209814,0.3353365872540996,0.10109287157355033,0.003551237397545491,384.96068607968726,1.0467800412690456,2.687716928023273,1.3691689411885444,1.227211551422228,0.32775233497373796,0.0999528949961137,0.0005
632,0.08229572004576623,0.08229536421391602,0.0002087976490398495,0.08208656656487615,0.33545114066930115,0.08403200799742981,0.0035583185020750213,384.95564408702614,1.0461896255834078,2.688055362414981,1.3695680208293153,1.2225639887055422,0.30519958632502625,0.10935792179826297,0.0005
633,0.06121331185777264,0.061212955810609294,0.011748983622066991,0.04946397218854229,0.3368393582929224,0.05021381080704806,0.003560471633440647,384.9399634873095,1.0502822008955963,2.6881021794385673,1.375604390553752,1.2016988595860696,0.2643559507443854,0.11984446893123862,0.0005
634,0.06173225211965063,0.061731895002176365,0.011494075534400116,0.050237819467776244,0.33721850971306055,0.05099371729589903,0.0035711747426719464,384.93623221292154,1.0493969316208502,2.68840288991694,1.3755395536968302,1.1994513674599776,0.26088305636839254,0.15261878344762322,0.0005
635,0.07168261745883289,0.07168225821139436,0.0037477947559505786,0.06793446345544378,0.3369182126381281,0.07029206263008594,0.0035924743853949608,384.94044332005063,1.0440289112044856,2.6889500234352774,1.3700960297156215,1.2133005705012843,0.2729207260122205,0.19834525303446332,0.0005
636,0.0639590640324619,0.06395870423288097,0.0036177586915534005,0.060340945541327566,0.3374216786223911,0.06293522134378911,0.003597995809394683,384.9378306268792,1.0444832926002345,2.6891532415526003,1.3705149340249092,1.213504994546008,0.2621458935110581,0.25734447538461114,0.0005
637,0.06308140496042795,0.06308104603901196,0.012514812433537522,0.05056623360547445,0.3386050723932408,0.051196052558649285,0.0035892141599453533,384.9306152915768,1.050124183505127,2.689101712687222,1.3761911949747698,1.2013135893868299,0.2700579445964772,0.08056758411982932,0.0005
638,0.05802553078021666,0.0580251718511976,0.01222205378459434,0.04580311806660327,0.3386286099783221,0.04670724000791023,0.003589290190626171,384.93266633663114,1.050497754045535,2.689288772179908,1.375739716529683,1.2062717461365704,0.26051890524894905,0.11991366723795,0.0005
639,0.09263466652407282,0.0926343069786289,0.00046685345756582674,0.09216745352106306,0.3374275002319416,0.0935341157659815,0.003595454439219371,384.94730277567817,1.0460314625879874,2.6897450762420743,1.3697096592776659,1.2266609298451847,0.3154633799955279,0.14916364522733416,0.0005
640,0.08931360273685103,0.08931324295262691,0.0005920917771623494,0.08872115117546457,0.33761612020517584,0.09022753092128828,0.0035978422411850563,384.946780621407,1.0464235567108433,2.689951747035928,1.3699810691620138,1.227201285425824,0.3102139096976537,0.17954400805721352,0.0005
641,0.05882401914887639,0.058823659381935595,0.01136094058717266,0.04746271879476294,0.3390957177904817,0.04833686206003077,0.003597669407939576,384.93236434711065,1.0511227457679215,2.6899515865279726,1.3759531688078546,1.2093947222892205,0.266067305269016,0.13575869027796575,0.0005
642,0.05509028940412384,0.055089929394987254,0.010193407608429269,0.044896521786557994,0.3388304180471554,0.04590819508403344,0.003600091365872623,384.9322130169088,1.0504801613965282,2.6902314653247217,1.3755478224864257,1.2093175853539835,0.2575253836404288,0.17232217551906232,0.0005
643,0.09282862690574903,0.09282826631773794,0.00029228302322856085,0.09253598329450938,0.337127925503402,0.09397356210913853,0.003605880110935587,384.9459279876033,1.045092532467952,2.690788176332034,1.369440122498694,1.2255089910124324,0.31886569059672126,0.11217641803397832,0.0005
644,0.08188165839071493,0.0818812976544307,0.0002410719618814618,0.08164022569254925,0.33686000655094284,0.08345191580074396,0.0036073628423140204,384.94428896171746,1.0447500876925053,2.6910761649648585,1.3696329702807473,1.2226279976753656,0.3052750990751279,0.11211856926352322,0.0005
645,0.058329981803902975,0.05832962139110101,0.011862101264729839,0.046467520126371176,0.33787417726858454,0.04730134520416193,0.0036041280196187826,384.9309802944476,1.0490421633122184,2.6910921270679715,1.375485646170535,1.2031625077602073,0.26004576523433215,0.12510256353542532,0.0005
646,0.05703499075541761,0.057034629875295416,0.011727548818454546,0.04530708105684086,0.33781395811047077,0.04619853041105783,0.0036088012219684636,384.92990429879546,1.0483373764267698,2.691374232632063,1.3751915797688679,1.2024712875069827,0.253642861510856,0.16858316449107041,0.0005
647,0.07773265738951962,0.07773229479813466,0.0007005424252894372,0.07703175237284522,0.33720503606587454,0.07913749447850513,0.0036259138495193795,384.9370268167972,1.0430270504758543,2.691921309533001,1.3695960609330415,1.2171328490621083,0.29430172935033205,0.10112975691210292,0.0005
648,0.06761737580037842,0.06761701251277479,0.0016068925574456686,0.06601011995532911,0.3377468167018436,0.06852456153625677,0.0036328760363239843,384.9328283412363,1.0431889431040846,2.692147020243914,1.370117324728272,1.2153902674990782,0.27627349187335504,0.18000186057976797,0.0005
649,0.06211129867328272,0.0621109358165444,0.01211559630615161,0.0499953395103928,0.33917689959796227,0.05066875515601449,0.003628567383131676,384.9219724030395,1.0483777536527885,2.692130400252821,1.3760494691788032,1.1998329386956188,0.2672638953448242,0.09475529000567705,0.0005
650,0.059607627504058784,0.05960726398716549,0.012401873256271493,0.047205390730893984,0.33961608848862823,0.04795616123294666,0.0036351689329394933,384.92012498436736,1.0483152503852404,2.6923650483440205,1.3759168436404727,1.2013516447027586,0.2621278232000813,0.10461704148433457,0.0005
651,0.07014486236071614,0.07014449748258739,0.0005308417991606203,0.06961365568342678,0.33894451894814576,0.07165325054400325,0.0036487812875005956,384.9287851569359,1.0435766977277983,2.692798767971947,1.3702074587030575,1.2190238594528413,0.28526920555699325,0.15558846326244516,0.0005
652,0.06281492155660215,0.06281455611237732,0.0007646872800841341,0.062049868832293194,0.3394491406455633,0.06432265159947761,0.00365444224819915,384.9259192405224,1.0439530349235362,2.6929935287116384,1.3706743533809032,1.218580182221973,0.2719818288169299,0.2172043602966995,0.0005
653,0.06584936962509626,0.0658490043127327,0.014810876138649119,0.05103812817408358,0.3410014810517787,0.05154282452099809,0.003653123635476782,384.91421617557916,1.0488693377713485,2.6930257499833155,1.3767019961745637,1.2015655031196135,0.27554090814704246,0.05519558342632611,0.0005
654,0.0625918498673825,0.0625914841615329,0.014006159842288965,0.048585324319243915,0.3409675723544765,0.04920825555744389,0.003657058496023489,384.91348293904986,1.0484164273280392,2.6932765067025786,1.3764124733012213,1.2018094154857915,0.26885340529537155,0.07092458827172907,0.0005
655,0.06436328601879766,0.0643629193388713,0.000846189130838572,0.06351673020803274,0.339612656092689,0.0657806808800264,0.003666799263601712,384.92298123051125,1.0431367626514647,2.6937242302228004,1.3704833898024873,1.2174956465353302,0.27461724028394496,0.19386802183894528,0.0005
656,0.05876913658570178,0.05876876980673646,0.0015560369859494879,0.05721273282078698,0.33942197112745626,0.05978588951581,0.0036677896531937897,384.9221583467424,1.0430652257838304,2.693963330990561,1.3707059605007228,1.215655920750349,0.2627436846966798,0.25195486419580065,0.0005
657,0.06395051941696865,0.06395015353261486,0.012363010794505944,0.05158714273810893,0.3401758074038742,0.05214442281653354,0.003658843537828314,384.91436438053677,1.047828657423734,2.6939982234624695,1.3763869279049306,1.1991784876830807,0.2731557544844683,0.06715314239011423,0.0005
658,0.06098814284015928,0.060987776744660105,0.01213108048621471,0.04885669625844538,0.3399332922175397,0.04954675937884778,0.003660954991740217,384.91462981668775,1.0473160278430647,2.694247390693742,1.3760043120601095,1.1996036168907624,0.26565456410799293,0.09181458345729804,0.0005
659,0.06529901839794548,0.0652986510409909,0.001424716437600288,0.06387393460339062,0.3388779851515394,0.06640025104659585,0.003673569545771995,384.9232012959846,1.0421079380618483,2.694712697422859,1.3701927918480468,1.2154199142410334,0.274732639594183,0.18194066994751787,0.0005
660,0.06032109854405952,0.06032073105317224,0.0016087994311666692,0.05871193162200555,0.3388936514759796,0.061421217073155523,0.0036749088728517927,384.92267728068697,1.042378616787101,2.6949192304869554,1.3704526494736646,1.2151965777675486,0.2661026309386559,0.23324406716238263,0.0005
661,0.06234426924747689,0.06234390262408724,0.01237496853739763,0.049968934086689606,0.3398826655061387,0.050551367329554515,0.003666233896452932,384.91471076057263,1.047572304623308,2.6948937137334372,1.3761802194809614,1.2005067634453457,0.27186248778104755,0.06787080915369569,0.0005
662,0.05826507470878951,0.058264707974668116,0.012202181390636278,0.046062526584031836,0.3398007089831424,0.046824223717468985,0.0036673412140017787,384.9156813562795,1.0475255300075754,2.695100321565195,1.3757958832824526,1.2031120370855695,0.2638092540561652,0.08997826547560392,0.0005
663,0.07590544701653182,0.07590507943045746,0.00030041702157879407,0.07560466240887868,0.3386673513348319,0.07753363336207986,0.00367586074358267,384.92768638434427,1.0427800430550103,2.6955488470992313,1.3698645565720406,1.2217045247899228,0.29691959099163306,0.14437105429072986,0.0005
664,0.0689023824940497,0.06890201454875321,0.00040697044613781044,0.06849504410261542,0.3389218359103795,0.07061674965148411,0.003679452964908549,384.92582556843763,1.043035920837025,2.6957437862824354,1.3702307255905062,1.221157995747412,0.2852074889114929,0.196579268766521,0.0005
665,0.06198229840358634,0.06198193047525595,0.01292979167649269,0.049052138798763266,0.34045562734747475,0.04961598275105737,0.003679283303928681,384.9124469785433,1.0477294180359455,2.6957354845260117,1.3762878979124773,1.2030350600824868,0.2737336142536861,0.06068222401219592,0.0005
666,0.06016563946002307,0.060165270900869074,0.012810343606184684,0.04735492729468438,0.340622015034061,0.04800653432220302,0.003685591539934087,384.91059017461833,1.0471687915355168,2.6959787496364775,1.3760980295676546,1.2026949305091812,0.26841604096107563,0.07210389067084123,0.0005
667,0.06585409171931118,0.06585372201631084,0.00046183622585073083,0.06539188579046012,0.33953904678575797,0.0676980171045864,0.003697030003326345,384.9198509633096,1.0419688303676482,2.696428115504932,1.3702547980356443,1.2189056273029273,0.28052360135636895,0.18251771814557485,0.0005
668,0.05713741327518288,0.05713704305351226,0.000985404269830909,0.056151638783681346,0.33978358131617714,0.058836929707644516,0.0037022167061945953,384.9166472690239,1.0418681512019259,2.6966401164966713,1.3706692118980195,1.2165769335023837,0.2632753577623549,0.26131951480005167,0.0005
669,0.06612946426471412,0.06612909426049238,0.012461025717897116,0.05366806854259526,0.34113228635362786,0.0541007156655463,0.0037000422174676474,384.9054265008073,1.046468207605642,2.6966624066094953,1.3766547894155223,1.1984169838347676,0.2798682151198826,0.04986504583740826,0.0005
670,0.0644579653224529,0.0644575946494908,0.012136989885688017,0.052320604763802785,0.3412947400599812,0.052827217989221076,0.0037067296210059586,384.9034897194442,1.0458382934010348,2.696900597510383,1.3764694319626538,1.1978004226534673,0.2746824516123102,0.06059024803980916,0.0005
671,0.05560369307785479,0.05560332040699588,0.0053466776084395064,0.05025664279855637,0.3407555172819149,0.05298401565193779,0.0037267085890762197,384.9069910776136,1.0402965531661332,2.6973478135611146,1.3709513998752871,1.2110708231808178,0.24672277760492398,0.32532512956123627,0.0005
672,0.05171844941608355,0.05171807665765166,0.004722723868337227,0.046995352789314444,0.3408310458497234,0.04964471017269116,0.0037275843189040654,384.90676984652964,1.040684249162147,2.6975397981563187,1.3711965689067642,1.2116376265858817,0.2398826779208237,0.3837033885873477,0.0005
673,0.06513309591007765,0.06513272476924307,0.013398263881138643,0.051734460888104454,0.341463040864951,0.05216582433774197,0.003711408345846105,384.90380069268565,1.046380383087359,2.697517353972195,1.3766278473728715,1.2006799334366787,0.2796260689295522,0.04773117866957289,0.0005
674,0.057305985675645175,0.05730561525918275,0.011594958075453436,0.04571065718372931,0.34085174718735856,0.04649311269407772,0.0037041646242413867,384.90899944985824,1.0466937853087908,2.6976916297456706,1.375889907141742,1.2064541671300064,0.2667454325061709,0.10058553510484601,0.0005
675,0.09943270931921173,0.099432339357691,0.00036430842944961257,0.09906803092824139,0.338773058234252,0.10069298231967559,0.0036996152073503325,384.92994391052076,1.0423164400024574,2.698104319899794,1.3693982998632166,1.2292104338920276,0.32502262481160366,0.16632385650130233,0.0005
676,0.10308174971053206,0.10308138021612458,0.0003853172277945124,0.10269606298833008,0.3383331890274731,0.10439023192872163,0.0036949440748661245,384.9335004287513,1.0426603507587509,2.6982853712596966,1.3693657706131452,1.2308489333206363,0.32803070139311674,0.18487474117345304,0.0005
677,0.05066798247136804,0.05066761329587661,0.004789456009640937,0.04587815728623567,0.33946984672623326,0.046553401229448434,0.0036917549143727023,384.91874951422307,1.047192648555257,2.698284874310603,1.3752038371524358,1.212823136270978,0.2624918784576417,0.23146594182684443,0.0005
678,0.04876708481071904,0.04876671504508298,0.005574095387897701,0.04319261965718528,0.33940924687148527,0.04408958012117332,0.00369765636059959,384.9167530991162,1.046264598345915,2.6985676112205095,1.374915433491309,1.211432305922576,0.25502508408794244,0.2362285242145633,0.0005
679,0.09586415843216861,0.09586378744900645,0.00013906903238256982,0.09572471841662389,0.3382295167458411,0.09744138103799016,0.003709831621649585,384.9281868729341,1.0406573548783535,2.69910253681935,1.3690336506933254,1.2264648243514296,0.32668016394197336,0.09226436456488195,0.0005
680,0.07735583619419167,0.07735546432089185,0.00014731206425936527,0.0772081522566325,0.3385921572899736,0.07934468356245962,0.003718732998255837,384.9221085643512,1.0401138693183674,2.6993825983421593,1.3695314240099854,1.2219889171212692,0.3024019475684527,0.11608722807940568,0.0005
681,0.05942693633352707,0.05942656403142378,0.01183229923544449,0.04759426479597929,0.3402779467205547,0.048276609189637304,0.0037230210328240525,384.90494671654494,1.0442408564716783,2.699406685558612,1.3757338182856358,1.2008037430315426,0.2672538146364146,0.08792323600646977,0.0005
682,0.06000038893760586,0.06000001538464807,0.01156510679130884,0.048434908593339224,0.34087850600524205,0.04915088736587962,0.003735529577947498,384.9002166592364,1.043363969155023,2.6996802835106575,1.3757622314187796,1.1984606214786822,0.26465449323253454,0.10622064481024725,0.0005
683,0.06187363056637627,0.06187325478854457,0.003185689339634689,0.0586875654489099,0.3406652317614851,0.06132045961392169,0.003757778317005345,384.90378113348186,1.0379607364715866,2.7001166836652577,1.3703155617453047,1.2124490560425454,0.26368610915766294,0.2255277862927526,0.0005
684,0.05457076321904486,0.05457038685579597,0.0032978181546818278,0.05127256870111416,0.34128425306736276,0.05404761221388309,0.0037636324889336534,384.900644158777,1.038428857656572,2.7003076686650402,1.3707982579209395,1.2124553321983107,0.2512167329033007,0.3053919228602368,0.0005
685,0.06386559588005053,0.06386522047055845,0.01348084781164266,0.05038437265891579,0.3425741379310911,0.05085612421201883,0.0037540949206964986,384.8935367338534,1.0441313457669101,2.7002811794860673,1.37657657111438,1.1999170421383043,0.27605656739371465,0.05342313341341562,0.0005
686,0.05864860040912168,0.05864822506043767,0.013277344888705982,0.04537088017173169,0.34255043772910854,0.04606428948759329,0.003753486840181123,384.89537718730594,1.0444054739293853,2.7004684265624443,1.3761413412758392,1.2041382622671122,0.26674692987137366,0.0779641017739922,0.0005
687,0.07764895623081748,0.07764858036397639,0.0004196341657084175,0.07722894619826796,0.34114417876038033,0.07893957957609493,0.003758668410968325,384.9093878532833,1.0397480269159702,2.700861523831133,1.370030303120504,1.2237299332607448,0.29896020634056836,0.17334782119225103,0.0005
688,0.07231158938368287,0.07231121340136588,0.00047603232972109845,0.07183518107164479,0.3411579718363131,0.07372113532948163,0.0037598231698617902,384.908745100857,1.039950735129938,2.701063839012426,1.3702705487558768,1.2232842428773034,0.29092195730355414,0.20474551779526903,0.0005
689,0.05971456174181392,0.059714185947639824,0.0132460479396822,0.04646813800795762,0.34248682452002893,0.0470946675562106,0.0037579417409865498,384.8952903561716,1.0444897867899254,2.7011032958269903,1.3762509189089613,1.2045409126655195,0.27079871633496067,0.06938241631974912,0.0005
690,0.05650994716077085,0.05650957101375254,0.012347636722005622,0.04416193429174692,0.34225650667724694,0.044918473112292044,0.0037614701830751313,384.89446406895536,1.0436819291484203,2.701362159410591,1.3758916070335114,1.2035533957501208,0.262961235417956,0.08792180326881308,0.0005
691,0.06878521641184977,0.06878483920535453,0.00030273513307777384,0.06848210407227674,0.34087114652552236,0.07074920699805676,0.0037720649524895207,384.90462861545126,1.038133919086624,2.7018222718277647,1.3699234054247806,1.2185607799202955,0.288510990734294,0.12619809197232018,0.0005
692,0.06059910326914524,0.060598725736625475,0.0009536843401036144,0.05964504139652186,0.34082785384695286,0.062418917820515916,0.003775325197638562,384.90219932889124,1.0378371114857639,2.702056277730091,1.3702292267322975,1.2155072681963368,0.271973509050374,0.1902331564974361,0.0005
693,0.061671764526543195,0.061671387612676334,0.011666274844260043,0.05000511276841631,0.3418688134178576,0.05062256164963112,0.003769138668571541,384.8919047683667,1.0425058167591872,2.702083012643466,1.3760912224522142,1.1977122727481364,0.2698135345470834,0.08443141856527343,0.0005
694,0.05847488500663705,0.05847450785530132,0.01177018930589261,0.0467043185494087,0.3417937745948243,0.047445041057248435,0.003771513357308359,384.89192995385554,1.042184272500227,2.7022967241246345,1.3757460195808282,1.198798751897484,0.2622839195539884,0.1098371020367299,0.0005
695,0.06559998413544195,0.06559960563780098,0.0007777406982745564,0.06482186493952642,0.3409664074176065,0.06734376417244362,0.0037849764096600583,384.9006776473075,1.0372457862040596,2.702698625179093,1.3699616351186181,1.2157531775318624,0.2804966466973128,0.1423491182028891,0.0005
696,0.05884243559469929,0.058842056790317745,0.0008302277329625478,0.0580118290573552,0.3413118002186891,0.06078663521099698,0.003788043815393792,384.89895583163377,1.0377523679463705,2.7028614515369336,1.370349967267435,1.215888575169111,0.27012387620560047,0.20185786082526394,0.0005
697,0.06087860494321657,0.0608782266986509,0.012842768046687419,0.04803545865196347,0.3427245543780278,0.04857632444377005,0.0037824456566813874,384.8886676196038,1.04305491895422,2.7028471014333912,1.3763083718918885,1.2004265755875425,0.2718226997740629,0.061733068289127495,0.0005
698,0.057227607287353446,0.05722722880054919,0.012657002617806577,0.0445702261827426,0.34282832449291617,0.04526599486633636,0.0037848680426139807,384.88882454517835,1.0430808750473193,2.70303487146948,1.3760147519488,1.2027199217436482,0.26473592946168356,0.07856369439746647,0.0005
699,0.07143782894626934,0.07143744964409227,0.00032955625595254047,0.07110789338813972,0.3416317616055535,0.07301755532186051,0.0037930217707033928,384.9009579028365,1.038350728513377,2.7034109062490588,1.3700373788566877,1.2212995790255399,0.2925031787758375,0.15705318087044498,0.0005
700,0.06432842536177835,0.06432804577689633,0.00042155563879858776,0.06390649013809775,0.3418090386601816,0.06605621440392077,0.003795848820247019,384.89924978602266,1.0385708643910274,2.703589110456986,1.3703814975613158,1.2204316637689823,0.280561984988165,0.20382819898347163,0.0005
701,0.06124146193239395,0.06124108250194964,0.013579546821998278,0.047661535679951364,0.3432448582304225,0.048172717112254626,0.0037943044431128082,384.88622671658817,1.0431989599917921,2.7036133118758325,1.3764313153608123,1.2018359406951327,0.2735044241142062,0.05590294754780514,0.0005
702,0.059606587094176294,0.05960620699382425,0.012974928289093919,0.046631278704730335,0.3433063277202391,0.04722336269183732,0.0038010035204779974,384.88403047078003,1.0424000010527465,2.7038515614141767,1.376235871076234,1.200255238849134,0.2682697894611486,0.06752756279666308,0.0005
703,0.05840488569161186,0.058404504246996544,0.0011053638790752217,0.05729914036792133,0.3421693032442244,0.05999139860343478,0.003814446153167872,384.8920241429006,1.0369188821464776,2.704266042034819,1.370392731143275,1.2150030422011482,0.2683091191471626,0.2032852164518214,0.0005
704,0.053493022309224106,0.053492640634105665,0.002222170520446841,0.051270470113658824,0.34215517492595127,0.05410853880624636,0.003816751184383294,384.89051677185444,1.0368824324665535,2.704470077206458,1.3706890307224164,1.2131496418730485,0.25487227149929204,0.28123417060452693,0.0005
705,0.06263015814034192,0.06262977753001153,0.012131922888092356,0.05049785464191918,0.34301106276235,0.05099896584833838,0.0038061033039394434,384.88334958158475,1.0419833030642844,2.704465404940236,1.3764048939850455,1.197857462265071,0.27462731191485806,0.06005350062744568,0.0005
706,0.057774649307170724,0.05777426879292064,0.01224363442393866,0.045530634368981984,0.3427349086214822,0.0461940331627581,0.003805142500831524,384.88505117109645,1.0418942696786826,2.7046567241155928,1.3759356000328082,1.2004273182388059,0.2653736478359565,0.07898329595277069,0.0005
707,0.06865252173258668,0.0686521405174448,0.00023865178132592466,0.06841348873611888,0.34141948784572174,0.07064244223391392,0.0038121514188162644,384.8977382212028,1.037159386780853,2.7050352011743497,1.3698861349434288,1.219400026164489,0.29008719267556277,0.13283841583908204,0.0005
708,0.06373599908057709,0.06373561775909974,0.0003044299276793836,0.06343118783142035,0.34150081536439886,0.06581936180435038,0.003813214773538474,384.89726462748587,1.0375164412366469,2.7051996230506736,1.3701610702106783,1.2194724499964373,0.2820296348889242,0.180212267444566,0.0005
709,0.05903748868519233,0.0590371076938603,0.01255030801646207,0.04648679967739823,0.34288637280261736,0.047048187991703926,0.0038099133203065554,384.88507692980124,1.042372678026044,2.7051872289836405,1.3761592925375081,1.2020554063228637,0.27129783428017107,0.06179463372225433,0.0005
710,0.057913231962248915,0.057912850160669965,0.012438482108259834,0.04547436805241012,0.3431939588877069,0.04609543533820596,0.0038180157895064317,384.88232197328574,1.041776960624208,2.7054111053987686,1.3760535458209697,1.2010875782152257,0.26715460876262753,0.07009109912765354,0.0005
711,0.05884428588658231,0.058843902544399536,0.0006159949040005586,0.05822790764039897,0.3423659969180617,0.0608975436330048,0.0038334218277597683,384.8896535769231,1.0364889700740956,2.7058039661858047,1.3703295890227827,1.2163577330740536,0.272079718188435,0.19168402137069715,0.0005
712,0.05079143628459884,0.05079105227940748,0.0016999624509926314,0.04909108982841485,0.3427770227297952,0.05194651438395632,0.0038400519136018735,384.8856512055552,1.036455658871254,2.70601400372452,1.3708305307330277,1.2138349507366615,0.25241929894853127,0.3033145579768612,0.0005
713,0.06562432689841442,0.0656239433816477,0.012588123643859422,0.05303581973778829,0.3441055928213059,0.053414255765430955,0.003835167667208986,384.8758563620777,1.0413767937686627,2.70601910349858,1.3768011368086588,1.196934632606111,0.281044926536728,0.04606355291637336,0.0005
714,0.06336989578377125,0.06336951167583618,0.012323870349742038,0.05104564132609415,0.344262147364549,0.051497053982773336,0.0038410793506467506,384.8742770143616,1.0409087123813832,2.7062342389191945,1.3766043841747824,1.196867498592775,0.2756584675827281,0.0538522701119954,0.0005
715,0.0512920889156637,0.05129170321887494,0.0029573749578595773,0.048334328261015365,0.34340301671321855,0.05113023324168379,0.0038569678875482213,384.88038173025654,1.0356251631914706,2.7066469883576287,1.3708672608158952,1.2120678933073001,0.24868387595123811,0.30818487161451236,0.0005
716,0.04799599420577293,0.04799560856068449,0.002416332125434144,0.04557927643525034,0.34336403941773075,0.04836111446776484,0.003856450884424888,384.88088830224046,1.0360681697716778,2.7068181641770526,1.371073721386419,1.2127794092612196,0.24364211662337243,0.35769294674550384,0.0005
717,0.06414652386283871,0.06414613954346965,0.013686633422686507,0.050459506120783135,0.34418046027068616,0.050848799242197804,0.0038431936906331648,384.8757191632092,1.0415290503789665,2.7067980197136707,1.3767049984913908,1.1995596204201648,0.28027524419775207,0.04466679040993748,0.0005
718,0.05739504319851216,0.05739465928878969,0.012432221432365505,0.044962437856424176,0.3436851943610889,0.045579361267106655,0.003839097224686713,384.87906175602745,1.0415702628963115,2.706990944400078,1.3761080716519476,1.2032354235617833,0.26937054707706154,0.06775092256524747,0.0005
719,0.07341648319510546,0.07341609901016491,0.00027091382662215724,0.07314518518354275,0.34195169402578157,0.07516827314001819,0.003841849405561152,384.8943582840826,1.0367738033117315,2.707391123400545,1.369869167518832,1.2227007421140719,0.29696439125791063,0.17104862815506816,0.0005
720,0.06799475291179327,0.06799436874542598,0.0002828625947458878,0.06771150615068008,0.34176603751196105,0.06991678896203563,0.003841663672895141,384.89435551823277,1.036853774666465,2.7075915568320092,1.3700494636365412,1.221957311552111,0.28892135066104085,0.20204659421614984,0.0005
721,0.05779179037123124,0.05779140641493592,0.011806147468060583,0.04598525894687535,0.3430323487507002,0.0465532996868164,0.003839562953178657,384.8808632660513,1.0413051946752203,2.7076012276893677,1.3760395351902464,1.2028313802916273,0.27222345094146466,0.06251354047645494,0.0005
722,0.05611779291418348,0.05611740840478515,0.011847068894867177,0.04427033950991797,0.3430409435058748,0.04493911311415468,0.003845093983297671,384.8793314789965,1.0405722658493581,2.7078357283874257,1.3757844231133307,1.2020166542450033,0.26606971479668234,0.07559903086284549,0.0005
723,0.06572928533711848,0.06572889974093005,0.00020810252285177188,0.06552079721807827,0.3418790120535187,0.06799283869671993,0.0038559618844134017,384.88983574148625,1.0353598014830951,2.7082585323601145,1.3698551830224266,1.2186924109826096,0.2868728105697891,0.14015148217026097,0.0005
724,0.056543736516190476,0.05654335041459273,0.0004663797467926379,0.05607697066780008,0.3421709925269901,0.058987865594604616,0.0038610159775227014,384.8865740627046,1.0353257507198204,2.708446006217414,1.370278058757968,1.2165882106118346,0.2701260415499345,0.21367259104072112,0.0005
725,0.062403497793053236,0.062403111796566935,0.012059345216099356,0.05034376658046759,0.34373838372167737,0.050797053047707486,0.003859964863027296,384.8736261405611,1.040014340078713,2.708448284141382,1.3763956228455598,1.1980274110745819,0.2774534114726997,0.0536096482198443,0.0005
726,0.061552626142867745,0.06155223924517457,0.01205523535195088,0.049497003893223694,0.3441969418984218,0.04999564837087757,0.003868976931729705,384.8704748603207,1.0394944792778633,2.7086569599774153,1.3763374254783995,1.1973001412610043,0.27364321121338736,0.0598106531329913,0.0005
727,0.05220991080888971,0.05220952236460975,0.001471475425141339,0.050738046939468415,0.34349057783915576,0.05365885775809192,0.003884442799578938,384.87723487150885,1.034445991341716,2.70902435606257,1.37061057272448,1.213718204478735,0.25753866317832114,0.26378899057691263,0.0005
728,0.047319137903296775,0.04731874912137907,0.001595516780340164,0.04572323234103891,0.3438659753726592,0.0485667318384213,0.0038878191770963188,384.87540525762876,1.0348816051487022,2.709184989852127,1.3710109490614433,1.2137234630813645,0.24662132264347392,0.34630812729018096,0.0005
729,0.06636161024181264,0.06636122214503538,0.01426982531855395,0.05209139682648144,0.3452367138753939,0.05242130388119558,0.003880967772575063,384.866765537734,1.0401500905972085,2.7091651426393533,1.3769443863187063,1.1985044748637452,0.284146897193835,0.039815876226587735,0.0005
730,0.06212846219332547,0.06212807391515398,0.013970168592938608,0.048157905322215366,0.3451720822317626,0.04858879370944917,0.0038827817148935433,384.86702660214314,1.039933943026537,2.709360960318079,1.376597663060446,1.2000585519567812,0.276396386762302,0.04830328988284806,0.0005
731,0.05599603041899179,0.05599564136515522,0.00045564431172249656,0.05553999705343273,0.343725746717714,0.05810582522084393,0.0038905383657203097,384.8780600955266,1.034891079621036,2.7097227275084883,1.3705336267479868,1.2175796088344506,0.26874371182879325,0.23108073616699298,0.0005
732,0.049772035484332164,0.049771646217539656,0.0007611995862982466,0.04901044663124141,0.34370051442315186,0.05184479122443156,0.0038926679250566917,384.8765540301455,1.0348528349225685,2.7099184992990515,1.3708201413671488,1.2157742899370854,0.2556823511867679,0.3008075858501092,0.0005
733,0.06541055319984367,0.06541016431428341,0.012751858904072842,0.05265830541021057,0.3449340494865268,0.05300815478901773,0.0038888556025430884,384.8658069726675,1.0394163894974984,2.7099513562958117,1.376801352413384,1.197142057153969,0.2830158273876073,0.043582548626406,0.0005
734,0.06546078630085159,0.06546039649634544,0.011784710225805739,0.05367568627053969,0.3451380428323321,0.054102080965721916,0.0038980450614719197,384.86277713539783,1.0385024730028354,2.71018269497877,1.376692677907851,1.194750757015492,0.2794742542032334,0.052715530553322086,0.0005
735,0.05041865934740246,0.05041826802581072,0.00462051349405043,0.045797754531760285,0.3441352700263232,0.048710418667056776,0.003913215917409041,384.86913899449286,1.0331276638063371,2.7105826828043647,1.3708781428992076,1.209882522726256,0.24341879765306218,0.3360574032894482,0.0005
736,0.04708898469107271,0.0470885938257327,0.0023058538029561643,0.04478274002277654,0.3438999787060836,0.047678758902440305,0.003908653400089004,384.87177885195615,1.0338836268731826,2.710719848145247,1.3709431681565452,1.2123269862852344,0.24385815427382984,0.35963743413619464,0.0005
737,0.06136498841509162,0.061364599227690594,0.01293011915752202,0.04843448007016857,0.3446332827534089,0.04884763422496933,0.0038918740102585983,384.8679469087104,1.0397435252861167,2.7106731835747797,1.376493613776463,1.2008121840589512,0.27887217295221767,0.04764984834166329,0.0005
738,0.052636888107844164,0.05263649969370768,0.009691281796770673,0.04294521789693701,0.34406363135285145,0.04370820895858813,0.0038841413648316053,384.87325730516864,1.0402046577289008,2.710821661248982,1.375801713965998,1.2064908816404918,0.2669543127667806,0.10059579644714003,0.0005
739,0.09598824519156524,0.09598785719037918,0.00028602251060458567,0.0957018346797746,0.3420251119241329,0.09747711972432575,0.0038800118605940414,384.89456106608486,1.0359317210452157,2.711179804837095,1.3693271946380388,1.2292422470759001,0.3245998466796446,0.17397758465268762,0.0005
740,0.09632554923561,0.09632516156076049,0.0003127068342237939,0.09601245472653672,0.341710133958413,0.0978454192638316,0.0038767484951259435,384.8969094456327,1.0362766325002983,2.711340845901269,1.3693861384179784,1.230157262393324,0.32372059335120373,0.1995466333488072,0.0005
741,0.048102873693063805,0.048102486121633224,0.005034032257184292,0.04306845386444894,0.3430321565596356,0.04382036762362706,0.0038757143057949316,384.8804254159095,1.0407121848986247,2.7113091744444615,1.375373355528385,1.2108456111504662,0.26542197347363833,0.1859427817508093,0.0005
742,0.046371767421528216,0.046371379183521674,0.005941939900534928,0.040429439282986736,0.3430024156276684,0.04137551736747585,0.0038823800654155046,384.8782171235119,1.039773827514852,2.7115546502310637,1.3750990009584445,1.209278154660563,0.2580365282452257,0.17784006743208297,0.0005
743,0.08570129957414048,0.08570091010077263,0.0001100277287430752,0.08559088237202954,0.34177860300087787,0.08750184557128723,0.003894733678455327,384.8900009604049,1.0342228595332221,2.7120319861450777,1.3691525942964453,1.2248394823946904,0.3180068757557837,0.09924736908897466,0.0005
744,0.06892177420864186,0.06892138385118175,0.00012365746376562863,0.06879772638741612,0.34213743271723024,0.07116821983380031,0.0039035746010103894,384.88421588444027,1.0336997413570002,2.712252762845092,1.369638921934275,1.2205738281656622,0.2945947837110555,0.1287247378329947,0.0005
745,0.05810743215704855,0.05810704140310683,0.01184123221747712,0.04626580918562972,0.3438624741890471,0.04686059092393385,0.003907539417148924,384.867166393048,1.0378333023206492,2.7122687997640957,1.3758812961514875,1.1993017613547021,0.26990575416061063,0.0733028635435405,0.0005
746,0.05881604298987449,0.0588156509319431,0.011536647269876871,0.047279003662066235,0.3445004326260357,0.04791718309609641,0.003920579313861352,384.8623038963904,1.0369599145540627,2.7124888457102667,1.3759224598921656,1.1969157393276868,0.26731958887276397,0.08714445714132778,0.0005
747,0.0542745574999619,0.054274162730821335,0.004520986845926291,0.04975317588489504,0.34453972586138926,0.052566890122560904,0.0039476914056671185,384.8635320427494,1.0313743485110678,2.712908584077499,1.3705992774177906,1.209570726566779,0.25084096849346416,0.2796887530630813,0.0005
748,0.04691996039158929,0.04691956500747956,0.004518785752277618,0.042400779255201936,0.3452867692696318,0.045224949325745105,0.003953841097270948,384.85999710699474,1.0320273630134764,2.7130691549562416,1.3711438630563653,1.2096899338448777,0.23726183469703754,0.37748281630869457,0.0005
749,0.06482359989573132,0.06482320595743515,0.015200468363482458,0.049622737593952686,0.3465233228700632,0.04998087043053097,0.003939382961594052,384.85506734997915,1.0382636934174037,2.7129945934936646,1.376880278187218,1.1989527525398893,0.28053148973053954,0.04223857961038285,0.0005
750,0.056922927547019636,0.056922534249013404,0.013660032887787703,0.0432625013612257,0.34615416156852524,0.04391235543927696,0.003932980062336987,384.85956247038445,1.0388989033858762,2.713164914407082,1.3762576827169528,1.2048065206722005,0.26881333277933644,0.07552060080307754,0.0005
751,0.08531847717502124,0.08531808423924535,0.0003918515540009042,0.08492623268524445,0.3440118909205248,0.086538938046498,0.003929357758946098,384.879464919613,1.0345503788403363,2.713507397599184,1.3697517087159303,1.22676244010312,0.3113326273793603,0.18313575555268505,0.0005
752,0.08512592584151842,0.08512553342020675,0.0003696956657514132,0.08475583775445535,0.343469912931166,0.0864785462821614,0.003924213116625306,384.8823800363542,1.034822365933863,2.7136933334374436,1.3697237108006977,1.2273376841376684,0.3114775129266705,0.1926218924670805,0.0005
753,0.04857060316455789,0.0485702112636375,0.007455539786282728,0.04111467147735477,0.3444494591108612,0.04198148076562415,0.003919009203873554,384.86836144095594,1.0392262610081233,2.7137109053515145,1.3755681566218656,1.2083083631160976,0.2630051843572992,0.1334813289755594,0.0005
754,0.04444748102318091,0.04444708922045789,0.006278315253468249,0.03816877396698964,0.3438202091142387,0.039246205687032396,0.003918027230234195,384.8700305932533,1.038466629125367,2.7139314960775414,1.3749830371603275,1.208532236645465,0.2524825362674912,0.1825426765583155,0.0005
755,0.09874136891657205,0.09874097672898442,6.817014259795171e-05,0.09867280658638647,0.3419407235974639,0.10013439062121904,0.003921875876333755,384.8875277366102,1.0332057104177252,2.7143758491359358,1.3686756763106116,1.2265660178755229,0.3354288509446904,0.05741682215290397,0.0005
756,0.09002952622641155,0.09002913397920947,5.5032967704666234e-05,0.08997410101150481,0.3416867493539186,0.09158040538522368,0.003922472020829359,384.8867424634192,1.0329874736684803,2.7145835527219413,1.368830074252935,1.224673127081847,0.32539079854918707,0.058705005784225085,0.0005
757,0.0474995775304089,0.047499185578078314,0.008850821257468484,0.03864836432060983,0.3428990746779704,0.039695816942591736,0.003919523305880637,384.87085784614584,1.0373848380890942,2.7145569388206523,1.3747988522707861,1.2052170056929812,0.2528268234974508,0.14925167437015585,0.0005
758,0.043186865692851475,0.043186473770341245,0.006710366746427089,0.03647610702391415,0.34270878088357276,0.03774841730042494,0.003919225102322939,384.8724093172933,1.0371990921050185,2.7147418138856128,1.3743491279379678,1.2074228352087137,0.24421673134293895,0.23057901910945164,0.0005
759,0.11666530197312967,0.11666490984454801,3.869005579372007e-05,0.11662621978875429,0.341284635232147,0.11772163439489798,0.0039212858166187544,384.8925868830391,1.0329393505022362,2.7151438289737277,1.3681273931107505,1.2294782732513514,0.3561311471612922,0.033400191886478685,0.0005
760,0.11477834383293424,0.1147779517650636,8.580195066593619e-05,0.11469214981439764,0.34147682001668944,0.11609438477711223,0.003920678706411262,384.89327396241254,1.033615789507214,2.715285910793,1.368378704639715,1.2311193661275057,0.3530543920893815,0.06327235048159338,0.0005
761,0.04101933783090925,0.041018945919560006,0.002361083468236421,0.038657862451323584,0.3431707263321626,0.03954554510865928,0.003919113492402063,384.8751310055104,1.038607242548494,2.7152114002343875,1.3744889971497916,1.2136291565306236,0.24942218235335326,0.28753084547380925,0.0005
762,0.04165608265419797,0.041655688854296546,0.005126363533622225,0.036529325320674315,0.3442780453673208,0.0377049787394795,0.003937999014229095,384.86624628953547,1.0375906556661647,2.715499275588408,1.3747937915459087,1.2095558238779989,0.24689003269576507,0.22916390370497552,0.0005
763,0.0827352522016506,0.08273485606943107,0.00013973178411250757,0.08259512428531857,0.34401912856123046,0.08415051897523709,0.003961322195226527,384.87240809978283,1.0320034187371305,2.7159400072646553,1.3693159832187454,1.2232181553685129,0.31502189049834844,0.08344841425472861,0.0005
764,0.060488062327262636,0.06048766460735849,0.0002929195089199252,0.060194745098438585,0.34509061398785534,0.06254932602667004,0.003977199041452228,384.8624546632715,1.0315195608178067,2.7162069582029167,1.3701583930178534,1.2177826658244004,0.2807356895980382,0.14594713756169297,0.0005
765,0.06138844545151005,0.06138804711870384,0.01298630409384631,0.04840174302485752,0.34719867228130497,0.048914409343222484,0.003983328062146815,384.8449923672651,1.0357368827388245,2.7162159457329462,1.3766071728692808,1.1962294752180236,0.27161825156311703,0.06619911154836423,0.0005
766,0.063887151233506,0.06388675149676332,0.012469384707082613,0.051417366789680695,0.34780402046575043,0.052007533115711366,0.0039973674267606936,384.8400807673241,1.0346933348873661,2.7164279312493065,1.3766669739314217,1.1931294090567102,0.2699018975089514,0.08450135992048581,0.0005
767,0.054261375009031436,0.0542609732611646,0.006014972982145269,0.048246000279019326,0.34702793109368196,0.05081602174392019,0.004017478668364857,384.84517894249956,1.029159446749008,2.7168834508927677,1.3709186026971176,1.2077189680817986,0.24741958541890854,0.27875932323107894,0.0005
768,0.049349208102231305,0.04934880683537729,0.0029959826253659685,0.046352824210011336,0.34673688463070956,0.048999771008140514,0.004012668540177148,384.8483158736613,1.0299665166941026,2.7170459409995873,1.3709378509065442,1.2106764510121346,0.24686486128661694,0.30255271511252874,0.0005
769,0.05670722562312015,0.05670682664555135,0.01377175580006116,0.04293507084549019,0.3470757567905198,0.043518586467359115,0.003989775687997973,384.84711637560207,1.0360980604722259,2.7169702560212516,1.3762871963038907,1.2010734133347793,0.26646149413980225,0.06790481906407111,0.0005
770,0.04406243665633547,0.04406203904876523,0.007040182466507965,0.03702185658225727,0.34589223772812266,0.03812075763968761,0.003976075702372196,384.85621006977567,1.036673916921344,2.7171577752044485,1.3752792198344146,1.2084490134767778,0.25134141893072265,0.17524311386097863,0.0005
771,0.12286787545508142,0.12286747879739164,0.0001525621761422111,0.12271491662124943,0.34314284802757317,0.12395189172609326,0.003966576897773262,384.8841649267545,1.0324140598692064,2.7175198567775345,1.3684267251498434,1.232877406404284,0.35961729751389176,0.08133561145416458,0.0005
772,0.13569652039880448,0.13569612480603196,0.0001261752617183998,0.1355699495443136,0.34209471974427746,0.1368477833258174,0.00395592772519881,384.8922941771325,1.0328704872683139,2.717687370564064,1.3681151911682004,1.2358011081182612,0.3719758070586128,0.07543721031904135,0.0005
773,0.0412941110369707,0.04129371638310253,0.0010724730414537627,0.04022124334164876,0.34271890155089746,0.04147382618705089,0.003946538681716692,384.877631492285,1.0375234507546325,2.7176348932371406,1.3737625994644242,1.2186247786555207,0.2543856834547246,0.3138803731524865,0.0005
774,0.07118785094045421,0.07118745003351214,0.01104409652337943,0.06014335351013272,0.34627128260341644,0.06061704506336315,0.004009069420707436,384.84473352037867,1.034200518879425,2.7180393903185416,1.376836813430164,1.1914923639809345,0.2858010158469498,0.06611499339696067,0.0005
775,0.06697820167242642,0.06697779459811722,0.009156522609223176,0.057821271988894044,0.3481865529401478,0.05964484541101146,0.004070743092080597,384.8290095036888,1.026847246528925,2.7184207972970706,1.3737424511536305,1.1862898845813086,0.244530147391897,0.27396213727165364,0.0005
776,0.2933922115785046,0.29339180284924354,1.6556142895977698e-07,0.29339163728781453,0.3474160691781151,0.2933986511001668,0.004087292610529183,384.85731287278173,1.0226625064319739,2.7189606604181673,1.3646785826838803,1.2256246172153609,0.4692657840533016,3.8047027871218486e-05,0.0005
777,0.5407213715606357,0.5407209627274382,1.1466281754322224e-07,0.5407208480646206,0.3475635306940362,0.5407267576158676,0.004088331975491042,384.88222842240634,1.0238005840521116,2.719071211660914,1.3620545561952655,1.2466356217434524,0.5978032146186587,3.3484983768305926e-05,0.0005
778,0.36165329688899056,0.3616528888897432,0.00018721113311126635,0.3614656777566319,0.34876182787643795,0.36216011671865617,0.004079992474038397,384.87691799099355,1.029405860809939,2.718940673852233,1.365338797620816,1.2483440089238103,0.5062644628718618,0.04655381973713069,0.0005
779,0.1075768629789466,0.10757645650547386,0.02342296282408894,0.0841534936813849,0.3509874546460233,0.08488268824105863,0.004064734727442226,384.8549064942538,1.038741606010041,2.718582300868775,1.3739997272697728,1.2310077904744106,0.3230224939374459,0.2091393440142545,0.0005
780,0.3075152320176421,0.3075148265445225,0.01686596380453329,0.2906488627399892,0.3545956891981761,0.2907288424324039,0.004054731195981674,384.85329539414346,1.049893126005515,2.7179650176570176,1.3878685877856602,1.1893155399580069,0.5425803719570829,0.006843775869151189,0.0005
781,0.6558643895932242,0.6558639838920768,0.011067485309111716,0.6447964985829651,0.35648787856286246,0.6448748653336283,0.004057011474599798,384.8759887209146,1.0549476436619487,2.7175902740247224,1.3946263718684564,1.168067988935802,0.7174721263830346,0.004770363627356252,0.0005
782,0.6914843322008314,0.6914839248923493,0.008458225877185189,0.6830256990151641,0.35729402341319766,0.6830991538459293,0.0040730848201208,384.8743067532436,1.054752930595913,2.717469509148216,1.395145534312876,1.164823739325572,0.7289748728376079,0.003842064547392788,0.0005
783,0.4072875292821554,0.4072871193301708,0.02661562520700723,0.3806714941231636,0.35697380555349967,0.38069814317354433,0.004099519845676193,384.847036210644,1.049958362079488,2.717687634329514,1.389958819965191,1.178410414654752,0.5880013094837474,0.008910279658240802,0.0005
784,0.09708302603902096,0.0970826125196456,0.02353151630627434,0.07355109621337128,0.35542958833034904,0.07408983695786313,0.004135193753574701,384.8251156367305,1.0408154334975843,2.718195653867241,1.3795872609338073,1.2067323668358179,0.32316948963385667,0.0698072333567922,0.0005
785,0.4569144542530996,0.4569140358137713,0.0005040505372337158,0.45640998527653764,0.3533282325205281,0.45700194520779064,0.004184393283101503,384.86076899839713,1.0277515742843724,2.718848664315943,1.3647959070013411,1.2488566049230905,0.5387270651508613,0.07016465102985801,0.0005
786,1.2734559738032512,1.273455552196823,2.269704705129303e-08,1.2734555294997758,0.352276336098801,1.2734563420739569,0.004216064283094796,384.90849923400157,1.020395959736943,2.719225132814234,1.3570435353203205,1.2696890154270166,0.8198932777556345,3.1501837026862228e-06,0.0005
787,1.4501176927845854,1.4501172695008555,1.779642486031442e-09,1.4501172677212133,0.3523000990998149,1.4501173554421147,0.004232837297340013,384.91458595530736,1.0182973901059706,2.7191972942127514,1.3556594546893082,1.270873537726361,0.8650303016060192,2.3542572064549135e-07,0.0005
788,0.8600483508545237,0.8600479273152064,2.4123242693611456e-07,0.8600476860827795,0.353253131817029,0.8600540794892912,0.004235393173089594,384.8757679497721,1.0209608423238876,2.71884254793771,1.3599774667034663,1.2546803931596335,0.6980135403348317,3.786486841530757e-05,0.0005
789,0.14467401398403773,0.14467359177990116,0.002310571630991881,0.14236302014890928,0.3548834272557106,0.1428367706050096,0.004222041365636188,384.82424986843284,1.0279474597531904,2.718169332066691,1.3693477605777409,1.223994405605914,0.3534847696538126,0.13794277423121967,0.0005
790,0.17402663347589153,0.1740262144299306,0.023721531087306444,0.15030468334262417,0.35671652506333995,0.1503998859197999,0.004190459609372862,384.8130563846574,1.038660730563925,2.716993577062703,1.3830868789439124,1.1814239717188302,0.4030101400550226,0.00826828010721841,0.0005
791,0.4662334371925476,0.46623301936375905,0.01897444384933502,0.447258575514424,0.35752564253304797,0.4473131336171449,0.004178287885452789,384.8344500629372,1.0438198352738302,2.7163248904190196,1.3898758131373925,1.1610277812183498,0.5857212530643437,0.007324393632524885,0.0005
792,0.4961537290169906,0.49615331054224665,0.01552838073700438,0.48062492980524235,0.35751953334114,0.4806991407921751,0.004184747439709556,384.8380324368943,1.0440463530441342,2.7160096535996274,1.390451047606543,1.1596269340076817,0.6022023858918643,0.006079179859961104,0.0005
793,0.25374327252104717,0.25374285166486044,0.021580767595221647,0.2321620840696388,0.3567838545697227,0.23225507816334964,0.00420856186759357,384.82123578962467,1.0397632401351495,2.7160382164496712,1.3854552471624724,1.1748123989731958,0.4678736962054811,0.007272841781125756,0.0005
794,0.06313672949825683,0.06313630483944604,0.030577494111739482,0.03255881072770657,0.35503700867488325,0.033097131578019405,0.004246588107868795,384.8147387357826,1.0311445030808741,2.716355465468057,1.3753329631277742,1.2046014840750305,0.21278571510804034,0.4880572453186525,0.0005
795,0.7962010580035536,0.7962006305779472,3.4837432841282028e-09,0.7962006270942038,0.35008308740847965,0.7962008985643427,0.004274256064023237,384.8859602943828,1.0184371662566962,2.717370580302391,1.3595791022860948,1.2507124977984228,0.6868970804326332,8.523873410721574e-07,0.0005
796,2.0111132914595995,2.011112863877972,7.295217923166454e-15,2.011112863877965,0.34622075231538907,2.0111128638799793,0.004275816275642346,384.9705544009347,1.0117919070213364,2.7177121347899202,1.35079601166195,1.2776132524939698,1.005225508821679,1.712206257578644e-12,0.0005
797,2.4026945389777326,2.40269411274748,1.0024526379746303e-16,2.40269411274748,0.3436225286421179,2.4026941127475228,0.004262302525139774,385.00594283331577,1.0105425607372287,2.7176209323233733,1.3484070561806203,1.2854583386159768,1.0878123519739704,2.7185198715180103e-14,0.0005
798,1.729744500103945,1.7297440762945178,5.0296012989105556e-15,1.7297440762945127,0.3422933934643349,1.729744076296688,0.004238094272389638,384.98031111500535,1.0141010324714883,2.7172173313230195,1.351825663034629,1.275532684135193,0.9537595708250174,1.854006174292658e-12,0.0005
799,0.5892143487464154,0.5892139283899418,4.705446605146184e-10,0.5892139279193973,0.3421061121128764,0.5892140459732295,0.004203564736335707,384.9203969538795,1.0220182601077503,2.716483437926143,1.360464254913918,1.250060003428171,0.6289565039475993,3.0758308143554197e-07,0.0005
800,0.04147248305219316,0.04147206722155136,0.0024174590929580747,0.03905460812859329,0.34287769835557264,0.040105969922266976,0.004158306417972869,384.8777665355519,1.0339121184622369,2.7153172137326376,1.3737650816972335,1.2117045266633704,0.2472354947107238,0.31026560699608885,0.0005
801,0.15047502110485514,0.1504746071262864,0.016057325855975912,0.13441728127031047,0.34370930645859343,0.13450082395966814,0.004139785687294572,384.8791873694668,1.0400715537184269,2.714568606798187,1.3807579019522558,1.1918761444687238,0.4054823095415369,0.023257685735524742,0.0005
802,0.17312677059519033,0.17312635684777,0.015943771379475214,0.1571825854682948,0.34342478801004944,0.1572684556261095,0.004137474203227076,384.8824651558226,1.0407967350347276,2.7143004051075845,1.3815138250607493,1.1891939416456454,0.4259435578334159,0.021454962614950432,0.0005
803,0.07497040698184859,0.07496999196130279,0.01116617544470866,0.06380381651659414,0.3421627427541893,0.06406517568599247,0.0041502054579988885,384.88177623609687,1.0366419062812948,2.7144968009841732,1.3766794429588844,1.2017319862755664,0.3142021617051013,0.04327851978658282,0.0005
804,0.14161678871203726,0.14161637092071566,1.7099870749361229e-06,0.14161466093364072,0.3403590656461917,0.14209991981612116,0.004177913215865337,384.9024501660916,1.0284354452898734,2.715079272621544,1.3669443929855234,1.2292931627629913,0.37924884524892905,0.008583118789467931,0.0005
805,0.3006347515164943,0.3006343325885915,1.501744887923623e-08,0.3006343175711427,0.33985245382809115,0.30064192171297177,0.004189279028176003,384.91620427549714,1.0258716430793224,2.7151636098792418,1.3637839369808027,1.2382389224828116,0.49378684207425055,3.790606598309313e-05,0.0005
806,0.16048200499248041,0.16048158647595623,8.495125403905165e-07,0.16048073696341586,0.34044924849109526,0.1607326551971011,0.004185165241938427,384.9036090271246,1.028347433544092,2.7148266696781045,1.3664908059094265,1.230258621758385,0.39603634820770195,0.0032754590818168242,0.0005
807,0.049304623195774604,0.04930420647600793,0.006503896720064848,0.042800309755943074,0.3420504641367219,0.04376254672273383,0.004167197666698306,384.8825688077918,1.0353736597728296,2.714050630426456,1.3744769475732048,1.2073606683510596,0.2635015586079897,0.1403202958997061,0.0005
808,0.06472357104221124,0.06472315442752032,0.009830975810873614,0.0548921786166467,0.3428701118495055,0.05522860501495301,0.004166146909318736,384.88028900210145,1.037598581573071,2.713821929057101,1.3762616106951377,1.204451861350434,0.29830199369407484,0.04865914829661188,0.0005
809,0.04032468138285987,0.040324263188141474,0.0006657417595154265,0.03965852142862604,0.34295714913674763,0.04111308607116953,0.004181947183957203,384.8831215302065,1.0350428122685373,2.714094771479231,1.3725193608195416,1.217422303525317,0.23786726678461964,0.4922758134228728,0.0005
810,0.05623703713562189,0.05623661651708074,0.012561373277062264,0.04367524324001848,0.34641624019757555,0.044270203782705776,0.004206185411471224,384.85880486534654,1.0356822256135292,2.713958812917494,1.3759232904913958,1.201593655821136,0.267669564105839,0.06647884533765011,0.0005
811,0.04238543177353774,0.0423850075578275,0.011454671661210948,0.030930335896616548,0.3486086131181427,0.03168010699028192,0.004242157102384588,384.84496234718006,1.0317214631803926,2.7142459718678356,1.3734949385613502,1.2036340187520966,0.2017127295787718,0.5826132059762066,0.0005
812,0.20027419879605068,0.20027377177268743,1.4404682651221998e-05,0.20025936709003622,0.34924157895022506,0.20052412532291808,0.004270233632404411,384.85717850341007,1.0263431266758187,2.7151908780950245,1.3667250471393975,1.226384693697941,0.41349353431336244,0.005265660762196433,0.0005
813,0.2648405636992514,0.26484013613676655,2.4232547036586542e-05,0.26481590358972995,0.35046390150978296,0.2651255753753689,0.004275624848700721,384.85753713651735,1.0261887208818665,2.7156914452867027,1.3659615429450156,1.2321115225466737,0.4542056660828667,0.007146916180121741,0.0005
814,0.08896796958605961,0.088967543538364,0.001980270563637564,0.08698727297472643,0.352216817313642,0.08782714724705672,0.004260476956152625,384.8395898905015,1.0306689903624489,2.7158182883835686,1.3706065518483435,1.2218482075921713,0.30736152667398087,0.15161309825482172,0.0005
815,0.11021003223741295,0.11020960964196284,0.03221877077884858,0.07799083886311427,0.3542094343590118,0.0781330032259889,0.004225954501072104,384.8282200755005,1.0389596094292224,2.7155961024623103,1.3800357443620885,1.1964846333617647,0.33386851242378307,0.013124877296325414,0.0005
816,0.17006899903687048,0.17006857742496664,0.02336401943278544,0.1467045579921812,0.3554091682927263,0.14681099751971935,0.004216119038244678,384.82854678939674,1.0414636446701397,2.715728708705979,1.3832625631508872,1.1875341790918212,0.4131753183651559,0.008556747997161263,0.0005
817,0.11832351368336798,0.11832309103571001,0.030029033269247767,0.08829405776646222,0.3557280030072858,0.08840231102744153,0.004226476579746512,384.8218581185213,1.0389975363618338,2.716206678492327,1.3807801735774214,1.1945743137140303,0.34662398745995543,0.011546559276032396,0.0005
818,0.07196625597742808,0.07196583017092167,0.022982954506800515,0.04898287566412114,0.35570495291770265,0.05105321960434995,0.004258065064041343,384.82064353405417,1.0320739348499324,2.7169527296810037,1.3733714996722777,1.2157230509776944,0.2619462741798859,0.19310461977490603,0.0005
819,0.07525620321352851,0.07525577778642163,0.004193611382320147,0.07106216640410148,0.3544421881510271,0.07215535364925513,0.004254271068816211,384.82218086847837,1.02897878204851,2.7174186974575387,1.371263516397565,1.2160353372445267,0.2840033391844348,0.15090153890062682,0.0005
820,0.04741150104616239,0.047411078245421276,0.017276901140753486,0.030134177104667776,0.353347594263642,0.03098099057120194,0.0042280074111457466,384.81701069717155,1.0304342992675217,2.717569041235361,1.374431012193372,1.2007975125302424,0.2027689551276621,0.5057539629233531,0.0005
821,0.06700525424647309,0.06700483422423811,0.011083330195333162,0.055921504028904966,0.34890788090612657,0.057987142826910906,0.00420022234982459,384.8338887102233,1.0262329810157507,2.7184435459742247,1.3707522970605222,1.2026627205178986,0.25426501954208885,0.20903342402497743,0.0005
822,0.059722879553289886,0.05972246476392699,0.010906540830661733,0.048815923933265254,0.34533699266176154,0.0507710754226599,0.004147893628953644,384.8473520062046,1.0282052252130074,2.718893817107069,1.3725558157164477,1.1944263552566152,0.24447720205864754,0.25892343203884993,0.0005
823,0.10295554089712661,0.10295513371279912,0.013297636681236204,0.0896574970315629,0.3438784901900799,0.08977497152948527,0.004071843274854288,384.86749780999094,1.0406896650839015,2.7190874143348607,1.3788819585185623,1.196349960960668,0.3552251222545984,0.02759628033392839,0.0005
824,0.11177885588909207,0.11177845424610829,0.011565530687587715,0.10021292355852057,0.3416457760533249,0.10042998105221518,0.00401642983786612,384.8956129394405,1.046984876692116,2.7194135107842645,1.3791220542106444,1.2128695945219563,0.38205178327307276,0.05548283075472119,0.0005
825,0.11805478398314277,0.11805438650522386,0.0018766694306853583,0.1161777170745385,0.33830648931122387,0.11662098414377162,0.003974779189104495,384.9332491579552,1.0475446490539981,2.719994055399832,1.3738049482112344,1.2422201423427566,0.3848569988532406,0.09085520580329555,0.0005
826,0.0813342881398164,0.08133388973128153,0.0024854881949268395,0.07884840153635468,0.3393669781454601,0.07933986192765892,0.00398408534873572,384.91180522218804,1.0477845047452339,2.7201552511285514,1.376044850548568,1.226484422439784,0.3533348295258748,0.11118878293614784,0.0005
827,0.04218960869657004,0.042189206199415026,0.001035714831281748,0.04115349136813328,0.3406372974237088,0.04202372659769351,0.004024971550178435,384.88436567715337,1.0415391534394645,2.7205410173218603,1.3737354760162865,1.2150346257512898,0.25863096567634675,0.2686278520443632,0.0005
828,0.12575189837122447,0.12575148863866267,0.0012926933827706996,0.12445879525589197,0.3428968849110564,0.1251236715358807,0.004097325617974643,384.8653417083931,1.0303944424409697,2.7211255439067688,1.3674341163294068,1.2115882411378092,0.33661207674033944,0.06250347501410461,0.0005
829,0.19940459612036424,0.1994041815963678,0.012036088468062594,0.18736809312830519,0.3457585857810438,0.18785104831035382,0.004145239964218232,384.845978746943,1.0255676594329226,2.7213114031838535,1.3670341929023917,1.1961925050723186,0.3550068184239252,0.07046784119403367,0.0005
830,0.15435235988458793,0.15435194311904019,0.006095375739208392,0.1482565673798318,0.3489516782265636,0.14890487129850927,0.004167655477436677,384.8246152084357,1.0267428986489087,2.721074043862786,1.3718469270479188,1.172103076012006,0.3051646095753887,0.11289375074608952,0.0005
831,0.18232036677163824,0.18231995233910606,0.006301315835257889,0.17601863650384816,0.3508434204249916,0.17641949945486263,0.004144325321744182,384.8194114893326,1.0370756346419847,2.7206364060837798,1.3792826122318511,1.1639956693444544,0.3289414222338468,0.05320387721481915,0.0005
832,0.14237653104531925,0.14237611785690987,0.0199966821963678,0.1223794356605421,0.3511535884418727,0.122453026120287,0.004131884093649738,384.8217500624664,1.0425527222303788,2.720627962285474,1.380156622118594,1.1764405152945117,0.3450728013430436,0.020635454500613375,0.0005
833,0.04811399156120259,0.048113578695555624,0.014932936869845377,0.03318064182571024,0.34994669373763027,0.03400655547132197,0.004128656469677476,384.83186856729344,1.0429114083434414,2.7210043170898537,1.3752232932145707,1.2045060617364851,0.22745859984103872,0.38386350607602987,0.0005
834,0.3960699816853885,0.3960695698799952,0.00010138317619944959,0.3959681867037957,0.34614533841288164,0.39662318586250117,0.00411805393258666,384.88950566313105,1.03845721392865,2.7216525116689003,1.3645455322338222,1.2489365475249914,0.5234628945828474,0.03258217794794372,0.0005
835,0.8468930021276961,0.8468925924635341,4.1632424881711e-06,0.8468884292210459,0.3435511767405886,0.8469845855809536,0.004096641620610968,384.94270263026345,1.0386383489071127,2.7218592989293104,1.3602895721188244,1.273088775807862,0.700444357416171,0.0012756654450164241,0.0005
836,0.7501939608015206,0.7501935536811093,0.00014710479600840606,0.750046448885101,0.342380636013917,0.750745379327058,0.0040712041122295765,384.9540946498744,1.0429291209670066,2.7216820655517306,1.3619706222276822,1.276632403260005,0.6540449038156992,0.04547361335594881,0.0005
837,0.3074952218486928,0.3074948173349321,0.0023787301231769035,0.30511608721175526,0.34266211866203267,0.3057796169850529,0.004045137607080894,384.9298897403654,1.0507930824795273,2.7211344009999228,1.369095306065589,1.2601855136083617,0.46368288984767114,0.1565300988975185,0.0005
838,0.17635316143055543,0.17635275928905467,0.018335187446426964,0.1580175718426277,0.3443834067040294,0.1583762978393514,0.004021415007666028,384.90763668879555,1.0614228421379996,2.720426110371,1.3812653945078697,1.2235036090601863,0.44747921216359476,0.08851140309505591,0.0005
839,0.3451398588254053,0.3451394564685418,0.027819853214088693,0.3173196032544532,0.34598108213702383,0.31738745393457873,0.00402356863494955,384.9076700161535,1.0656613537682624,2.719851282703293,1.3875500144556192,1.2004360660766664,0.5716297363082908,0.01262075902422338,0.0005
840,0.3592500611866438,0.3592496570905865,0.028729296267762217,0.33052036082282416,0.34679660132892626,0.33058902767480547,0.004040960573147061,384.8990124329168,1.0647448595334068,2.71959173284156,1.388039086417361,1.1937755369306615,0.5780820307731351,0.010435983662932474,0.0005
841,0.19914320014638773,0.19914279277896507,0.028929707990996808,0.1702130847879683,0.3469742400443553,0.17030446861310547,0.004073674226460729,384.8770787470243,1.0591856927921008,2.7197080879887507,1.3833452676318152,1.2013432461396882,0.45417137266612645,0.014364876440863372,0.0005
842,0.061152468647879335,0.061152056528223704,0.0055860134842773065,0.05556604304394639,0.34670295765319803,0.0565815060256167,0.004121196556278782,384.86466804231645,1.0494535539155174,2.720183206984369,1.374045961804368,1.221671209732277,0.2880970618446785,0.2096597308865609,0.0005
843,0.06335561817346404,0.06335520337338996,0.011970642282936383,0.05138456109045358,0.3462517380743301,0.05358981318680472,0.0041480007408397235,384.84521746403146,1.0400937903792802,2.720461328297214,1.370606332583942,1.2024631279582771,0.2498486305269845,0.22031933275171647,0.0005
844,0.11637617013071322,0.11637575504218801,0.007365586523077814,0.10901016851911022,0.34614444908899983,0.11024055685477523,0.004150885252057639,384.8401028547975,1.0366283210893528,2.7203068969470143,1.3724077017495275,1.1751729231488597,0.2763339196639087,0.15784450041679762,0.0005
845,0.2118091152680444,0.2118087026994861,0.007587747873575583,0.20422095482591054,0.34614453928847366,0.2048366704071752,0.0041256855832007165,384.8447024491363,1.041755742093966,2.7199136064761418,1.3777782505205274,1.1595557000993268,0.32119202445143424,0.17288985072312646,0.0005
846,0.1650071521420906,0.16500674048602562,0.005194475908909724,0.15981226457711592,0.34500378474190924,0.16045868678364175,0.004116560649856547,384.8486341434408,1.0427466365738582,2.7199871836705785,1.3769552218416345,1.16525283147065,0.3052068770549589,0.1943369889882073,0.0005
847,0.08420624152892402,0.08420582938480557,0.010476865408219306,0.07372896397658628,0.3428181253963811,0.0751840431995081,0.004121441184470519,384.8588002536687,1.0400150364989014,2.7204625620341867,1.37055311139505,1.1906548491771318,0.2638080522442607,0.18982855125679216,0.0005
848,0.0647595641977624,0.06475915331627216,0.010127125583837531,0.05463202773243461,0.3418625875598482,0.05740430250823373,0.004108814902293909,384.86869999593495,1.0430968427893672,2.7204867763369758,1.3699958551334164,1.204180779822343,0.25372197427761045,0.23958269132857324,0.0005
849,0.044430359882927026,0.04442995225142606,0.006171044593857532,0.03825890765756853,0.34155630896355427,0.03922708215585729,0.004076315009615467,384.8771156137327,1.0512350683651561,2.7201877960683785,1.3744209378353425,1.2073918836902078,0.25293746821077145,0.22679798532137857,0.0005
850,0.06636441127530049,0.06636400529721981,0.0009793348469880681,0.06538467045023173,0.3403730154948208,0.06628147236735107,0.004059780806772181,384.9003208211388,1.0541336038734577,2.720369289214539,1.3729951832398857,1.226792633320111,0.3081551112289563,0.16735418710364575,0.0005
851,0.09188349939775395,0.09188309424336283,0.00879156038030583,0.08309153386305701,0.34181480945488063,0.08343223125748944,0.004051543911139693,384.89492294769076,1.0590392324641398,2.720057121528214,1.3780177770766449,1.2152188833820687,0.3506669941548154,0.13641985222497335,0.0005
852,0.08077336895447344,0.08077296331703686,0.006832731631899152,0.0739402316851377,0.3420623274927684,0.07430857367886694,0.004056374365884616,384.8918640620209,1.0583957476096695,2.7202080390506342,1.3773570991117907,1.2160392345550026,0.33498384511628876,0.161430855364621,0.0005
853,0.07138370354035152,0.07138329622141677,0.0008167874074052372,0.07056650881401155,0.3412357233535374,0.07145685280804565,0.0040731893474210915,384.89310689341465,1.0526609364123845,2.7207872199008962,1.3716145292734692,1.227344171431319,0.29805334474730644,0.27363820988312193,0.0005
854,0.04101178229620547,0.041011373995978616,0.0008487216759388599,0.04016265232003975,0.34209088858327164,0.041753337840090964,0.00408300226855693,384.8771881157195,1.051024396799701,2.7208780367849945,1.3722378905651509,1.2158720138022332,0.2430653054617164,0.40883588911966107,0.0005
855,0.10224126574761591,0.10224085712821655,0.010886958244206883,0.09135389888400966,0.3446452123256251,0.0914732477867466,0.004086193993603963,384.85554491861967,1.0530464847639278,2.720499922396467,1.3786559112861596,1.1846898432017328,0.3346135089621023,0.025706124273645516,0.0005
856,0.1427720216015108,0.1427716111697609,0.007292743026416702,0.1354788681433442,0.34606582187874385,0.13566426092431447,0.004104317499309586,384.8453014646446,1.0503701572084858,2.7205305310600654,1.3790812116964417,1.1723034500802907,0.34030538243215896,0.02889001709170364,0.0005
857,0.08095908175287711,0.08095866832713967,0.008221255831083657,0.072737412496056,0.34619967099190524,0.0740393079311981,0.004134257374322417,384.83859174663814,1.043895507980761,2.7209937643213182,1.3738812752822254,1.179061373935814,0.23863293132396768,0.3740556942937583,0.0005
858,0.36963468760154394,0.36963427064682547,0.0006396673177422437,0.36899460332908324,0.34472810636544443,0.36919248991486053,0.004169547184539067,384.86600477906086,1.035563453578951,2.7218618330297706,1.3632599292030747,1.2118258327016724,0.4768385137607539,0.010561419023000075,0.0005
859,0.7476480457674884,0.7476476275611609,8.452688787369693e-10,0.747647626715892,0.3440090303969321,0.7476476373185135,0.004182063275407428,384.8927568948866,1.0329657886049222,2.722216886334058,1.3588357704259106,1.2294650947550345,0.6490370632211296,2.80027277235815e-08,0.0005
860,0.6302679493632242,0.6302675317866461,3.908513494956154e-10,0.6302675313957948,0.3440958620680828,0.6302675710418809,0.004175765781277963,384.8896665651312,1.0353496314049946,2.7221403022797492,1.3600689456434993,1.2318009247640178,0.6163021816901897,9.307114351209585e-08,0.0005
861,0.18521153664759113,0.18521112131844716,9.753903346399026e-06,0.1852013674151008,0.34493063996684475,0.18540890440544708,0.004153291439534686,384.86401309375987,1.04214680084768,2.7216629587560033,1.3664046603518565,1.2199173518115758,0.3987578727862426,0.0033937498304115288,0.0005
862,0.06888079153106014,0.06888037985435966,0.014287607675598425,0.05459277217876123,0.34639605000132967,0.05485130636427031,0.0041167670047416016,384.84888280432347,1.0529195361541863,2.7208221690549865,1.3773124085976294,1.1954491342514562,0.29261366826574536,0.030916392350959818,0.0005
863,0.16392493665508512,0.163924526814711,0.027023316449605997,0.136901210365105,0.3467058645037617,0.13699262262724607,0.004098403741239577,384.8573534281562,1.0579370565627546,2.720582459121225,1.3817975493597126,1.1875673518380412,0.4070575437282117,0.01435735204310113,0.0005
864,0.13115432213993228,0.1311539126595121,0.026593184618017515,0.10456072804149459,0.34595147846283625,0.10464897918649053,0.004094804201788142,384.8613801645785,1.0578678180130745,2.7206954816867963,1.3804793260957806,1.194893009668322,0.37769411773852957,0.01701027031716146,0.0005
865,0.04146999508494302,0.04146958478393579,0.0015551834616698533,0.03991440132226594,0.34412647466622776,0.041344597784075975,0.0041030100723063005,384.86905309147807,1.0531164784990248,2.721221001103181,1.3739366673286872,1.2154391432684108,0.25503849480954605,0.3231794765892741,0.0005
866,0.1281171004380843,0.12811668723975952,5.134781287016627e-05,0.12806533942688936,0.34379436771954225,0.12876169361453144,0.004131983247845411,384.86812437021,1.0444489709349454,2.722016274461158,1.3676221133516908,1.2200378435666963,0.357334508775081,0.024830355389651403,0.0005
867,0.1442193171897743,0.1442189029672534,0.002352089987480643,0.14186681297977272,0.34431023052776144,0.14231964164739516,0.0041422252088496115,384.8582891586924,1.041202378310643,2.722322554217186,1.3671840455987163,1.2097251614049482,0.34933494858233777,0.05403693778633263,0.0005
868,0.06607383643985963,0.06607342323503902,0.009659489768502592,0.05641393346653642,0.3453632058666436,0.058336160999123796,0.004132048206126791,384.84207743529373,1.0431949586617626,2.7222154345521075,1.371865503289483,1.188799333833883,0.24227458816377442,0.2720243602081879,0.0005
869,0.20251994432610043,0.2025195339710834,0.006834776095533656,0.19568475787554976,0.3469340047399554,0.19582024771088039,0.004103550170238702,384.8421186226231,1.0511300035762299,2.7217732935162786,1.380819687470961,1.1660333742823992,0.384031450938636,0.023829055424282302,0.0005
870,0.286999835710545,0.28699942635029935,0.013831251867896674,0.27316817448240266,0.347323386290811,0.2732224438570141,0.004093602456726691,384.84757150009875,1.054058691340885,2.721815857502654,1.3834018000763786,1.162310079259283,0.45006606166325747,0.01858732298987206,0.0005
871,0.14865429128349839,0.14865388153663586,0.009731259791613168,0.1389226217450227,0.3464287822465079,0.13902203114208486,0.0040974686252198,384.84402887199957,1.0524457393535922,2.722174044050504,1.3801584700311482,1.1756767707230904,0.3678810015269746,0.023136521833637246,0.0005
872,0.04430560026764974,0.04430518867632801,0.010834644078999194,0.03347054459732881,0.34463230011372464,0.0351503998983721,0.004115913217314734,384.85073424705104,1.0466130016577981,2.7229475244787364,1.3718342737704088,1.2037766359513442,0.2112882951590246,0.5623857219390304,0.0005
873,0.269246256667037,0.26924584678074936,0.00010589366361675551,0.2691399531171326,0.3418927301905766,0.2699354707297875,0.004098862876127619,384.90073684028073,1.046569741056562,2.72369326437956,1.365647424182887,1.2439103505971099,0.4624880188990661,0.04675358266942863,0.0005
874,0.42253888336715395,0.4225384764614609,0.0005652634663834696,0.4219732129950775,0.34032162209239264,0.4226150676845426,0.004069056930013301,384.94088671750654,1.0507599343930663,2.723822815916027,1.3653772715734138,1.2646773757901406,0.5171068153395718,0.1608268564916237,0.0005
875,0.3057317538053151,0.30573135028894,0.003869123538609258,0.3018622267503307,0.3401768369553077,0.30237898952176834,0.004035163750998009,384.95234415513653,1.0584941719569634,2.72355231027033,1.3706595692097372,1.2643096552494726,0.4760248579190731,0.12687951072253084,0.0005
876,0.24116770065416607,0.2411673001092448,0.014981451529962409,0.22618584857928245,0.3417184464038995,0.2264727088688195,0.004005449212691217,384.94838741998245,1.0688338116457998,2.7229231392109905,1.3812582975667325,1.2398972995215034,0.5247093897323524,0.05244914085081981,0.0005
877,0.3462415542173931,0.34624115313528103,0.011157161428307156,0.33508399170697384,0.34381668415932937,0.335294444394222,0.004010821120842396,384.9423877919538,1.0722695049554316,2.722512518018575,1.386843503175357,1.2206142877991264,0.5901438035211738,0.0429130206471716,0.0005
878,0.333736427171018,0.3337360235465192,0.010591259000267717,0.3231447645462515,0.3455102076607963,0.3233193950758635,0.004036244987779121,384.9254768116724,1.070445979798365,2.7224737724895087,1.387046112741061,1.2150600734157124,0.5783699157132215,0.034922631175435884,0.0005
879,0.19188832034248876,0.19188791242488235,0.01493477765917025,0.17695313476571212,0.3467679022199357,0.17728855967017904,0.004079176064262362,384.8975028397811,1.0639524476422302,2.722765873973385,1.382339081305638,1.222208711289268,0.465811184858799,0.07686898739300442,0.0005
880,0.13764112876260592,0.13764071546255682,0.013735634102113032,0.1239050813604438,0.3472217061884105,0.1245346003394508,0.004133000490970356,384.8797809816249,1.052994604021969,2.723350471518643,1.3731247429169717,1.2391713270274365,0.3658494662259776,0.17203051679628897,0.0005
881,0.10344237802171846,0.1034419614607599,0.0012744635266852032,0.1021674979340747,0.3483421745523936,0.10330527093304956,0.00416560958555951,384.85362271025105,1.0459634240020736,2.723600339554473,1.370305068186883,1.2289890069824416,0.3293362910016583,0.15879722874011604,0.0005
882,0.041278811205801895,0.04127839334413763,0.012174065122932875,0.029104328221204765,0.35009728849489236,0.030901594801523127,0.0041786166426142374,384.823775117826,1.0436848624407578,2.7235119236702374,1.3730404328640275,1.2031911137940783,0.20774297117898896,0.5069726035139017,0.0005
883,0.05875519411155871,0.0587547784928418,0.010601045301737985,0.04815373319110382,0.34966900142301705,0.04892311782139558,0.004156187169071283,384.82028604154993,1.0443806687640185,2.7237050340623172,1.3758950815607518,1.1880401426491334,0.24576608713357445,0.20710832350981342,0.0005
884,0.051900034277298564,0.05189961917254636,0.011237576059551968,0.04066204311299439,0.34826211757718606,0.04225829504841293,0.004151047522036881,384.82455283561,1.0407990735524337,2.7242528838101667,1.3729799455195382,1.1916762070528661,0.220773477820393,0.3977743197490112,0.0005
885,0.0405483418726414,0.040547929061626166,0.011288739333934995,0.029259189727691173,0.3471429895827601,0.030099599115771775,0.004128110152339838,384.8356399999944,1.0441401317528203,2.724710527976545,1.3734338538181825,1.2030140916103669,0.20618600487346275,0.5405007910776284,0.0005
886,0.16547260082903203,0.16547219004499994,0.0003898155897882073,0.1650823744552117,0.3444645595033114,0.16593477066685802,0.004107840320999472,384.8767515229122,1.0437415590190362,2.7257031459058423,1.367860237030595,1.2379081379397778,0.38638914393020185,0.13753748690827639,0.0005
887,0.24183645680025984,0.24183604923938612,0.0008694884382426202,0.24096656080114348,0.34296220960516444,0.24217032563512314,0.004075608737173011,384.9066016082458,1.0475600483347762,2.726068489521491,1.3681871727034112,1.2531544194330904,0.4236519488876947,0.20287913083908568,0.0005
888,0.16665604741019324,0.16665564340325978,0.011437997562958994,0.15521764584030082,0.3429321545241247,0.15560784146736034,0.004040069334731154,384.9122610141144,1.0548746687043578,2.726027034530938,1.3740746758785276,1.2471088449771124,0.4164499189856999,0.082630430374783,0.0005
889,0.2742911568805697,0.27429075576788436,0.017665221819216967,0.2566255339486674,0.3446482809331302,0.25675282762241414,0.004011126853392465,384.9013513123995,1.0630102903714376,2.725687210924438,1.3853707649917224,1.20832681979969,0.5335775837357986,0.02275567764970984,0.0005
890,0.4860231775144905,0.48602277764143026,0.0275326189896669,0.45849015865176335,0.34540146293244695,0.4585570342091114,0.003998730602124587,384.90778854829256,1.0655851081088903,2.72564073675758,1.3903531267849436,1.187817839709808,0.6534216697764912,0.009466361154916185,0.0005
891,0.4587115237800582,0.4587111233618118,0.024681042073098437,0.43403008128871345,0.3454746534771586,0.4341029426717464,0.004004182464187977,384.8970140356032,1.063237266510365,2.725922063182534,1.3896859408320048,1.1834069500907654,0.6346301704137876,0.008510524147202122,0.0005
892,0.23481469706274008,0.2348142947315687,0.0297446294775271,0.2050696652540416,0.34467417463861766,0.20516566930056457,0.0040233117136597215,384.87214418366244,1.0564062831080006,2.726528306298148,1.383823256943093,1.1931570168188574,0.4837616415119509,0.013519832280373947,0.0005
893,0.038569869160377475,0.03856946341581255,0.0008894087236990802,0.03768005469211346,0.34331808460885244,0.038950275383714844,0.004057445649251151,384.8612163489467,1.0456073092832756,2.7273616126993367,1.3733827534286975,1.215751958588247,0.2521901307725541,0.30821575050689876,0.0005
894,0.43524609464998154,0.4352456810821514,1.1266542414637117e-09,0.4352456799554972,0.34487545164072114,0.4352458507354737,0.00413567830150656,384.8670720554122,1.03051856339273,2.728337544932372,1.3619881310614472,1.2307064501941922,0.5463876186336323,4.585240066850919e-07,0.0005
895,0.9516313467416763,0.9516309276439177,2.897340415320214e-10,0.9516309273541836,0.34716980845544265,0.9516309306017398,0.004190977585813696,384.87230184729754,1.0217044754452362,2.72887899713251,1.3570216782730353,1.2298926419143457,0.7058292235106809,8.297506812164397e-09,0.0005
896,0.9258897375026399,0.9258893151957845,1.1465304266311634e-05,0.9258778498915181,0.3499587674844257,0.9258874982134351,0.004223068553432221,384.8503803677119,1.018631994560017,2.729002098972395,1.3577719060115832,1.2158660416699292,0.66233598254938,0.0001303212770379241,0.0005
897,0.4788366146689845,0.4788361914470792,0.011439822673181147,0.46739636877389806,0.353021863629313,0.4676609397973628,0.004232219053201351,384.8096934774862,1.0208644672527283,2.7286988074771146,1.3635934567645676,1.191275712723622,0.4710811469894905,0.04331607511354302,0.0005
898,0.2119168204946004,0.2119163986148376,0.007148610793550927,0.20476778782128666,0.3561491623295139,0.20544448857312225,0.0042187976279488655,384.78113145397447,1.028137078202756,2.728014240718082,1.3738731756087945,1.159150349729564,0.311129374764915,0.09488078171272821,0.0005
899,0.1860231740714805,0.1860227565968236,0.027314339675214527,0.15870841692160906,0.355604829033665,0.15878183316548997,0.004174746569078298,384.7904654068661,1.0427757289558324,2.727385547013007,1.381140652197606,1.169237621993966,0.3595901573916832,0.017180034319446792,0.0005
900,0.14977181611214596,0.14977140152090276,0.03065238770106855,0.11911901381983422,0.3537869528560312,0.11920811561863201,0.00414591243190146,384.8185668307582,1.0514193550288364,2.7270789070667365,1.3819987917090775,1.1949419699628576,0.3952465470964838,0.011624639929849795,0.0005
901,0.13872780633513832,0.13872739251806027,0.01821122239391123,0.12051617012414904,0.3516543488452713,0.12094882683004732,0.004138170780593503,384.8600657615608,1.0543595391099743,2.7269885410817167,1.3776115301174885,1.23294133125944,0.4003398389408546,0.08043662863571183,0.0005
902,0.13480465073600403,0.13480423284755894,0.01908641865676698,0.11571781419079197,0.3555377335736786,0.11629288046227851,0.004178884451098415,384.8360987220717,1.0543257242895736,2.7267072426338244,1.3803242374515072,1.2199962895630436,0.3859399344489581,0.12350145105918144,0.0005
903,0.0874124539989593,0.08741203118601112,0.015533922041189765,0.07187810914482134,0.35810715405143395,0.07301990270818683,0.004228129481758463,384.81047090655045,1.0489135923175728,2.7267526672601283,1.377781309886137,1.217389356727916,0.3163466952003644,0.16607191394917864,0.0005
904,0.09124922929184898,0.09124879891950953,0.036067525486716344,0.0551812734327932,0.36219671472014,0.056342242620959285,0.004303723394412436,384.76616143486996,1.036477905415988,2.727211036970804,1.3732573001467732,1.2016616047914954,0.25202431088738597,0.16878494605482305,0.0005
905,0.11676121552847281,0.11676078222352097,0.014766048330451805,0.10199473389306918,0.36485887832174285,0.10285338133299736,0.004333049518331507,384.74504139959276,1.0297831064613714,2.7274259023690854,1.3734549726177414,1.1773190462892056,0.25901794816458523,0.19358083306127166,0.0005
906,0.1916338273535912,0.19163339630218415,0.008830332046764311,0.1828030642554199,0.3642289481554705,0.18390444985740212,0.00431051407051118,384.747683182571,1.0294288378425396,2.7275081758387847,1.3764078654971357,1.15754543485798,0.2647146355701079,0.23778503125199252,0.0005
907,0.17540729010583664,0.17540686066620997,0.006152015376381853,0.16925484528982815,0.36070203055714023,0.17007625539386154,0.0042943962667198075,384.76003519617853,1.0264249679328619,2.7279050387606545,1.3725800159631159,1.1663352688906699,0.29995964288062565,0.08998312063038824,0.0005
908,0.11268919163192914,0.11268876652178325,0.006191242422159061,0.10649752409962421,0.3569207896700004,0.10786620906566609,0.004251101458963289,384.7736459734339,1.0299238620925486,2.727915697894732,1.3732022272546107,1.172481590633789,0.26495163633519747,0.16269632363495445,0.0005
909,0.04598089475610872,0.045980476911522114,0.014221839256264902,0.03175863765525721,0.3512058470376275,0.03292575724049379,0.004178445866027348,384.8085488321151,1.0406823328182089,2.7275896341179404,1.3750600679443066,1.1975419929820166,0.2311061861642194,0.22390976007973448,0.0005
910,0.0994256911662995,0.09942527855916329,0.0010935151785723511,0.09833176338059094,0.34526521769787405,0.09923828637856637,0.004126071362032761,384.86967695835574,1.045539303843752,2.7278127409234814,1.3714455778949033,1.234837185311888,0.3275622814491915,0.2516724252120592,0.0005
911,0.17442008137120907,0.17441967460129928,0.004195020626261267,0.17022465397503803,0.3412293366827444,0.17055025782042596,0.004067699097918676,384.9212037973757,1.0535003958671645,2.7275367198795633,1.373755970928216,1.248763566846828,0.4337434213095371,0.07165901450113223,0.0005
912,0.24752959171872127,0.24752918993298792,0.018856051013169155,0.22867313891981877,0.33979416283572245,0.22894096031662964,0.004017857333551171,384.9412660915399,1.0628448375128372,2.72691370461988,1.3819701736767758,1.2308033425661513,0.5260463149661955,0.05382438665541513,0.0005
913,0.3261910878976235,0.3261906888352265,0.019069021689849048,0.3071216671453775,0.33811659064654953,0.30734205911701706,0.00399062397018625,384.9591328071277,1.0662058255393565,2.726692004183833,1.3846035490410076,1.2244432142504944,0.5785676742420868,0.046159019633130335,0.0005
914,0.26324808951943646,0.26324769114097835,0.015108147347253206,0.24813954379372516,0.33614347994554494,0.24837546387775986,0.003983784581202075,384.9632737802043,1.0643593315538555,2.7268206944006144,1.3820873970074525,1.2301703633076464,0.5409261954776843,0.0523049074846042,0.0005
915,0.16863003083274483,0.1686296314793247,0.0011109047425560067,0.1675187267367687,0.3337891947213065,0.16782510324690045,0.0039935342012901035,384.96513657589696,1.0577349056305596,2.7272368409771532,1.3749494808368379,1.2459131725082073,0.4595034533174087,0.06383356255557394,0.0005
916,0.05602150751661947,0.05602110030135781,0.001025662538677472,0.05499543776268033,0.33833092329600317,0.05555047510053499,0.004072152616599004,384.8889347464292,1.047275258585593,2.727172927609929,1.3739544710625535,1.2124207997660819,0.2945958866602729,0.18773876152249513,0.0005
917,0.12744271332373225,0.1274422965881895,0.012199915018924458,0.11524238156926506,0.3428803837092815,0.11634668451500346,0.0041673554273820666,384.84980423650984,1.0330884096422048,2.7271799715116303,1.3684493279733922,1.19445043150447,0.2928689070500683,0.21960581681185265,0.0005
918,0.27480514421965796,0.27480472069267553,0.008087233348333564,0.2667174873443419,0.347978783478835,0.267229147631343,0.004235269824206843,384.82692484762094,1.025738685604447,2.726608846040051,1.3685849262973662,1.169206242047284,0.3648004468273831,0.0980291152920574,0.0005
919,0.41371231962171184,0.41371189219138305,0.0061355238800943936,0.4075763683112886,0.35286501533253645,0.4079732129623264,0.004274303287778079,384.8121133978504,1.0252933105231972,2.7256854432043545,1.373245840373576,1.14319603321189,0.3789875798770119,0.0810736186927218,0.0005
920,0.2680331996205017,0.26803276654057345,0.0038721237732289616,0.2641606427673445,0.35517697355231903,0.26467032131223944,0.004330799282274851,384.7952073968286,1.0267672630719562,2.724223438751243,1.37228197179512,1.155685172744837,0.33680821761458435,0.08980391985180056,0.0005
921,0.06558546454403845,0.06558502703484911,0.008578299422805363,0.057006727612043756,0.3559675599610118,0.05876054773277289,0.0043750918933853885,384.78896276629894,1.0352884030561462,2.7218590395224864,1.3732979306684667,1.1822294522146417,0.22358194834975575,0.3275897781539829,0.0005
922,0.08388962490241499,0.08388918587192809,0.028361892123778435,0.05552729374814966,0.35559066994144767,0.05595308558302035,0.004390304868925763,384.81889182664196,1.0485079808110846,2.7190851086762264,1.3776447638569755,1.2071872933505992,0.2787167672108951,0.2668782170659005,0.0005
923,0.21435820899812097,0.21435776699787293,0.014525900990744127,0.19983186600712877,0.35405981665538927,0.20023452954951762,0.004420002480513269,384.8803657047765,1.0553868448094332,2.717007157549017,1.3761323138828996,1.2444593061041636,0.4529945202369352,0.0750998161817791,0.0005
924,0.3507534947087216,0.35075305356956127,0.013084002967560349,0.337669050602001,0.35343508031501647,0.33790821244319086,0.004411391602860457,384.9333282286855,1.0646163047879167,2.7150780818717335,1.3801285999809052,1.2556128062030198,0.5754730596398102,0.04813752031205975,0.0005
925,0.2752830673589271,0.27528263209498305,0.008480704663868232,0.26680192743111486,0.3512843952197674,0.26709705470154715,0.00435263944032249,384.92037068888345,1.06728548816519,2.7157264110380215,1.382918342127024,1.2374219885562874,0.5397668277142096,0.05399783023123132,0.0005
926,0.18280481006461197,0.1828043793225343,0.014350360129414121,0.16845401919312017,0.3485118867174324,0.1688789016216969,0.004307420776619581,384.89980386987713,1.0644660083561366,2.7170663722601804,1.3807470008343814,1.2282523004570909,0.4558380157893076,0.07392275849661982,0.0005
927,0.08620525852549522,0.08620483032990918,0.005019281337903734,0.08118554899200546,0.3456551409516611,0.08178614874764012,0.0042819558605049915,384.88107282007223,1.056726666300218,2.7187334375092846,1.3742908945524674,1.2269633080537443,0.33499734749655863,0.11813392338110208,0.0005
928,0.0496254764242675,0.04962505492279005,0.013974324655990631,0.03565073026679941,0.34308433180309583,0.03690032085803294,0.00421501477451904,384.86160924413014,1.0515238707294845,2.7205074604869135,1.3734050643195812,1.1977169858594845,0.22636425391251086,0.3523510206036555,0.0005
929,0.1369809144561491,0.1369804955009247,0.008038636175460483,0.1289418593254642,0.34254537774773414,0.12981882225333938,0.004189552244071504,384.85898336077616,1.0434063995964173,2.722129694307037,1.369938938753886,1.1787970781279837,0.29562750433141827,0.14619174731922951,0.0005
930,0.26955796887118244,0.26955755350765237,0.006102445588263144,0.2634551079193892,0.34265819386517377,0.2640150230463171,0.004153635300789129,384.8637360706849,1.041760918019349,2.72318316868109,1.3713089691944558,1.158017955874252,0.3446141931084953,0.10745416262678854,0.0005
931,0.30518632665984924,0.30518591411215146,0.005346366212091351,0.2998395479000601,0.34326880146626965,0.30103760087574366,0.004125476977938637,384.8612068715873,1.047045312942462,2.723214973792704,1.3756039249298944,1.1488061971276713,0.3367962420953512,0.19020904990642543,0.0005
932,0.2019153526305317,0.2019149400850717,0.007477152480885219,0.19443778760418645,0.34294996024425034,0.19592503101247177,0.004125454600214958,384.8570638475303,1.0482320555426754,2.7233590026933814,1.3740181593346046,1.1595929092980648,0.30183249220140046,0.19237716814744588,0.0005
933,0.1714201751586663,0.1714197599915836,0.011799369965208037,0.15962039002637557,0.34175872778518934,0.16008161763655257,0.004151670827187416,384.86556595383905,1.0463693579150413,2.7235245969725344,1.3671043444172104,1.1921262721165637,0.33769222326873966,0.06327473463448384,0.0005
934,0.1814512172624101,0.18145080160407,0.0005793808596125012,0.18087142074445747,0.34135665830901185,0.1811604029016072,0.0041565834008770826,384.87591120156736,1.0494713389427863,2.723263988983261,1.3658293318316874,1.2112652258091916,0.3833687455992767,0.011931383986935731,0.0005
935,0.07067847228296167,0.07067805798955122,0.000529133355887781,0.07014892463366343,0.3416608371135334,0.07154845304505197,0.004142934104595843,384.87666030977056,1.0568386616100764,2.7226416942111418,1.369663543755869,1.2164190743046974,0.2868887122523349,0.22982166857323005,0.0005
936,0.09049388408018101,0.0904934728338462,0.01121402412253898,0.07927944871130724,0.3427407093098386,0.07973531187985682,0.004112463348008891,384.8808676121076,1.067794350995237,2.7216948458029537,1.3782318141167296,1.2067353174258137,0.3403701799533268,0.08781611704881764,0.0005
937,0.1513317614063117,0.15133135164895373,0.017544910743785204,0.1337864409051685,0.34259009625090686,0.13409033941072643,0.004097573579686378,384.8984235417348,1.0730611589977943,2.7213556163585855,1.38073227105494,1.2111486197920938,0.4113763495951266,0.08366629472713852,0.0005
938,0.13627535027975005,0.13627494044896354,0.014477085098151876,0.12179785535081164,0.34163522987404626,0.12226099951334751,0.004098307864997649,384.9128443126232,1.0730731770404265,2.7215077767642857,1.3779956407326188,1.2270279849581862,0.40712762362540506,0.0892471425908939,0.0005
939,0.20220429074599505,0.20220388001863848,0.0017312530805032834,0.2004726269381352,0.340026584509778,0.2010200414394778,0.004107273565564223,384.92812185775136,1.067945204695978,2.722236066814532,1.3710356185254617,1.2472630157513824,0.42201368303233505,0.13210990728247982,0.0005
940,0.2091484042759522,0.20914799409424337,0.001307287428316761,0.20784070666592658,0.3397552304870168,0.20843993587168413,0.004101817088227895,384.92700937476405,1.0672759081811865,2.722470665895994,1.370180969617742,1.247135151626251,0.41947587921674295,0.14673125331532602,0.0005
941,0.0997396826723986,0.09973927431735648,0.0034756632402026416,0.09626361107715384,0.3406607824889753,0.09679677663303189,0.004083550421332177,384.90779303631666,1.0706972129998196,2.722302751399753,1.3747803514483579,1.2293644799995835,0.36402478863465665,0.10752751359264862,0.0005
942,0.24715882460757652,0.2471584194648325,0.02246271591314222,0.22469570355169033,0.34326938200981283,0.22478182173722625,0.004051427440187881,384.8824282071717,1.0746704419240123,2.7222384749172948,1.3843273974495982,1.1816449441357428,0.48553301171879365,0.0119042254285747,0.0005
943,0.48905934857290567,0.4890589448567144,0.020400137397749856,0.46865880745896454,0.34462934440957943,0.468705013940652,0.00403716191266997,384.8802903768651,1.0737004463438653,2.722576413326855,1.3877365032309144,1.1535421360117544,0.5734291920048359,0.012155474990881415,0.0005
944,0.5026372183000823,0.5026368143582504,0.009502348139543959,0.4931344662187064,0.34479158076841565,0.49318896418565716,0.004039418319648044,384.8702593659966,1.0683961422403672,2.723205196383393,1.385489323506764,1.1430536729067424,0.5181969326880203,0.01805056732712007,0.0005
945,0.2985664062536131,0.2985660003143856,0.005258410407326072,0.2933075899070596,0.34387055515745063,0.2939832281694648,0.004059392274491554,384.85744199456195,1.0592784175607566,2.7240009224364803,1.3781027797068033,1.148488746539943,0.3397211190792781,0.12907790576688075,0.0005
946,0.3715109095000861,0.37151049986891804,0.0076180210117879656,0.36389247885713005,0.34193684087181886,0.36416775060191375,0.004096311680450603,384.873910816525,1.0469862656932114,2.7249061247516853,1.3660156383992856,1.1698562242703818,0.41803356512198875,0.048645267238669306,0.0005
947,0.7911626720269859,0.7911622607849306,0.00838103546010154,0.782781225324829,0.34060757439294004,0.782973027833964,0.0041124205524856,384.90355464848284,1.0410337243228174,2.7253792665424923,1.359823446315274,1.1813324683975701,0.5641771076106732,0.03318920583711527,0.0005
948,0.8586566060117606,0.8586561950344335,0.008360472014378048,0.8502957230200556,0.3400646544212195,0.8504838164642171,0.004109773272128114,384.9105678864412,1.0405168318892173,2.7253679457002544,1.3591935644576008,1.181255152551301,0.5814512867104641,0.03250088848532849,0.0005
949,0.5334501609894629,0.5334497519664935,0.006782172895249782,0.5266675790712436,0.34025012229443813,0.5269077323935998,0.004090229694151562,384.89348475105953,1.044885641340371,2.724930224688521,1.3635749034981963,1.1707792374763082,0.4780467730295011,0.04064483584183953,0.0005
950,0.29006453633510537,0.2900641307694491,0.006322111975181964,0.28374201879426714,0.34095698985751877,0.28434516908900614,0.004055656562555446,384.87542506262275,1.0538300787684325,2.7240491829977596,1.372302143080595,1.1527666177446956,0.34221163037800933,0.09387754237491552,0.0005
951,0.1357834879192451,0.13578308354230448,0.008560504668323745,0.12722257887398072,0.339505088477282,0.12783961254231538,0.0040437694062079674,384.8751928737551,1.0620152313249631,2.722907937624163,1.3750368986079375,1.1687010779402736,0.2794552619645851,0.26580850869098777,0.0005
952,0.05267683549260377,0.05267643034111184,0.014374739324637951,0.038301691016473904,0.3373075470639232,0.03895919624437423,0.0040515149192607,384.89313568133656,1.0653144686903357,2.7221060541962734,1.372143012334972,1.2007356062762176,0.21330947880535667,0.5396618704418826,0.0005
953,0.2112592981683975,0.21125889034235135,0.0006648555082036389,0.21059403483414774,0.3360661531742916,0.21149035506235928,0.0040782604615714245,384.9384567507707,1.0669980004497925,2.721575666115011,1.3674516857877534,1.2431919022487101,0.4122409149282107,0.17263196762890612,0.0005
954,0.3928773223665307,0.39287691390000967,0.0012449154304280629,0.39163199846958163,0.3358114193075287,0.39218508037090327,0.004084665210367993,384.9837084670315,1.0726445025996418,2.720724776886313,1.3683309273259627,1.2671724319143924,0.5107710576103657,0.12610340222065605,0.0005
955,0.41122857639290017,0.41122816862408973,0.015738435521167257,0.3954897331029225,0.3366845581402446,0.3957703081461957,0.004077688104364167,385.01372345843134,1.0817155230767779,2.7194801141568266,1.3743780021879273,1.2714263754866728,0.576276031012962,0.05896282806294902,0.0005
956,0.4718618519303504,0.47186144594416485,0.009986505239723548,0.46187494070444135,0.33891007618739194,0.46206845442562994,0.004059861855793849,385.0373693663493,1.0934119365866655,2.7181630879660124,1.3853691488847593,1.252844648153627,0.6828252163966223,0.037193003433743176,0.0005
957,0.6467658316686258,0.6467654261323926,0.0028758402052078045,0.6438895859271847,0.34012485740341547,0.6440690427442027,0.004055362331592084,385.0629185120165,1.0990554888429882,2.7173446394542697,1.390671403845495,1.2440206228235136,0.7677569187203811,0.031616089809322054,0.0005
958,0.6672954529550487,0.667295046124367,0.0032390133156155235,0.6640560328087515,0.3407588707827038,0.6642184637491665,0.0040683068168109755,385.06742277942226,1.099392889428784,2.716966999556955,1.390829745707344,1.2461084040010124,0.7771896169196985,0.03121063721922182,0.0005
959,0.5547552045032499,0.5547547950911719,0.016940935589994262,0.5378138595011777,0.3407009304467405,0.5379936866267921,0.004094120780366708,385.0526691730382,1.0949688135887308,2.717066009013466,1.3862950644811585,1.2581503496008783,0.7217361845392837,0.036546786874071216,0.0005
960,0.479227454302831,0.47922704005021005,0.01896297075944522,0.4602640692907648,0.34127886679754416,0.46047766694212,0.004142526209137244,385.02279571795526,1.0859012560955035,2.717513976276509,1.3784918044909988,1.2726576057228047,0.6412893719637014,0.046234347172609734,0.0005
961,0.3343682892101858,0.3343678711456986,0.014548278874994927,0.3198195922707036,0.34407809308086656,0.3201293838551183,0.004180644871678685,384.9688619487193,1.080715813789306,2.7175399170661345,1.3774006469435442,1.259284701775313,0.553157696100002,0.05805823999786045,0.0005
962,0.1870135092096978,0.1870130901220733,0.017525567479373564,0.16948752264269976,0.3477902786299996,0.16995667131138367,0.004190876245088328,384.9023090669481,1.0786647227165238,2.7174519725145028,1.3818046843473966,1.2216696744681237,0.4421898488229443,0.1025597109558762,0.0005
963,0.13476318157226372,0.1347627607431088,0.03303101182817652,0.10173174891493227,0.35021783465326795,0.10194823142760742,0.0042082915492103554,384.85500351695384,1.0719474812349545,2.717920144049521,1.3808755750744135,1.1989704810130484,0.3618039404045982,0.01755917892020135,0.0005
964,0.05474522986387302,0.05474480558473969,0.014202951092859411,0.04054185449188028,0.35180711396016506,0.04200934444708628,0.004242791333311834,384.8239205345513,1.0611396034035465,2.7187695673747063,1.3751428945147908,1.1901079587254533,0.2253997717003774,0.33278025370135106,0.0005
965,0.4486561327011753,0.4486557060792551,0.016048927433007353,0.4326067786462478,0.3498895006944064,0.4328861670379256,0.0042662192024659155,384.8443993609119,1.0467412856150227,2.720314326807005,1.363721388250172,1.198385950574319,0.4693304184782547,0.045004304168177495,0.0005
966,1.0125729910931804,1.0125725647124344,0.01363316946978334,0.9989393952426512,0.3484081605120327,0.9991488359350043,0.004263807460351703,384.87593158955184,1.0384069285673982,2.721518456583149,1.3581728729651987,1.1948224557118203,0.6327630146364179,0.03348549208813199,0.0005
967,1.123896758039675,1.1238963340268235,0.00805672840895893,1.1158396056178648,0.3474323495902877,1.116006809826199,0.004240128515687681,384.8876737132099,1.0355791681753745,2.722158425388306,1.3579793232530475,1.180924636753327,0.6432912876038341,0.027711809537087264,0.0005
968,0.838361152703654,0.8383607328513583,0.0072582586263202934,0.831102474225038,0.3469239497075953,0.8312681808405874,0.00419852295681729,384.880112071536,1.0378140821887474,2.722352080736547,1.3626044041707328,1.1586504099151764,0.5538980027567861,0.03310459636047226,0.0005
969,0.6731183444787822,0.6731179304591868,0.006173789503314342,0.6669441409558725,0.3467545179216785,0.667212164621931,0.004140195954197834,384.87490504250417,1.0448290908151305,2.72213642345765,1.3714613200821906,1.1307125415075014,0.4504894530602133,0.05309521940248494,0.0005
970,0.7069859698208326,0.7069855611757156,0.006869670880749436,0.7001158902949663,0.34491911717244694,0.7004894141826159,0.004086451169166741,384.8817190434315,1.056801709625973,2.7207823137879785,1.3801860180143142,1.122528260854177,0.4142584153295951,0.23635993855613316,0.0005
971,0.6110868485186974,0.6110864425212611,0.006641657580828425,0.6044447849404326,0.34219922045602175,0.6046022653102585,0.004059974363152377,384.8915366261982,1.0635097552617259,2.7195987207534325,1.3826175760587043,1.1311242664465326,0.4712448434111197,0.0320291537398822,0.0005
972,0.2920568617806123,0.29205645601181063,0.005952026481163992,0.2861044295306466,0.33877985534975447,0.2863038418525065,0.0040576880164938526,384.8940539776015,1.0653026360238669,2.718691266632332,1.3795022978824227,1.1540143939003138,0.3961472272731745,0.03502014823888484,0.0005
973,0.07379611358403412,0.07379570604485078,0.011080137576818245,0.06271556846803253,0.3346659027544232,0.06387112109316324,0.004075391833469481,384.9107392097864,1.0627128105716566,2.718071379252918,1.3714090482031873,1.1907405253455796,0.2400367104681046,0.40720224465118177,0.0005
974,0.054005466482347796,0.05400505446251452,0.0006021671650080855,0.053402887297506425,0.3355836193582183,0.05492818959405774,0.0041201983326930374,384.919067389155,1.0654793432460383,2.7167946398663956,1.3703097318478537,1.2149021520826424,0.25422437816819643,0.41633469170982046,0.0005
975,0.0700792828812839,0.07007886803006072,0.0014033124325308708,0.06867555559752986,0.33770345914306515,0.06941577684918626,0.004148512231763607,384.92435143106235,1.0721719988760612,2.7151916091041235,1.374577359436508,1.222043322103913,0.32490491350734313,0.12700781862757146,0.0005
976,0.0942581464447442,0.09425772790922447,0.009513170855690775,0.08474455705353369,0.34215223184193927,0.08505259485552591,0.004185355197268456,384.901394752232,1.0735955249272084,2.714997602615176,1.3782016488321212,1.2120015546752922,0.3428509537740525,0.1682502359947166,0.0005
977,0.07330102154385425,0.07330059831590288,0.009869170332482568,0.06343142798342033,0.3452450260061234,0.06441565789270648,0.004232279513610371,384.8822787086868,1.0702693990515548,2.715252065127748,1.3765733562793347,1.2140969709458433,0.30462617285346666,0.20774654799607062,0.0005
978,0.12212077154438483,0.12212034332131357,0.0014794000854628099,0.12064094323585077,0.34689928230434514,0.12136244045524494,0.004282230712664692,384.87270944782045,1.0625275239902192,2.7161338473607617,1.370263472009336,1.2251716684346028,0.34393542129578786,0.11337539328611988,0.0005
979,0.13884947884830154,0.13884904857905,0.0012633506150847617,0.13758569796396525,0.3488381650725605,0.13816221516757876,0.004302692515319507,384.85865395492294,1.05982952112361,2.7167163599328483,1.369439494227606,1.221487170995699,0.3502835710135087,0.11114346783176123,0.0005
980,0.058543278105022786,0.0585428484829146,0.015166206661830117,0.04337664182108449,0.3509188605024954,0.04514744962150687,0.004296221081852624,384.8377585092223,1.0617344306353744,2.717017453350132,1.3734761909842446,1.205429617385683,0.244711256603234,0.2596501559606648,0.0005
981,0.11672573879783466,0.11672531579320662,0.02501508912842064,0.09171022666478598,0.34976441724266566,0.09181709887525447,0.004230046280357869,384.8428273278209,1.0678577567123702,2.717510279791408,1.3799996391938834,1.1865088563233956,0.3396176328877353,0.014874177417687411,0.0005
982,0.1383625833002166,0.13836216454151437,0.01916952150864082,0.11919264303287355,0.3477622346003681,0.11927338987878694,0.00418758702233183,384.85105976519094,1.0689027342644928,2.7182562480964028,1.3808286214710455,1.1822195852907216,0.37138296386451436,0.014579517626072918,0.0005
983,0.06352929295033066,0.06352887634262235,0.0123100862988232,0.051218790043799145,0.3449841623050839,0.05168653599302715,0.00416607708316268,384.85606504669755,1.065360829598954,2.719371968645345,1.3765223127700799,1.1909418034754604,0.2753505573354163,0.045811389687627366,0.0005
984,0.11015400935233102,0.1101535927431457,0.0010414556132149148,0.10911213712993081,0.34196411877797117,0.11015662827163424,0.0041660918531553565,384.87501141524905,1.0576099400614087,2.7207332993016102,1.3678254766446285,1.2106563762751203,0.32647707198682957,0.04987976656814105,0.0005
985,0.22802836503007598,0.22802795044819496,7.723225005601064e-06,0.22802022722318935,0.3397348005099671,0.22806307546422336,0.0041458188101244995,384.8927778901371,1.0551743059769376,2.7215076581160105,1.36479879914037,1.2169671964260345,0.4242755911080082,0.0004025565720251671,0.0005
986,0.12392857347623641,0.12392816243686781,0.0009262148546375243,0.12300194758223028,0.3384072273379349,0.12366506637878841,0.004110393685910415,384.89251049306733,1.0575011368918295,2.721874783326993,1.366980651773812,1.2105067660979139,0.33850688526104156,0.02744077688480727,0.0005
987,0.060446094473460624,0.06044568820328687,0.012449816502427886,0.04799587170085899,0.3379743611534054,0.04889173045908584,0.004062701737525766,384.8867742452268,1.0641849140429966,2.7218506253746315,1.3738695171455548,1.1930135682153125,0.2575463544804146,0.1500758590147927,0.0005
988,0.07433435388591579,0.07433394893356483,0.010899032801966876,0.06343491613159796,0.33794699170506015,0.06375963957089428,0.004049523509566268,384.88753302372817,1.0658665954403745,2.7221090361164224,1.3755530010745793,1.1897886396983908,0.2966794731334468,0.043295144573357744,0.0005
989,0.05495069851301168,0.05495029244815435,0.014760001846090364,0.04019029060206398,0.33771195334095533,0.041284488690022964,0.004060648573270253,384.88850484931027,1.0629600248320294,2.7226690947538588,1.3723150155115407,1.1993963264275225,0.22587520091028693,0.42870629192535076,0.0005
990,0.06258618494656722,0.06258577432879063,0.0007088406539102933,0.06187693367488034,0.34020102560734916,0.06415309256643881,0.004106177765859821,384.8801970226317,1.059704255222245,2.7230525910927055,1.3693057271897604,1.2117366714278852,0.2752264963837716,0.1842455156915868,0.0005
991,0.039771135554618406,0.039770722460479836,0.0020647171160872646,0.03770600534439256,0.3432147206161804,0.03984638260280947,0.0041309413856873405,384.86423577414627,1.0612360315406877,2.723175122483135,1.371565343727378,1.2102782768874336,0.2339144939380106,0.4272170993642242,0.0005
992,0.09014607492418135,0.09014566150916294,0.019615536719494824,0.07053012478966812,0.34667134685940154,0.07067640123827036,0.004134150184151651,384.84992273077154,1.066949209454249,2.7230131150039085,1.3785779148617174,1.1957856391254689,0.3258999612670678,0.020973056174075466,0.0005
993,0.11575779757976859,0.11575738246944395,0.028189531674017772,0.08756785079542616,0.34885227146110703,0.08768522955592904,0.0041511032464106295,384.8423799675035,1.067504230091001,2.7232385824129706,1.3799139315051578,1.194482366295372,0.35104741163602876,0.01574036872976665,0.0005
994,0.060645070205735105,0.060644652072249706,0.018477055075768595,0.04216759699648113,0.3499652359876622,0.042840044469167934,0.004181334853963941,384.83407314489654,1.063447635048784,2.723845303100662,1.3761518510407917,1.2053059042348933,0.25220196577860055,0.312664385488232,0.00025
995,0.21118567942483868,0.2111852579963981,0.000867003083203111,0.210318254913195,0.3493153082680481,0.21075347529452967,0.004214284405976062,384.8491381892675,1.055360881643825,2.7248754640609265,1.3673843323487633,1.2292683480595052,0.40569746133374895,0.13004631029701078,0.00025
996,0.2933745225243372,0.2933741006233899,0.0004941535735561192,0.2928799470498338,0.34926961648463445,0.29339694821157064,0.004219009472865321,384.8541254563045,1.053907069323003,2.7251747460949036,1.3658773643033277,1.2335243293888818,0.4575345048747372,0.08913443960218739,0.00025
997,0.23430322713193644,0.23430280579484486,0.0007927354713121984,0.2335100703235327,0.34949243583832174,0.2339322810066656,0.004213370915643538,384.8493109863047,1.0547838617721375,2.7252938802786484,1.366963993158548,1.230718594273717,0.42042768562811733,0.12385330402626761,0.00025
998,0.10037897227987128,0.10037855244432582,0.0016407501745893936,0.09873780226973644,0.34995154309943055,0.09952529327389607,0.004198355454536967,384.83829063621465,1.0577541593038835,2.7252545565508424,1.3703857113839164,1.2215537195523738,0.3233302606735716,0.11442659875537231,0.00025
999,0.0575600616203936,0.057559644172403245,0.016613137395825654,0.0409465067765776,0.3505988807801099,0.04159988291106703,0.004174479903527679,384.82962658377187,1.0625819935281775,2.7250825769425724,1.3759111526210697,1.206587840652863,0.24780875019557594,0.35706228415935004,0.00025
1000,0.08833099032770371,0.0883305748227222,0.029459134387987394,0.05887144043473482,0.3502997620457155,0.05932583714177878,0.004155049815053465,384.83126403376957,1.064706339407102,2.7251823971617197,1.3781679048990578,1.20025819931404,0.30213283885423486,0.04631728399620346,0.00025
1001,0.07912812795275088,0.07912771366766541,0.025294926826983415,0.05383278684068199,0.3494767844002096,0.054349615488840354,0.004142850854733827,384.83325115918217,1.0643241065068447,2.7254950683288217,1.37766806381377,1.200551305607117,0.2930295812248639,0.05623665481019642,0.00025
1002,0.04245368037210852,0.042453266696014846,0.008212420759052106,0.03424084593696274,0.3481311624426305,0.03495311820916325,0.004136760936707551,384.8367810372161,1.0616829260217282,2.7259800960136706,1.374666011610943,1.2068312661380673,0.23048065047018929,0.4399778895089322,0.00025
1003,0.09496496651862361,0.09496455308762762,0.0007462311059889307,0.09421832198163868,0.3460783923199283,0.095004297538334,0.004134309959989265,384.85125031221935,1.0570987328195378,2.7265820325521912,1.3692323547080396,1.220116586222279,0.31823271034604267,0.1531485701319415,0.00025
1004,0.17170778893086946,0.1717073766584203,0.0001516032507877453,0.1715557734076326,0.34451706483778144,0.17227769562586775,0.004122724491522786,384.86324071711846,1.055153809441605,2.727011178176463,1.3668036929388023,1.2254685305559498,0.3934155209489367,0.04661397285240238,0.00025
1005,0.14854001761570482,0.14853960723512227,0.00012902609600466182,0.14841058113911762,0.3434508255878867,0.1491699890877978,0.004103805825452723,384.86623889033325,1.055608929398926,2.7272848212085594,1.3670964459122987,1.2236691376753577,0.37666540285071487,0.044622613917419354,0.00025
1006,0.059050587267612406,0.05905017938010521,0.0005656296597291044,0.058484549720376124,0.34286611417238994,0.06045911055481388,0.004078875071938741,384.8618793136791,1.0582307350566875,2.727353716412554,1.3698558094177482,1.2154214761212383,0.2749476376451892,0.22323553855156072,0.00025
1007,0.05181427807919623,0.051813873173029254,0.013846772193565268,0.03796710097946398,0.3427679068072855,0.038879876382777956,0.004049061669773738,384.85741663911864,1.0627820196128508,2.7272505439448564,1.3748691747721362,1.2012625332597404,0.25825620827014,0.10982125257321415,0.00025
1008,0.07354939228576317,0.07354898926302789,0.013637745394481135,0.059911243868546744,0.3423433932402289,0.06011184965337827,0.004030227352802906,384.8599583618632,1.0646726509763633,2.727351811471081,1.3768901915680558,1.195328944828181,0.3090119338347467,0.028611503270033676,0.00025
1009,0.0685353180710372,0.06853491578705032,0.01383612758879137,0.05469878819825895,0.34175342175182305,0.05496045744697081,0.004022839868930705,384.86178044717525,1.0640973608972017,2.727617440604568,1.3763061398647882,1.1959486191187678,0.2981969498666821,0.03323355068127431,0.00025
1010,0.046908991719409904,0.04690858903841871,0.012736708338075688,0.03417188070034302,0.3411289583869187,0.03545067542064227,0.004026809911922064,384.86329176514454,1.0612744194672912,2.7280200207004874,1.373444650643847,1.2020683229714628,0.23539859640008262,0.2886258693984781,0.00025
1011,0.08111598893435712,0.08111558507709274,0.00010571349456466874,0.08100987158252808,0.3402817440939825,0.08268657426598558,0.004038572643824016,384.8732033262813,1.0566331327970488,2.728540055090317,1.3683583566850386,1.215164148751895,0.3078280772105704,0.06557572005577285,0.00025
1012,0.1512160064621217,0.15121560220217475,5.621873436276309e-06,0.15120998032873845,0.3399819674614783,0.15144392654358677,0.004042599469298044,384.8794134983831,1.0547076303779583,2.7288294847080135,1.3663106605077548,1.2204914543967855,0.38068581089086784,0.003298484625110265,0.00025
1013,0.12484529021928294,0.12484488625627277,1.5274966106915655e-05,0.12482961129016586,0.34016238814971905,0.1253168163010614,0.004039630101663982,384.8764499761078,1.0552237346311555,2.728928279967442,1.3669907651822442,1.218751656730563,0.3566949830787754,0.009219893845272907,0.00025
1014,0.04628288494362816,0.04628248190190944,0.0009985808595597153,0.04528390104234972,0.34078034964621146,0.04798375098867914,0.004030417187163834,384.86685123512524,1.057939305878591,2.7288559498043634,1.3701290684497458,1.2106653734238593,0.2457241567556611,0.3907665283300417,0.00025
1015,0.06078625900459669,0.060785857348320954,0.014184781803170253,0.04660107554515071,0.3418929836857347,0.04705149946990014,0.004016562757383376,384.8583528524832,1.0626477686118798,2.7286177742314783,1.3755204031746704,1.1969706982408521,0.27940365610616785,0.048498273585949804,0.00025
1016,0.09062853464282275,0.09062813322297605,0.012327658166777087,0.07830047505619897,0.34276241379100114,0.07843367115741896,0.004014198466982022,384.8557225046704,1.064617402271739,2.7285559374922204,1.3780022839798634,1.1906280693779845,0.33491192331710906,0.024721068623692416,0.00025
1017,0.0863004194565187,0.08630001731063575,0.012656855124476517,0.07364316218615924,0.3433199840218364,0.07378636707882535,0.004021458829611062,384.8521666471243,1.0641166569415117,2.728664994592778,1.3778207650628973,1.1909160970562978,0.3274962594355334,0.02518947463529995,0.00025
1018,0.05506566658782102,0.05506526282132016,0.01441244971246525,0.04065281310885491,0.3436219941631913,0.041329059851306756,0.004037665008616252,384.8480126010679,1.061382465234523,2.728932811877389,1.3752590330579688,1.1970474712259382,0.26357312772276276,0.0746227568222066,0.00025
1019,0.04368184760514028,0.043681441348790054,0.002717638851252879,0.040963802497537186,0.343776294204616,0.04363115861646066,0.004062563502259923,384.84881528824866,1.0566435529190965,2.7293442934421597,1.370592852071524,1.208443278331913,0.2379634208191188,0.38727019908444626,0.00025
1020,0.07925645324179102,0.07925604559935642,0.0002939375026151786,0.07896210809674126,0.344206762056299,0.08033339471056805,0.00407642434602545,384.8494859056085,1.054700831696193,2.729559438617482,1.36880334423951,1.213227527948963,0.3027219991559434,0.08296634599325078,0.00025
1021,0.06042982837543189,0.060429420254403086,0.0008500419678191675,0.05957937828658392,0.34497088106063045,0.06146892298885835,0.004081210288062378,384.8439998050094,1.0551914739572639,2.729592021806728,1.3696835905859508,1.2111209934991167,0.273894553586356,0.16732883736689141,0.00025
1022,0.04097035061896286,0.04096994289413627,0.01243260888889745,0.02853733400523882,0.34599090628542817,0.029233559376969896,0.0040772482659361675,384.8352651931688,1.0578699001014769,2.7294586437106405,1.3729434331462018,1.2029442133533605,0.20177526108303262,0.5909554080373947,0.00025
1023,0.036588518594362504,0.036588111152822844,0.007288179169250239,0.0292999319835726,0.3459610022300561,0.02985005010585997,0.004074415396595368,384.8373445869744,1.0583996237657836,2.7295724366444754,1.3729963005868149,1.205790419254482,0.2055746613482041,0.5971478725436977,0.00025
1024,0.06194741389432095,0.061947006561529024,0.0007801271231858444,0.06116687943834319,0.34502608207895974,0.06299466298901035,0.004073327919270275,384.8491418841801,1.056902265495179,2.7299086100221848,1.3701943370461784,1.2180689472369906,0.28174125131271627,0.21865068714096095,0.00025
1025,0.07073062631679718,0.07073021983109745,0.0008715790468132069,0.06985864078428425,0.3445896397465207,0.07169024771101458,0.0040648569972605835,384.85513617459486,1.0577086067891615,2.7300486327190834,1.370195575733011,1.2221816534669874,0.29410613697183763,0.2322101148302525,0.00025
1026,0.04646122013352264,0.046460815088285326,0.0013665338984637527,0.045094281189821575,0.3446597709291374,0.04613433393192788,0.0040504523731921685,384.854441484088,1.060554602049506,2.730026076061138,1.372756138973023,1.2184980690245009,0.2620352687696071,0.33632159054067884,0.00025
1027,0.07767804289411116,0.07767763950654538,0.012234778487018068,0.06544286101952732,0.3455103498139045,0.06580023651910794,0.0040338756578184734,384.85029311364514,1.0649514939166644,2.729891466304883,1.3778240423074102,1.2056131365794507,0.32399369674353795,0.0663842097709942,0.00025
1028,0.11916638873080167,0.11916598633629956,0.02320655951615395,0.09595942682014562,0.3456920040028251,0.09608896464351252,0.004023945021129877,384.8518282437258,1.0666734481998408,2.729967993586251,1.3798049024240449,1.20077793202937,0.3719854797643817,0.022871070502602616,0.00025
1029,0.101983915750155,0.10198351372694558,0.01837113941733668,0.08361237430960891,0.3453026427711841,0.08379248001020351,0.004020232094135509,384.8524736425263,1.065971533464318,2.7302360260766516,1.3790268066223668,1.2029348203276078,0.35485911068763093,0.031558711103463075,0.00025
1030,0.05098337806467361,0.050982975841780576,0.0030898871667495833,0.04789308867503098,0.3444110855648158,0.04834310217270341,0.004022228930346501,384.85420899459376,1.0630890722047799,2.730661183745773,1.3757674800235018,1.2114518653472766,0.2860381004377046,0.186462784064479,0.00025
1031,0.06973342096543571,0.06973301778910707,0.000884160932538709,0.06884885685656836,0.3432997996930335,0.07046000533984752,0.004031763286405682,384.8624668564753,1.0581282012251905,2.7312102225526234,1.3704290697694907,1.2246332479318192,0.2908415229805917,0.3206542476173033,0.00025
1032,0.117085495334891,0.11708509180328618,0.0004324844823828053,0.11665260732090335,0.34289280190147736,0.11766151622656125,0.004035316048320454,384.8665404208766,1.0557333668681952,2.7315525734707418,1.3682620608381442,1.2285326112313177,0.3471739170501006,0.1392564288911705,0.00025
1033,0.09164075408264488,0.09164035083742876,0.0004709965828037593,0.091169354254625,0.34300209147024757,0.09251941166976693,0.004032452161260898,384.86197627550206,1.055730320666695,2.731722886473933,1.3688721339157446,1.2247723099684784,0.3209415235212848,0.1654716558902859,0.00025
1034,0.03715984950073183,0.03715944712994966,0.0009784143204146002,0.03618103280953506,0.3435760588169486,0.03750441236407752,0.004023707821699869,384.8515506279042,1.0578867637861809,2.73173832217419,1.3719836791725206,1.2142140973077338,0.23282922628434274,0.4877279234617974,0.00025
1035,0.07793011662993903,0.07792971523459498,0.014861409043662814,0.06306830619093216,0.3450005912567644,0.06323547059857075,0.004013953440528522,384.8409427221791,1.0617950966450551,2.7316184951654083,1.3775873973135817,1.1959430080813327,0.31692968034992053,0.026098491630389214,0.00025
1036,0.12931170881421608,0.1293113074243939,0.014368607124973783,0.11494270029942011,0.3460246140697329,0.11502800701318973,0.004013898221888732,384.8368088123777,1.0629989161145867,2.7316550413689282,1.3802119969235511,1.1854839208643217,0.3776658287231052,0.01934023140860764,0.00025
1037,0.12802273856759033,0.12802233647115951,0.012325783512766827,0.11569655295839266,0.34650250738855454,0.11578319674892401,0.004020964308278429,384.8318564491197,1.0618451715089106,2.7318479935418587,1.380028568116426,1.182755738428936,0.37066256479796994,0.01982135129838986,0.00025
1038,0.07832455473573424,0.07832415122854426,0.011300894877963145,0.06702325635058111,0.34653781801094374,0.06730701204870557,0.004035071899855315,384.8258018167044,1.0585608377954183,2.732185526539271,1.3773394165367085,1.186805887902733,0.302265424660979,0.03513326754582323,0.00025
1039,0.04655510651259113,0.0465547009296307,0.01447309781655884,0.03208160311307186,0.3461977572975721,0.033591556556611835,0.004055829604228972,384.82497921931,1.0534009794005212,2.732637255144636,1.3723894226838362,1.1972937095555438,0.21164516681288303,0.4765409930525849,0.00025
1040,0.060092655949572554,0.06009224895228498,0.013113257929638045,0.04697899102264694,0.3465727744667841,0.04921531860040035,0.0040699728757028954,384.82420754625235,1.051198387429245,2.732888025038736,1.370515798739113,1.2013098907034419,0.24047231235920702,0.32197475803452713,0.00025
1041,0.05331576809039022,0.053315360774637534,0.014245147335662551,0.039070213438974974,0.34711240030676416,0.04088484443614443,0.004073157526855252,384.82081737647206,1.0516575952841571,2.7329602153237875,1.37118508853978,1.2001233111851606,0.22414653477410929,0.4110249458394989,0.00025
1042,0.044824109033836414,0.044823702465004445,0.013652087607310067,0.03117161485769438,0.3477269807481549,0.03215068949669198,0.0040656883196948925,384.8170938646792,1.054563461960164,2.7328715166166218,1.3740759830325264,1.1948768809438335,0.21929853778941777,0.3461701628269161,0.00025
1043,0.044392039512840084,0.044391632534654044,0.014678965977699207,0.029712666556954842,0.34818311905439037,0.030721373323506846,0.00406978186038742,384.8159820210408,1.0549717645502934,2.732959384761835,1.3742723709724851,1.196753380009099,0.21949489735790295,0.3352336950107796,0.00025
1044,0.038444731465153724,0.038444323103570946,0.008675264291286785,0.02976905881228417,0.3484687930042257,0.03160734489783573,0.004083615827794255,384.8168124271119,1.0530551080025718,2.733228631384529,1.3720588948968078,1.2045774670028064,0.21083404835239888,0.5349080864392168,0.00025
1045,0.0527539535944613,0.05275354619564465,0.0009114854708127009,0.05184206072483195,0.34745536263782734,0.05390956100579685,0.004073988166495672,384.829648944143,1.0536023656411462,2.733446461733289,1.370695071478311,1.2161378362327728,0.2690382353287964,0.23009208509737572,0.00025
1046,0.0499527861032146,0.04995238032516712,0.0013752482288138254,0.04857713209635331,0.34692861523861024,0.049553405141460935,0.004057780474797703,384.8371203662794,1.0562494023280582,2.7334899996319733,1.371987941563666,1.2196005325960688,0.2607765380862577,0.3702600758234504,0.00025
1047,0.05400713205119455,0.054006728193307534,0.005564413749445622,0.04844231444386191,0.34709249854955915,0.049134544492776,0.004038578870149868,384.83897887775817,1.0605929455457141,2.733414361073826,1.3758309937373532,1.2140024431877794,0.2892352048143178,0.17873430268724816,0.00025
1048,0.0680428779219852,0.06804247518787875,0.00863556347140623,0.05940691171647252,0.34680209202250617,0.05985422016353963,0.00402734106451235,384.8432113670392,1.0620540576279844,2.7335603096469097,1.3768734114335601,1.2137321081294816,0.31335524869745085,0.1546088464491106,0.00025
1049,0.05866550373056258,0.058665101469109825,0.004644463212221345,0.05402063825688848,0.34605236905249753,0.05478834222986176,0.004022614527574699,384.8475933018621,1.0609812109310273,2.733883628169552,1.375343828178075,1.2188323106432881,0.3041023223305561,0.134521916336146,0.00025
1050,0.06502784266623547,0.06502744000838113,0.0013235899266994774,0.06370385008168164,0.34517587115119286,0.06440489111193372,0.004026578543390358,384.8506802936945,1.0573520848984477,2.734400954067796,1.371839831638761,1.2255059884588713,0.28435775201085817,0.34983351144297964,0.00025
1051,0.05656776277100896,0.056567360030229615,0.001066498375283256,0.05550086165494636,0.3451155462624554,0.05637952092779415,0.0040274077934349195,384.8460555617496,1.056013014035067,2.7347638446532465,1.371411083030296,1.2224202377938618,0.2692659391753445,0.3891432555417372,0.00025
1052,0.03434675611062138,0.0343463536051928,0.0018055943534553808,0.032540759251737425,0.34578037544991036,0.03365784473469185,0.004025054285742588,384.8345694848725,1.0567837287899966,2.7349900928577684,1.3737395316649506,1.2109538688558656,0.23913206719405922,0.3646384326203381,0.00025
1053,0.036211678656724026,0.03621127515788021,0.007588169791104192,0.028623105366776015,0.34647491752420995,0.02962951241863126,0.004034988438160151,384.82492998555733,1.0549550432985275,2.735393189696057,1.3736543973754052,1.204785748613452,0.22010452201149505,0.4389309283751186,0.00025
1054,0.03974144623345925,0.03974104151607472,0.002755397827611733,0.036985643688463,0.3464141107295071,0.039405562529366354,0.0040471738453117705,384.8236791673821,1.051241500984126,2.7359086008401663,1.3708539798138875,1.207751489329963,0.23039775857067032,0.4385121932626768,0.00025
1055,0.04515429405470159,0.04515388908853822,0.006197684941829679,0.03895620414670854,0.34663041194914823,0.04118215527722843,0.004049661633635876,384.82024355478256,1.0502863679587433,2.73624360737534,1.370734376516805,1.2051729431785128,0.23005728900875566,0.42836290079747197,0.00025
1056,0.04273517032786834,0.042734766245634215,0.014258400219266606,0.028476366026367616,0.34686821051442496,0.029747183641928167,0.004040822341268572,384.81640038708133,1.0519739998708804,2.7364103582151262,1.3728511528140652,1.1992005182429109,0.20932474110967442,0.49791273394255453,0.00025
1057,0.04435313456099211,0.04435273090488873,0.014537339715131464,0.029815391189757276,0.3472248238025132,0.030861458335845703,0.00403656103377652,384.81475010544676,1.0531270450969692,2.7366215817357786,1.3739992906816227,1.197906940596488,0.22359934662397696,0.3136291927175347,0.00025
1058,0.03654102256177198,0.0365406183813251,0.009188497509067677,0.027352120872257434,0.3473674695620932,0.02830279049821945,0.004041804468812672,384.81545770248863,1.0519789628786453,2.736952801113786,1.3725797696260098,1.203599706189297,0.2016405055820035,0.6167341546890812,0.00025
1059,0.10278785534838883,0.10278745118055366,0.00019895021509477122,0.10258850096545886,0.3462479513941619,0.10359424497549986,0.004041678351678149,384.8325176950219,1.0494484407744933,2.737355429830878,1.368256217699496,1.221491054554143,0.3376245271665852,0.07011036435010773,0.00025
1060,0.16873780338755126,0.1687373999057875,0.00013694622611494482,0.16860045367967252,0.34565150061201566,0.16937366549808308,0.004034817637518348,384.84467797142423,1.0493869244734741,2.737564832671544,1.3669002931686765,1.230931853046287,0.39787200836228115,0.04522822480365421,0.00025
1061,0.1341632367397262,0.13416283444226848,0.0005541249578233171,0.13360870948444517,0.34558047756877047,0.13449747547142551,0.004022974576991462,384.84680392371456,1.051520937877165,2.7376424721118546,1.3682430040432607,1.2322994169118955,0.360996437183426,0.1477688018116674,0.00025
1062,0.0641278708924496,0.06412747013874802,0.0014757039988974243,0.06265176613985059,0.3460298051562632,0.0633809099600805,0.004007537015917531,384.84173602460504,1.0555790715734084,2.7376237514055672,1.3720472895563183,1.2259426956022077,0.2855418074243454,0.34394331640246134,0.00025
1063,0.08668442527258043,0.08668402603535251,0.012751499463348212,0.0739325265720043,0.3472134834935115,0.07424367871498126,0.003992372279113331,384.83601987211273,1.0611373199969312,2.7375399807852463,1.3782351184404023,1.2108733547084227,0.34188357186342155,0.10425524923256663,0.00025
1064,0.15009055595824222,0.15009015767768735,0.025079447983278887,0.12501070969440847,0.3476886385231411,0.12514361226523982,0.003982805548780373,384.8382027084949,1.0638121410852068,2.7375946791073664,1.3812462022149559,1.2034756112362488,0.4109575410605295,0.025709375920599683,0.00025
1065,0.1540976973341361,0.15409729935068128,0.02503567189545806,0.12906162745522323,0.34766859381648024,0.12919252117287158,0.003979834548436542,384.83890504685684,1.063965067213857,2.737766978159418,1.38141466945996,1.203520143351899,0.4157195041754162,0.02534703875711593,0.00025
1066,0.1020081074412994,0.1020077091903018,0.015787433418138996,0.08622027577216279,0.34718124194933747,0.08650076471403885,0.0039825099760131995,384.8378420162919,1.0618440102315445,2.7380409637556844,1.3790153171629782,1.2102726728510216,0.3617794902929171,0.0816215596139243,0.00025
1067,0.057487728119692126,0.05748732916210538,0.003197755984380538,0.054289573177724836,0.3462144751313089,0.055146718472147215,0.0039895758674496256,384.84073337782013,1.0576141090277726,2.738401103471999,1.3743135245159313,1.2225888797186855,0.3009346574628302,0.1413101945857742,0.00025
1068,0.05399569661429785,0.05399529515525751,0.0009880798775551407,0.05300721527770236,0.34666689972126125,0.05463956788322226,0.004014590403470623,384.82950615452825,1.0521890997954013,2.738999823880712,1.3710329908883536,1.2214614589237103,0.27041389065924754,0.35843989467654386,0.00025
1069,0.04098194278930828,0.04098153942561755,0.00076971219779898,0.04021182722781858,0.3477285855770569,0.042884847928959434,0.004033636907295997,384.81448010062593,1.0493376054873982,2.7394545237420758,1.3707566292383282,1.2121771382742565,0.2472462384677932,0.32215017219656783,0.00025
1070,0.04234014939437589,0.042339744975994784,0.014340172092313678,0.027999572883681108,0.34911948850691826,0.029497583691239268,0.004044183811058642,384.7986207801687,1.0489773500812074,2.73973089827746,1.3730590403449943,1.1971125818353165,0.21042639396150303,0.45311482677967513,0.00025
1071,0.062085006793987554,0.06208460141055124,0.011126645752315565,0.050957955658235674,0.3506564516197678,0.05152001097702669,0.00405383436313675,384.7877754100906,1.0493491033130773,2.739937857043154,1.37559882797441,1.1843540415921603,0.24609418431672922,0.24980735521984285,0.00025
1072,0.06627861414017314,0.06627820727176888,0.009045328301669594,0.05723287897009929,0.3515221161000717,0.058020688312269746,0.004068684042536618,384.78162068503957,1.0475812369483193,2.740221934355329,1.3752298020851754,1.1808335671781567,0.2410668313662908,0.3099733839783774,0.00025
1073,0.06504818423172605,0.06504777537723486,0.010287594932808045,0.05476018044442681,0.35179179160320545,0.05628984486134554,0.0040885449119068005,384.77960067218356,1.043949397347,2.740587823502422,1.3722337272058622,1.1858312921169494,0.2413029721797368,0.24759770801464265,0.00025
1074,0.06684670878813419,0.06684629924119735,0.010511651240487202,0.05633464800071014,0.352042068344047,0.05783442251140683,0.00409546936837097,384.77870146079266,1.04346168575457,2.740746208354678,1.3717131542866594,1.1877849711372115,0.24409379392962893,0.23798089018885377,0.00025
1075,0.05397847089260347,0.05397806169850926,0.01070638672736325,0.04327167497114601,0.3524175062884516,0.04475563101987126,0.0040919409421092375,384.77652092037476,1.0456342516962729,2.7407305694105126,1.3735761339921964,1.1854673288447495,0.2240178001649185,0.33576534816538606,0.00025
1076,0.04172337083709498,0.04172296252375648,0.014476081008133714,0.02724688151562277,0.3515153022026397,0.028734302310057,0.004083133384992631,384.78502265263336,1.0475548496952822,2.7407031188830606,1.3730529345238354,1.1962418827606365,0.2048132827246703,0.47789408141361206,0.00025
1077,0.041637750310372666,0.04163734368427054,0.013027389602265932,0.02860995408200463,0.3509708556656956,0.02979746758098273,0.0040662610212189275,384.7940344026663,1.0517643301045296,2.7405634436717534,1.3749619696772288,1.2015270501115989,0.2316826255769079,0.26735810218364525,0.00025
1078,0.03744437693358139,0.03744397156371923,0.002852945679118097,0.03459102588460113,0.34975247575876317,0.03601377710008987,0.0040536986215557935,384.8093805918166,1.053334165533382,2.7405630779709966,1.3739578524965697,1.2140254508886894,0.24888429065798431,0.33500022463036183,0.00025
1079,0.04603056702970508,0.04603016231373714,0.0024616386266782093,0.04356852368705893,0.34898358115855244,0.04467739652188538,0.004047159679406975,384.8169012425457,1.0536838043007544,2.7407463829533674,1.3733640916263405,1.2189369948803244,0.26657247351298835,0.2987253383727988,0.00025
1080,0.047860067207511896,0.04785966312763308,0.005288555739839716,0.04257110738779336,0.3491148961392205,0.043202159182060926,0.00404079878814595,384.8140642148449,1.0555289421538547,2.7409165464389207,1.3756304148549425,1.2121572381801338,0.27671823282281083,0.20259440741732196,0.00025
1081,0.04207293987677308,0.04207253583162712,0.003513889748552821,0.0385586460830743,0.3487294295156108,0.03925180665051911,0.004040451459605728,384.8133085297315,1.0547283442707225,2.7412371870029526,1.3751776232983608,1.211330690544083,0.2655467780576565,0.2259135004962359,0.00025
1082,0.03785091644388557,0.03785051171175378,0.0011600293633183842,0.0366904823484354,0.34802266520045805,0.03780720007618479,0.004047321317919703,384.81462675164005,1.0515529031359925,2.7416804866361724,1.3723329981236148,1.2157586714791613,0.24038904024916005,0.42840341905234147,0.00025
1083,0.030235361066403343,0.030234955807557366,0.0014594742326393712,0.02877548157491799,0.34823066163899064,0.029976377635071765,0.0040525884597853515,384.80828249518856,1.0505790195171922,2.7420326410960607,1.3725665717410729,1.2103896983306768,0.2176538987862587,0.5469911570310675,0.00025
1084,0.04682780216280162,0.04682739614134709,0.014563624403982976,0.03226377173736411,0.34940006648498556,0.033209745328261486,0.004060214545317464,384.7961217380184,1.0510328085895253,2.742352396637557,1.375085558377727,1.1977234795915976,0.24586511600419358,0.12996058702648955,0.00025
1085,0.04661094140535332,0.04661053399451344,0.013559243356908819,0.033051290637604626,0.3500972883868472,0.03394891469270906,0.0040741083988403495,384.78864764291325,1.0491745934584493,2.74275211447769,1.374823072102961,1.1930868429418195,0.2359261091717854,0.20863355745563966,0.00025
1086,0.04494599205127308,0.0449455825796714,0.014070238992635434,0.030875343587035968,0.35042353573348156,0.03239220638214985,0.00409471601681102,384.7849899652743,1.0452902654872096,2.7432263205987875,1.3720609579095298,1.1958449488480418,0.2071063468206273,0.4795778977771804,0.00025
1087,0.047163647851151506,0.04716323716547467,0.013147035796851727,0.03401620136862295,0.35118821129844796,0.035595587237136204,0.004106856768330146,384.77948638807936,1.0442818805337106,2.743526187133217,1.3720881268218952,1.1930835909357254,0.21307462868143848,0.423037752179147,0.00025
1088,0.0499718179196202,0.0499714069290202,0.011064221355358493,0.038907185573661705,0.35219735365491806,0.039722959886411016,0.0041099060000713466,384.7732121567302,1.0459601303594854,2.7436484608783482,1.3745208862126346,1.1862741262407945,0.222833541109499,0.34196273417976714,0.00025
1089,0.04515224812941542,0.04515183620233142,0.011361080345636671,0.033790755856694756,0.3526413012573755,0.03483094442627974,0.004119270840004513,384.77098659379027,1.04541447868313,2.74386041987258,1.3740715950114806,1.1882081492139835,0.2140507194880079,0.3962363402188994,0.00025
1090,0.05367875238678785,0.05367833893144298,0.0145610217183189,0.03911731721312408,0.3525990740023315,0.04150935041677992,0.004134553448674319,384.7738106283105,1.042907083714661,2.744154505196203,1.3710307460752431,1.198295034248159,0.23102541473589927,0.302406465591151,0.00025
1091,0.05296843289212681,0.052968018991807427,0.010864409528201828,0.04210360946360559,0.3527743103705199,0.044350609653495396,0.0041390031938336996,384.77476809368915,1.0430502848065246,2.7442910963541207,1.3707158469499985,1.2020147077182,0.238609160579266,0.278363854913406,0.00025
1092,0.036824243299795396,0.03682383020190759,0.012811160484089583,0.024012669717818003,0.35290791584974157,0.0252776096683997,0.004130978878088996,384.77442412395567,1.0456281174002777,2.7442909056567153,1.372706270506832,1.2008340903903467,0.1964948547094163,0.5909678352050101,0.00025
1093,0.029633638312582013,0.029633226963779964,0.0036737120922936965,0.025959514871486265,0.3519726033139738,0.026861843482281485,0.004113488020497597,384.78387526480543,1.0477011451840277,2.744352641471394,1.3730782066907086,1.2070198007080593,0.20714910971446324,0.5714905036329097,0.00025
1094,0.051904566164999055,0.05190415671273741,0.0011066756568247186,0.050797481055912704,0.3502515561042014,0.052042480826952134,0.004094522616474971,384.8009316206793,1.0480478462814489,2.744516003956134,1.3713432986780367,1.2191221623360122,0.26576880039577677,0.35302221408244167,0.00025
1095,0.053888013724240444,0.05388760636498951,0.0015812323841285834,0.052306373980860923,0.34931624406005507,0.05323978872417864,0.0040735925093257465,384.81009028742426,1.0503860928122117,2.7445702838406287,1.3724643125270135,1.2217247341369004,0.27718796966620457,0.30006352730726454,0.00025
1096,0.06054300848958834,0.060542603082379555,0.006656189719147633,0.05388641336323192,0.34927348955601745,0.054471684769650405,0.0040540720878138896,384.8115880281677,1.0543420386435207,2.744598467535153,1.3762635476362746,1.2143981520377536,0.3078034125450968,0.1550286853945837,0.00025
1097,0.07238544858566927,0.07238504437907944,0.008498010970536101,0.06388703340854333,0.3487610428640572,0.06427349048475035,0.004042065898275451,384.81529697354193,1.05542648152354,2.7447683631030593,1.3772076355876552,1.2128396172277025,0.32626660945275526,0.14328840306167875,0.00025
1098,0.05666879843946104,0.05666839479203738,0.003571988212725152,0.05309640657931223,0.34780957019962516,0.05376810119685277,0.004036474236654712,384.81909312786706,1.0539939936125613,2.7450373777977886,1.3755393040647874,1.2170819993758317,0.3087677099164909,0.13610189582075324,0.00025
1099,0.05913104231837163,0.05913063815241975,0.0010032483653229245,0.05812738978709683,0.3468349031570329,0.05913424259139619,0.004041659518818146,384.82274374907234,1.0500760680405163,2.745463915396468,1.3717911129642084,1.2243557468590698,0.2844808575326881,0.31122264929381416,0.00025
1100,0.05181073121412316,0.05181032645754587,0.0007872054776832186,0.05102312097986266,0.3468790996006685,0.05186018614132008,0.004047565772906492,384.8175430598521,1.0484436688679246,2.745824903485354,1.371258618860182,1.221262888318,0.2635404369503353,0.424350768064263,0.00025
1101,0.032064462410266815,0.032064057122807355,0.0016129239255247372,0.030451133197282623,0.347781553492533,0.03147407780495465,0.0040528745945757425,384.80465851991926,1.0489556167497378,2.746078855846801,1.3735868935847086,1.2094893245605591,0.23886844110347413,0.33096566539179684,0.00025
1102,0.033454969766724685,0.03345456276736284,0.006610571083927312,0.02684399168343552,0.3486997422614071,0.027963740544974403,0.004069993618420626,384.79443324904327,1.0469600965358759,2.7464619034380133,1.3734110839949074,1.203946448400622,0.22080075914884784,0.4215434525889932,0.00025
1103,0.037850381622023435,0.0378499727771663,0.001692198193775124,0.03615777458339118,0.34890947018664303,0.03893646544627929,0.004088448571328697,384.79255201726323,1.043114633639783,2.746872723253675,1.3705284476110517,1.207557608799451,0.23509744974892086,0.4046070800390522,0.00025
1104,0.04235131560956915,0.04235090570822994,0.00473664439954047,0.03761426130868947,0.34956460112780424,0.04023675137778925,0.004099013392104703,384.78693687241366,1.0420573528981463,2.747148730113185,1.3704905927282405,1.2047624889148552,0.23293723594821486,0.39309163585523305,0.00025
1105,0.040259558529019024,0.040259148604770485,0.013983320641817941,0.026275827962952553,0.3503770994986385,0.0273748968441721,0.004099242485378986,384.77980603410947,1.043688993994539,2.7472726882323677,1.3728467574032128,1.1977347765166182,0.20560325654411313,0.5117186107176548,0.00025
1106,0.039682428438314286,0.039682018020025196,0.014164315910664582,0.025517702109360614,0.3511319977237306,0.026604879976063665,0.004104182890931389,384.77641934301937,1.0442933528888287,2.7474229066659177,1.373521766811796,1.1975924481966465,0.2096697599598747,0.43307670554432126,0.00025
1107,0.03212643218874056,0.032126020636140014,0.0041780132799856705,0.027948007356154346,0.3515177176677574,0.029894244644698913,0.004115526005448412,384.7774871204035,1.0427680906038983,2.747656411202223,1.3715554271478843,1.205454633134248,0.21082701958377115,0.5568709694061871,0.00025
1108,0.029530606694178077,0.029530195448366776,0.0013827888624542096,0.028147406585912565,0.3517659494036126,0.03007634864335366,0.004112458113006444,384.7798740300514,1.0440757117960564,2.7477459355548453,1.371948237486668,1.209700059242923,0.21891264101656044,0.5197022022188269,0.00025
1109,0.036396932854064194,0.036396522247186945,0.006465075356438011,0.029931446890748926,0.3526271992232211,0.030783974180097495,0.0041060687724849875,384.7772381566065,1.0473657042013036,2.7477708410482053,1.3749995517849625,1.205607073939614,0.23990346378092126,0.27811069715824943,0.00025
1110,0.03793365993029448,0.037933249604372186,0.005201328209327331,0.032731921395044855,0.3526987604856596,0.03347183802183729,0.004103259222981869,384.78018447973375,1.0480408541885584,2.7479056043192824,1.375039614444292,1.209144911982338,0.24814037484011292,0.2795194370447569,0.00025
1111,0.0446074418995486,0.044607031452198215,0.0018972379764039134,0.0427097934757943,0.35211918086657423,0.043568189363888135,0.004104473503868258,384.78684743441966,1.046210619079229,2.748157469908641,1.3724554214133564,1.2183808975683645,0.2535217397156508,0.3814420703137871,0.00025
1112,0.04150679044409139,0.04150638008717068,0.002247984317267319,0.03925839576990337,0.35228803865273794,0.04024345101388029,0.004103569207107881,384.78530096419723,1.0464408864618118,2.748365361679305,1.3728847813819844,1.217297374416968,0.25195893399083163,0.36838308727518265,0.00025
1113,0.04706036648226015,0.04705995636762188,0.009644914813952776,0.03741504155366911,0.35313449725750207,0.03800925234143058,0.004101146382679889,384.7768473593207,1.0484096710858046,2.7485569031447823,1.3760375329341443,1.2063619488606199,0.2653819191006416,0.18343861038792877,0.00025
1114,0.048715918393759716,0.0487155083040709,0.011937771464554428,0.03677773683951646,0.3531241310727434,0.03748946157748189,0.004100896888168055,384.77395845146197,1.0478508145439285,2.748842120779967,1.3761611505203195,1.2034346645222627,0.2660098145621527,0.11511234082906709,0.00025
1115,0.02821556603196143,0.028215155771553882,0.0026505301572770034,0.02556462561427688,0.35233824520470497,0.02636339405730543,0.004102604075501896,384.77564996844194,1.0450786809526083,2.749199810650363,1.3735290600694232,1.2081603881258438,0.21433651782102628,0.5247949756598108,0.00025
1116,0.08901472948327788,0.08901431854301851,0.00015550506059158468,0.0888588134824269,0.35109307220620284,0.0899704746497036,0.004109402593634499,384.78568656917207,1.040144290086833,2.749661634929214,1.36860967777797,1.2185598089681027,0.32398792872123366,0.06297267733519807,0.00025
1117,0.14994138075768995,0.1499409697756455,8.063522735327411e-06,0.14993290625291014,0.35041744251585805,0.15016132520025938,0.00410982044461997,384.79084553806734,1.0379612844419892,2.750036994890444,1.366779906551824,1.2208875448602476,0.3821838260030081,0.0035827899030502156,0.00025
1118,0.1076999530578411,0.1076995426047057,1.7403935401838773e-05,0.10768213866930386,0.35026641811636966,0.10817420905034086,0.004104531353946874,384.7866602444867,1.0382884335739138,2.7502718371944415,1.3677355329632002,1.2160398024944443,0.34156655560389176,0.008820182455224167,0.00025
1119,0.034709880660118944,0.03470947126422114,0.004116297022900202,0.030593174241320933,0.3505893191353679,0.03232332876833145,0.00409395897806228,384.7769391145035,1.040901618522367,2.7503641804411925,1.371200929368912,1.2049027110211812,0.2144187247173507,0.5385658100589724,0.00025
1120,0.06323875552227033,0.06323834817822493,0.013543054519509642,0.0496952936587153,0.3509904536267864,0.05004515883116564,0.004073440453953961,384.77419004821144,1.0460293217311756,2.7503552468285966,1.3766149707799626,1.1917173006122943,0.2859866722342218,0.04390453174773454,0.00025
1121,0.10096148448575065,0.10096107823322265,0.013539426964406574,0.08742165126881607,0.35102234306513064,0.08755020769097505,0.004062525280100253,384.77703167271557,1.0483580076536045,2.750423168624659,1.3789381373180987,1.186561919570155,0.3442140681792169,0.024272186137345227,0.00025
1122,0.09029765751143083,0.09029725165018618,0.013247616487191874,0.0770496351629943,0.3505787249799681,0.07717746518879144,0.004058612446601303,384.7789327007358,1.0481846953347633,2.7505591339401185,1.3784065137931132,1.1888847385926928,0.3330937924506685,0.02586586630916574,0.00025
1123,0.04969208093256436,0.049691674780917336,0.013221732327943436,0.0364699424529739,0.3497560964669418,0.037124088188562374,0.004061516470215246,384.78106790663634,1.0457381070950638,2.7507566965416728,1.3753339065191013,1.1977846846612439,0.26230697817910364,0.08345404561497827,0.00025
1124,0.044795033519042717,0.04479462654601452,0.00021905884016739125,0.04457556770584713,0.3485817678755355,0.047459445312793176,0.004069730281934899,384.7915458138944,1.0413087522683901,2.7510918492083682,1.3699568275010043,1.2131533855184393,0.2617180701020818,0.25471011777688585,0.00025
1125,0.10082622925428734,0.10082582192580844,1.929003975295465e-05,0.1008065318860555,0.34812975632201565,0.10157786187416389,0.004073284789109903,384.79893076320917,1.0396094514798357,2.7512655459304884,1.3677980763328164,1.2198282024638833,0.34049072201352726,0.016789110550623463,0.00025
1126,0.07988873986424654,0.07988833265460606,5.628774465057687e-05,0.07983204490995548,0.34826750872410017,0.08131358375267114,0.004072096404790237,384.7971471489716,1.0403720217495938,2.7513176541413698,1.368502737302573,1.218701884370852,0.3170651322515194,0.05074106317387939,0.00025
1127,0.02923899708123204,0.02923859040273778,0.0008620530948330292,0.028376537307904747,0.3489464922295528,0.029532101758780294,0.004066784942610609,384.78870522574516,1.0433403166255042,2.7512596023909524,1.3717907214063314,1.2104989470006684,0.21489982761370421,0.6168912777933818,0.00025
1128,0.07634357694301147,0.07634317029656701,0.01522346283137569,0.061119707465191325,0.35082114768328704,0.061273407757760016,0.004066464444683519,384.7785483317204,1.0481301415851214,2.751155389183588,1.3777400028788085,1.1943322480349532,0.3159958871042929,0.02777881283886776,0.00025
1129,0.1321274899638655,0.13212708277229226,0.020414559913840315,0.11171252285845196,0.35204014591911137,0.11180574335940004,0.004071915732508785,384.77595491104194,1.0501312701670786,2.7511964087232723,1.3804912799138938,1.186611677901019,0.3801510908085567,0.018333991668134517,0.00025
1130,0.12702934606182345,0.1270289379130168,0.020761616060471222,0.1062673218525456,0.35256990774949665,0.10636123335202606,0.004081488066357168,384.772433403271,1.0496460308151994,2.751306465580047,1.3803128781597782,1.18658992580518,0.37304810086791923,0.0183516947249564,0.00025
1131,0.07039254522527329,0.07039213574961418,0.016063634936901397,0.054328500812712774,0.35247662940611213,0.05451294318439507,0.004094756591080386,384.76842366054984,1.0469242380430919,2.751491384241747,1.3774966593653084,1.1934876671567054,0.30152341209079686,0.028580935379041893,0.00025
1132,0.027292129196113502,0.027291717995673787,0.002705206397985179,0.024586511597688616,0.35187677541345846,0.02540280031276498,0.004112004397159245,384.7708332555883,1.0421806195046417,2.7517330623012746,1.3723328485228146,1.2066181316430786,0.19965418174642083,0.6605200697782556,0.00025
1133,0.11634926751084199,0.11634885500281046,4.833450972404153e-05,0.11630052049308642,0.35126301716203445,0.11695970146390079,0.004125080315299437,384.7828653134227,1.0383254660924506,2.751965729381102,1.3677327467576093,1.2202129408057723,0.35347411210356944,0.020528694912489844,0.00025
1134,0.18522448613261713,0.18522407300963256,9.005164443341998e-06,0.18521506784518924,0.35117094401977506,0.18542327218069984,0.0041312298457408,384.7887073809279,1.037139651391621,2.7521008885806624,1.366205065789771,1.225480006105289,0.4113556637511665,0.0035092127578588367,0.00025
1135,0.13351442909612155,0.13351401595910684,6.056791232561954e-05,0.13345344804678122,0.35155560376557815,0.13410717059860003,0.0041313701469996265,384.78407096948774,1.0383462633518976,2.7521096237928315,1.3674439498243594,1.2231136688572535,0.3696488018239486,0.023397781489474443,0.00025
1136,0.03724596677485913,0.037245554166124885,0.0008224664331428869,0.036423087732981994,0.3523670778574957,0.038881135125660146,0.004126087342393391,384.7730261848719,1.0416957246101448,2.7520622300956603,1.3711735758099561,1.2138546429079058,0.2459633710572097,0.35006105085500266,0.00025
1137,0.0649393608264014,0.06493894912837282,0.018589146856960035,0.04634980227141277,0.3536393835909645,0.04660675189360672,0.0041169802857566945,384.76463610853096,1.046873054550344,2.751969625705962,1.3771985110426292,1.1978962257982753,0.2900215814705678,0.03306778004204984,0.00025
1138,0.11582365438855032,0.11582324321061187,0.027018583914318266,0.0888046592962936,0.3540921267559529,0.08889754759562714,0.00411177938441797,384.76550744768304,1.0492383692747675,2.751958907322412,1.3799169165342244,1.1906942268662295,0.35694312900595737,0.01744479354217584,0.00025
1139,0.11144071588148599,0.11144030471903893,0.025841376728402674,0.08559892799063626,0.3539352985337192,0.08569561856903891,0.00411162447057027,384.7656473260753,1.049056673755861,2.7520473250198183,1.379720654100025,1.190954282133458,0.35260295669105934,0.018080052495562694,0.00025
1140,0.060420414553995466,0.06042000300976834,0.016619675182815784,0.04380032782695255,0.35317468569373844,0.04410024741270359,0.00411544227128588,384.7656783084202,1.046571964344073,2.752225379928972,1.3768812455833297,1.1979095565115003,0.28429408489709085,0.03681301500772827,0.00025
1141,0.02999438759838826,0.02999397534877946,0.0009207852038992432,0.02907319014488022,0.35184405198998026,0.031241218994493364,0.004122496088016097,384.7731868129809,1.0420475977701333,2.752452984184303,1.3716383562106724,1.2113300048138869,0.22552576817743114,0.494206528954483,0.00025
1142,0.05760248178992341,0.05760206913775962,0.00029318802591212276,0.057308881111847496,0.35135480973444666,0.05919145647222411,0.004126521637837078,384.7773243426642,1.0401009602700089,2.7526115058472027,1.3696674493987397,1.2153084633681852,0.2836480371714526,0.14276350859937373,0.00025
1143,0.03931475582230389,0.039314343338446515,0.0004936836129300238,0.038820659725516495,0.35139346940627714,0.041642522032652056,0.0041248385737709505,384.77436642551044,1.0405921105828724,2.7526997193803107,1.3705154777034638,1.2117118495855843,0.24998656881658884,0.28537679009690387,0.00025
1144,0.03390056489600041,0.03390015307481649,0.009579441018399013,0.024320712056417473,0.35193273045485146,0.02557049411909384,0.00411821183914997,384.76732357055687,1.0432815417251882,2.7527182982310374,1.3739135334431107,1.2013354921069004,0.21849273064594735,0.3674681747994117,0.00025
1145,0.03556985023396561,0.03556943888870727,0.010054404732898661,0.025515034155808608,0.35164854972668635,0.026773167972176798,0.004113452583406667,384.76875754089593,1.0436566130970815,2.752780788681354,1.374166445349089,1.2009266506326637,0.22610462658619523,0.28941495536735246,0.00025
1146,0.0283098152160567,0.02830940400946777,0.0011839086371109916,0.02712549537235678,0.3507490692930413,0.028616739630268194,0.004112065889302682,384.775851892491,1.04188485495925,2.7528902427709916,1.3716584463670292,1.2088830912399424,0.21154653387894315,0.6088810525098408,0.00025
1147,0.027096425894367542,0.027096014911962583,0.001414121318734853,0.025681893593227728,0.3507967910567004,0.026536902107609495,0.004109824049599936,384.7759316350129,1.0425673542143752,2.752947536461889,1.3721814114982893,1.2086691685783526,0.206461309011707,0.6454656894449777,0.00025
1148,0.03428949343218411,0.03428908224736817,0.0071266362524613535,0.027162445994906817,0.35175918467405515,0.028376919074918714,0.004111848159398868,384.7702876919217,1.0445450565456036,2.7530218314339274,1.3745841335636921,1.2030800292047146,0.2367963666803262,0.2259537825619266,0.00025
1149,0.028999856493530925,0.028999444825145455,0.003609421884863607,0.025390022940281844,0.35197333619035376,0.02643658995754711,0.004116683854716854,384.7704653878732,1.0441584965102708,2.753144296994501,1.3740176729946374,1.2060711034914458,0.2242071088803631,0.3943859229765245,0.00025
1150,0.042014932209973106,0.04201451964326593,0.0006961103806442277,0.04131840926262169,0.35162177317662424,0.04358525852754942,0.004125667071805449,384.7765505048629,1.0415316354531678,2.7533315973410306,1.3708454889297466,1.2161439252643482,0.2557839072464496,0.33540323697141067,0.00025
1151,0.04647262607036809,0.046472213048722275,0.0007113941274541838,0.04576081892126809,0.3519047938427135,0.04796750034354795,0.004130216458155213,384.7759761972735,1.0413063389207113,2.7534651042668052,1.3706842484307429,1.2173230112528843,0.2641007667527887,0.2971404523563705,0.00025
1152,0.02759169915467687,0.02759128611501468,0.0016952628182827247,0.025896023296731956,0.3527234382639493,0.02692563864407143,0.004130396621886782,384.7688061468091,1.043247857043077,2.7535488438582134,1.3732155161253208,1.2105593335680866,0.21894490654962906,0.521566371766875,0.00025
1153,0.04723558986032034,0.04723517609530501,0.013139555073229617,0.0340956210220754,0.35396457550246263,0.034773445526136405,0.004137650153245559,384.7593377859733,1.044580541715445,2.753736061604808,1.3760021935644384,1.2004732148784028,0.2607605974829383,0.07660284314717894,0.00025
1154,0.046111269622088225,0.046110854948293464,0.01429122614567747,0.031819628802616,0.35436526938523455,0.03260449462275927,0.00414673794759023,384.7552151452744,1.043524866318681,2.7539768563625953,1.375770243610543,1.1989575669765808,0.25252430431448564,0.09278791816911741,0.00025
1155,0.026713774478103042,0.026713358725960167,0.003934664806461943,0.022778693919498223,0.3540128453028357,0.023438236196174064,0.004157521428773263,384.75618612991514,1.0403492406340578,2.754273102289765,1.3728116420850434,1.2053150589768813,0.19547466112665982,0.6550244867944321,0.00025
1156,0.1069116828670774,0.10691126657128533,6.89352541231766e-05,0.10684233131716217,0.3527955861816914,0.10760870177707314,0.004162957920706256,384.7703761558649,1.0363196235075605,2.7545629461664243,1.3680526712967083,1.219082473218351,0.3436815117149453,0.027915973121131275,0.00025
1157,0.17530925994600316,0.17530884375906608,8.145511266137474e-06,0.17530069824779995,0.35213427674687997,0.175502958668005,0.0041618693706976,384.77880067785253,1.0349823788312813,2.7547920524724057,1.3663784345892627,1.22453628571894,0.40429654663684056,0.003279387696608395,0.00025
1158,0.12641687497463844,0.12641645943628674,3.714776515351482e-05,0.1263793116711332,0.35200267571266275,0.1269534893847237,0.004155383517039264,384.77668486050413,1.036064247814246,2.7548948948353242,1.3674943706082414,1.2223296300649755,0.3647679945497978,0.016099543012704543,0.00025
1159,0.03400751084705357,0.034007096420784526,0.0006586935491847614,0.033348402871599764,0.3523641957773564,0.035811890949266546,0.0041442626904358406,384.76779270779235,1.039319095446788,2.7548898530725734,1.3711323595712563,1.2131804611414096,0.2387529532006741,0.407548296236292,0.00025
1160,0.06417621915730232,0.06417580606386242,0.01616139786493494,0.04801440819892748,0.3533158824486921,0.048241999334628846,0.004130934398983677,384.760810052373,1.0444272534761516,2.7548801570140213,1.377126826205975,1.197161815616132,0.29395438854104083,0.03322437112873353,0.00025
1161,0.11561888387287425,0.11561847156133802,0.022587193904105716,0.09303127765723229,0.3535775230915341,0.09311597222493315,0.0041231153623547505,384.7625459369871,1.0467282525049886,2.754932271352729,1.3798446335405896,1.1899062010011434,0.3615371172497549,0.019281756891266343,0.00025
1162,0.11183672153291804,0.11183630940455505,0.021012279681765927,0.09082402972278912,0.3532855036484727,0.0909110336511699,0.004121283629895949,384.76315560519305,1.0464478291082644,2.75506771642924,1.3796580019545115,1.1899253038713593,0.3581825461573022,0.020360877728966643,0.00025
1163,0.06214986370344525,0.06214945118641104,0.01464712599493689,0.04750232519147415,0.35251593669230635,0.04775892260163837,0.004125170342094961,384.7629432032816,1.0438436006681588,2.755271730254569,1.376864473893809,1.1964809672922092,0.2917813648622826,0.03614714905179566,0.00025
1164,0.02770551534751153,0.027705101938157686,0.0009381360741541944,0.026766965864003487,0.35132943662351324,0.028052203741066817,0.004134093538449759,384.76918442426614,1.0392032060083223,2.7555455197243184,1.371711760190971,1.2094316587920029,0.2109912884678563,0.6244501568220933,0.00025
1165,0.045683278303680686,0.04568286398609651,0.000210450778979866,0.04547241320711664,0.3512736000428042,0.04831834699839904,0.004143175841761992,384.7709591644824,1.0372902066828975,2.755757759767355,1.3699499418655026,1.2132092800767111,0.266194081274311,0.20220830141787463,0.00025
1166,0.031109526359958173,0.031109111682450494,0.0007329520238696706,0.03037615965858082,0.35177097668219537,0.032751005509796954,0.004146775076788978,384.76586447766783,1.0378593793146873,2.7558429285281516,1.3710322940764847,1.2093884043819978,0.22644655256398097,0.4846589110369825,0.00025
1167,0.0398073240424589,0.03980690943919102,0.011729388948719567,0.02807752049047145,0.352833773353186,0.02909327706151766,0.004146032678867356,384.7574186196342,1.040723694749109,2.7558647109369137,1.3746964070075511,1.199007499688872,0.23785881595987088,0.18919850044018707,0.00025
1168,0.04438805842488523,0.04438764357334265,0.013042360390279444,0.03134528318306321,0.3531633491600719,0.03216144663618881,0.004148515425855242,384.7559384318154,1.0411726002520278,2.7559498222715724,1.3752566579419137,1.1978992553629562,0.24951222183542507,0.11813423259790382,0.00025
1169,0.027247559438128788,0.027247143870714214,0.004420989097816626,0.02282615477289759,0.35295357473551325,0.023659790044665206,0.004155674145742224,384.7579457369148,1.0393536935774659,2.7560894772167943,1.3730946637213355,1.2044158586824283,0.20334968939852915,0.585131359865211,0.00025
1170,0.0947501749773833,0.09474975877316667,7.15188263643645e-05,0.0946782399468023,0.3519459959624782,0.09567994283571452,0.004162042166276228,384.7727468692412,1.035811401282054,2.756299028929971,1.3682839069044928,1.220322974562951,0.334450399238838,0.03675993265392465,0.00025
1171,0.16605696786745439,0.16605655161910682,1.5170240668151863e-05,0.16604138137843866,0.3515226452192647,0.16637868910224698,0.004162483475550366,384.7820475054116,1.0349040614465546,2.756405805696661,1.3665935252448127,1.2275590086144221,0.4006428449783169,0.006867744875804492,0.00025
1172,0.12499746058021836,0.12499704476600887,9.757989735661082e-05,0.12489946486865226,0.3516504805146179,0.12581032907712492,0.004158142094973721,384.7804886142443,1.0363505486590534,2.7564035521180164,1.3677212047255154,1.226728650095263,0.3650258416555396,0.04294713852764106,0.00025
1173,0.04096087046796995,0.04096045548073956,0.0008925004175016378,0.04006795506323792,0.3522925592516215,0.04150341779329421,0.0041498723039132025,384.77149197945255,1.0398869439661196,2.7563070847160835,1.3713965774201151,1.218467654059783,0.25030010009240955,0.4343152749830606,0.00025
1174,0.06708889134869388,0.06708847716500768,0.015020110187440405,0.05206836697756727,0.35365229419962685,0.05231470303945849,0.0041418368618999545,384.7626415083867,1.0450811018389219,2.7562467417831833,1.3775107896990688,1.2021349047970937,0.306683378791309,0.04258867285857647,0.00025
1175,0.12568587959062957,0.12568546595610233,0.02974338307593711,0.0959420828801652,0.3540991412254222,0.0960419202922336,0.004136345272332864,384.763778573293,1.0474817822561042,2.7562586354107195,1.3802543006567642,1.194957855345628,0.3732304765915563,0.01810699310299341,0.00025
1176,0.12245754239520017,0.12245712873912783,0.029108753911635584,0.09334837482749225,0.35400805792348156,0.09344802274695949,0.004136560723385546,384.76361777811866,1.0472949560786553,2.7563508884555032,1.3801066832138107,1.195072079433957,0.36978419462789397,0.018640092449456698,0.00025
1177,0.06337266159981389,0.06337224752974287,0.01323822582585974,0.05013402170388311,0.35334080103502075,0.05039338316803562,0.00414070071028286,384.7631952789391,1.0448230917907506,2.7565061356615814,1.3773042641096906,1.202148427368655,0.3029224865927784,0.044198939005080505,0.00025
1178,0.033481429825013266,0.033481015172551226,0.0009486478854640953,0.03253236728708713,0.35198717577138616,0.033669730558418424,0.0041465246204265924,384.7708480793425,1.0403267511768197,2.756714517267,1.3720303192000427,1.2160376018083554,0.2328784602776246,0.5012520446359087,0.00025
1179,0.05076950826107679,0.05076909287291997,0.000451055859256223,0.05031803701366374,0.3517456431533499,0.05255734798164351,0.004153881568260771,384.7723267603718,1.0381725276774008,2.756928466997076,1.3701840784315695,1.2187964940007938,0.2732480016523064,0.26602131894881387,0.00025
1180,0.03234708519453512,0.032346669499718775,0.0006074726635627517,0.03173919683615603,0.35211866276491516,0.03393133427617143,0.0041569481634520875,384.7661696916831,1.0384051410103234,2.757031741660111,1.3712197032368563,1.2134386143373397,0.23399950337042721,0.46455010000944746,0.00025
1181,0.038368645795470564,0.03836823000873793,0.00993818116180878,0.028430048846929155,0.35319539034292297,0.029436073532694486,0.004157867326370693,384.7554558425246,1.0407513299743465,2.7571047761432834,1.3749273653967438,1.2004335816387526,0.24283444793133852,0.1544609650528673,0.00025
1182,0.0469723792232336,0.04697196301177801,0.013587263425652479,0.03338469958612554,0.35354902247551584,0.034092875174201405,0.004162114555901391,384.75207185160394,1.040684966754843,2.757226540805959,1.3755399108137663,1.1967552968288468,0.2551002214150228,0.09739732148357262,0.00025
1183,0.032141731520604684,0.032141314369881095,0.009237605340173307,0.022903709029707793,0.3533990641184005,0.024020499998778807,0.004171507235880383,384.7517340547624,1.0383714791185419,2.757405874157384,1.3734464377379696,1.2007248996961113,0.20844022414777247,0.4628643750526762,0.00025
1184,0.07559102258805354,0.0755906045249305,5.262751626770264e-05,0.07553797700866278,0.35249104590460834,0.0767838650874577,0.004180631230539755,384.76268421983525,1.0343655755092875,2.7576077320596113,1.3687294363094207,1.2138850398730008,0.30766006507254323,0.03334356225046255,0.00025
1185,0.13141231292702815,0.13141189463758218,5.454214350112391e-06,0.13140644042323207,0.35213110974886097,0.13163712804413127,0.004182894459669749,384.76889849095755,1.0331019670797996,2.7577400047729093,1.367109173136094,1.2189174104305829,0.3669072930888718,0.003095226655439852,0.00025
1186,0.0898279804102863,0.08982756248738218,3.162423906648702e-05,0.08979593824831568,0.35227458308995485,0.09062369798864361,0.004179229041272978,384.7657597514366,1.0342909860286515,2.757747524802448,1.3682802569881116,1.21647119726741,0.3263960676207366,0.019575997169280483,0.00025
1187,0.026373343702921586,0.02637292667297016,0.0016673119845300067,0.024705614688440156,0.35287757833646677,0.025734905749259435,0.004170299514269384,384.757121002015,1.0376858726040588,2.757679691949614,1.3719672629574553,1.2072992205911326,0.2020833285493296,0.6527726675585326,0.00025
1188,0.07672854053754148,0.07672812465619842,0.017679631946615263,0.059048492709583164,0.35411738299066475,0.05919413130458718,0.0041588134305295165,384.7524402927933,1.0432505783226658,2.7575790216772953,1.3779348905543243,1.1933611939868385,0.31198129531009444,0.02667304924716518,0.00025
1189,0.134109274384551,0.13410885909122167,0.02629390054420049,0.10781495854702118,0.3546343084011674,0.10790006408234769,0.004152933293429476,384.7550289966698,1.0459528756748422,2.757551652806611,1.3806225997783976,1.1878825602292595,0.37881410516220015,0.016897270715487328,0.00025
1190,0.12792023472966266,0.12791981951187809,0.027215898964446004,0.10070392054743209,0.3545298845804974,0.10078800390843914,0.004152177845622475,384.75605600466525,1.046085277563639,2.7576090591939098,1.380371674451509,1.189901237400825,0.37300192720213393,0.017470400594066134,0.00025
1191,0.06878116047767935,0.06878074480117706,0.017169442167923012,0.051611302633254044,0.35392347802127466,0.051792782459974075,0.004156765022889728,384.75589974781167,1.0438536702882688,2.7577456217984437,1.3775178783626247,1.1982850318484626,0.3037969114594189,0.031393076687296455,0.00025
1192,0.028645846661246567,0.028645430281470492,0.0009756153250204504,0.027669814956450045,0.3526805936676516,0.028921989793608605,0.0041637977607610135,384.7633510156367,1.0395563844165692,2.75791717190509,1.3722248683090457,1.2131852617138472,0.22094381735908972,0.550860589236222,0.00025
1193,0.045427900734091156,0.04542748340119431,0.0004894292742413824,0.044938054126952925,0.3526316154120372,0.04728890559525457,0.004173328968419567,384.76454784303786,1.0375393306566607,2.75809826821574,1.3704028631022667,1.2166419671717095,0.2648616569928892,0.26409607876253227,0.00025
1194,0.029839783537553573,0.02983936576770375,0.0007339356731216525,0.029105430094582097,0.3531363353108672,0.031482258172976244,0.00417769849820992,384.75866753601184,1.0379087617521776,2.7582187982584214,1.3714394907280945,1.212077789880929,0.229245934122562,0.47451288381162815,0.00025
1195,0.03876068525476646,0.038760267347728715,0.010768764504637396,0.02799150284309132,0.3542771053791917,0.02899268640743581,0.004179070377436776,384.748603270916,1.0403865083172967,2.758289002016236,1.375120462959528,1.1999482002680006,0.2420681734372832,0.14867213598767634,0.00025
1196,0.04630462749662012,0.046304209170151316,0.013962845539578883,0.032341363630572426,0.3546363246515256,0.033054927227058495,0.004183264688060438,384.74568207798063,1.0404256978484279,2.758401709366163,1.3756889329881479,1.1970380081994807,0.2535777863104552,0.09246787910947799,0.00025
1197,0.029436821033903934,0.029436401866220836,0.007672442516943918,0.021763959349276923,0.3544064920789579,0.02281013500228756,0.004191676830983566,384.7461279888037,1.0382026411247565,2.7585799032004026,1.3735199597367211,1.2017883131986422,0.2047322777955247,0.5077364199893052,0.00025
1198,0.08152274512538872,0.08152232533398267,7.340525190177057e-05,0.08144892008208088,0.35324807035271494,0.08253861384839863,0.004197914060576972,384.75923742998657,1.0342695056280018,2.7587632271333966,1.3686544183211389,1.2159844745918713,0.31674794903277775,0.0379212941688587,0.00025
1199,0.14560951739929925,0.14560909764653923,8.784064388367487e-06,0.14560031358215086,0.3526485328445853,0.1458547980090479,0.004197527600087356,384.7675741408222,1.0330395059813773,2.758892307729638,1.3668949894233955,1.2218660077552612,0.38129325690261645,0.004219680992711016,0.00025
1200,0.10525315183641827,0.10525273267516876,4.1017781652051696e-05,0.10521171489351672,0.3525774997682633,0.10593078640376098,0.004191612495191165,384.7659486804554,1.0342312323394127,2.758909028718595,1.3679416034131846,1.2200668191153818,0.34522015890404034,0.020932252409910066,0.00025
