t,u,u_sing,psi,q,mean_N,total_N,N_0,N_1,N_2,N_3,N_4,N_5,N_6,N_7,N_8,N_9,N_10,N_11,N_12,N_13,N_14,N_15,N_16,N_17,N_18,N_19,N_20
0.0,2.737195490656644,0.3589218976698513,-1.582993883503601,5.145893338717842e-34,10.0,210.0,10.0,10.0,10.0,10.0,10.0,10.0,10.0,10.0,10.0,10.0,10.0,10.0,10.0,10.0,10.0,10.0,10.0,10.0,10.0,10.0,10.0
0.05,2.737919462587217,0.4181249144754321,-1.2172364161255764,4.5059178543695274e-26,9.068176554804138,190.4317076508869,9.031928436472086,9.035322648782065,9.045178999171116,9.060527832382544,9.079789741228712,9.10085117461427,9.121208401530865,9.138206058138495,9.149378102426066,9.15285624140964,9.147753248695643,9.134389229631266,9.114250393184774,9.089664514650163,9.063298165425742,9.037649676894489,9.01468729256225,8.995693440846576,8.981288001965705,8.97155874173816,8.966227309136247
0.1,2.7370489238155256,0.4752814285774472,-0.915135593838933,1.636135526552025e-19,8.24335071635428,173.11036504343988,8.17723286256233,8.18337347495017,8.201218131327003,8.229045663775034,8.264034729631963,8.302378346997079,8.33952560203911,8.370608163852719,8.391073034395344,8.397456488796447,8.388117026520195,8.363666212442675,8.326882279569787,8.282083233884972,8.234173271858253,8.187701130101793,8.146208248010975,8.111967495745633,8.086048414383345,8.068569011032343,8.059002221562746
0.15,2.7329314365410555,0.5304178952277432,-0.6693391751045112,3.5581208226492595e-14,7.511770778238054,157.74718634299913,7.421247214393191,7.429597587958881,7.453881524124972,7.491803165635307,7.539574663039188,7.592041677494866,7.642986190028394,7.685699096306969,7.713862240791986,7.722649388559013,7.709778039024024,7.6761253429880645,7.625593905507232,7.5642036365206575,7.49873401365725,7.435410469845297,7.379022535509321,7.332596988749995,7.297518154702166,7.273891587890801,7.260968920271562
0.2,2.7216451440338196,0.5835301700739277,-0.47338160814547336,6.403024917257806e-10,6.862111044276278,144.10433192980184,6.751978198568628,6.76209332489096,6.79153053207486,6.837562171697332,6.89565810675873,6.959601150730024,7.021822135342347,7.0740840215845004,7.108576586867699,7.119310110523022,7.103458109486362,7.062140800913228,7.000241351474886,6.9252361580723,6.845474581416996,6.768547458903401,6.700225238968971,6.6440973022710095,6.601756160974224,6.573263588453312,6.557674839829064
0.25,2.6927725739670634,0.6345431509432393,-0.3214707701513291,1.2737569688138913e-06,6.2855713941971,131.9969992781391,6.160277798979797,6.171788586711025,6.205310895301286,6.257799767018116,6.324163822516958,6.397355167198523,6.468714342213206,6.528737753037469,6.568353817930523,6.580579179745174,6.56212730513906,6.514343733148434,6.442971362117154,6.356736871043659,6.265304477896873,6.177372924854101,6.099475192939479,6.035609184990082,5.987491605322274,5.95511755587431,5.937367934161594
0.3,2.6154420029900187,0.683195452912345,-0.20818484628765788,0.00036719791412164637,5.776826123038398,121.31334858380636,5.641052467505067,5.653653707125777,5.690375824870613,5.747945769110209,5.82085319768699,5.901403999610045,5.980058434295048,6.046259723689885,6.089866163565683,6.103044420939074,6.082122303897242,6.028661639741649,5.949170567353553,5.853460503044665,5.752304501777239,5.6553014321222665,5.569571522833542,5.49939853531661,5.446557290341374,5.410958846444693,5.3913277325351485
0.35000000000000003,2.4036711071296333,0.728678676166443,-0.1278371379870329,0.019999282628279345,5.33753228368176,112.08817795731697,5.197610337863508,5.211054136949647,5.250253481323201,5.3117695669455,5.389773425291759,5.476056490779576,5.560351158385227,5.631205662530735,5.677554609782255,5.690831369889155,5.667048624331569,5.607996228072561,5.52089531438942,5.416532875924817,5.306645654717283,5.201580779708717,5.108914411638145,5.033122202098967,4.975984633075215,4.937312528644284,4.915684464975422
0.4,1.9694801225499434,0.7686897395465541,-0.07298990302948383,0.2405813077766655,4.985359559413571,104.692550747685,4.852770763849764,4.866874655921435,4.908011262533316,4.972598150262658,5.0545238347199835,5.145113907099303,5.233431808021897,5.307197751151489,5.35449611184792,5.36610528818652,5.337801290728441,5.271669594742625,5.175685381838173,5.061613333121492,4.9421165376584675,4.828226360595635,4.7279033295556765,4.645752450352225,4.583515420289472,4.54087814581174,4.516265369396775
0.44999999999999996,1.5280299387005183,0.7995598905856353,-0.03360646888298291,0.6941676775795262,4.749244001665084,99.73412403496677,4.643097502775764,4.657778047644283,4.7005892963521045,4.767768620227417,4.8528626799247325,4.946653336996235,5.03744822788266,5.112061392956754,5.157683368685634,5.164456348444669,5.128017218581577,5.050914391839854,4.942077408759667,4.8144327152546635,4.681699360503621,4.555655267486192,4.444650655798693,4.353389357377912,4.2835283627467655,4.234581536807786,4.204778937919781
0.5,1.2825377517457546,0.8216737231282792,-0.0019489164927151137,0.9170218649004885,4.612511174257533,96.8627346594082,4.549640279112352,4.564904032229367,4.609389653587567,4.679094587576653,4.767125242768718,4.863587642269959,4.955880971984156,5.029765687292699,5.071434976564397,5.070377774680643,5.0221883763538075,4.930079848034722,4.804195069139052,4.6588714106804145,4.509068786508945,4.367410753578136,4.242659974513737,4.1395907574372135,4.059721870888413,4.002335401297527,3.9654115629097113
0.55,1.1708038067376019,0.8388185693193082,0.025163991547806575,0.7758772483936895,4.528269900162173,95.09366790340563,4.51664699897195,4.532521510402745,4.578751432305098,4.651055659443273,4.742035233637063,4.841030444432443,4.934425402592557,5.006822292777455,5.043344301120729,5.032820366603829,4.970882001962123,4.861563258464042,4.716410553907806,4.551340940399515,4.3826627260666795,4.223882092836183,4.084156218576152,3.968281899927246,3.877583023014701,3.811057644319055,3.766393901645
0.6,1.1179026719402456,0.8534657382293941,0.048968356095731025,0.5128926902738076,4.468512162192029,93.8387554060326,4.51083378940287,4.52734105349133,4.575374840159198,4.650355502008828,4.744343541167633,4.845862646658069,4.94021930016142,5.010795571654988,5.041605367370086,5.020825970804086,4.944195828444046,4.816689235890976,4.6513876558449505,4.465887988306967,4.277889936107327,4.101769706550634,3.9470310099140304,3.8184332544199266,3.717050301759593,3.64155342546266,3.589309480452986
0.65,1.0898731644373798,0.8666965774047025,0.07009276701219136,0.2680304442449992,4.421391673379024,92.8492251409595,4.518185103832013,4.535341844409548,4.585226208152436,4.662948773909917,4.760008451352145,4.864079939351613,4.959350519607755,5.027940906665299,5.052732855008773,5.021268326647098,4.929458441164007,4.783319660918069,4.597571476778265,4.391556923855513,4.184378338156963,3.9912456973914563,3.821948137115203,3.681144186732804,3.569605559473266,3.485640550047469,3.426273240389903
0.7000000000000001,1.073332799588679,0.8789754925427427,0.0889323703070346,0.12492254301503741,4.381916351491971,92.02024338133138,4.53285803672867,4.550678318298068,4.602453261700255,4.682976187025145,4.783169371955141,4.889833959520376,4.986005305648589,5.05251024350487,5.071082617457989,5.028649204755307,4.921358286131394,4.756362940423279,4.550110416480379,4.3237398055979215,4.097751903958277,3.8881432407614023,3.704922145222097,3.5525827532294123,3.431545745408621,3.339724890212149,3.2737847473120225
0.75,1.0627920434776268,0.8905246590748883,0.10576870164709007,0.05795233109102897,4.347736466873199,91.30246580433719,4.552155534243379,4.570652175267272,4.62435453786311,4.707732886237416,4.811120500453043,4.920423818449904,5.017497343355914,5.081845249019601,5.09404092349044,5.040418120039258,4.917426620794223,4.733447166035846,4.506737539357267,4.260273664014123,4.015941943125771,3.790472471632023,3.594024634976582,3.4308659896897638,3.3010204758102026,3.2019794943292164,3.130034716152824
0.8,1.0557577289197984,0.9014664915560006,0.1208183143986652,0.02817020779412041,4.317582413432751,90.66923068208777,4.574659403274813,4.593844606167046,4.649509671481463,4.7357968575344875,4.842439389731226,4.9544294632847725,5.052413530472378,5.1145460368574005,5.1202289799171234,5.05522654785239,4.916354671209981,4.713311054054571,4.466242415385454,4.199996116912523,3.9378254427120263,3.697137489549083,3.48817400414089,3.314915636537482,3.1769469547788307,3.0713123732410215,2.993920036992824
0.8500000000000001,1.050962053738644,0.9118776993563902,0.13425643785600272,0.014588555785257414,4.290678395217087,90.10424629955884,4.5995301996624605,4.619415828910494,4.67707803581738,4.766326604521143,4.8762843642493285,4.991010557753911,5.08991721903346,5.14978282170625,5.148827959961469,5.0722717043386325,4.91736128497873,4.695199641511274,4.427897565918171,4.14220361246324,3.8627146323670374,3.607455614056637,3.3866820525328474,3.2040294526688475,3.0586033609321794,2.946979517908819,2.8646742682665307
0.8999999999999999,1.047693564401508,0.921811463561136,0.14622998420389166,0.008069998781678198,4.266502925304186,89.59656143138791,4.6262223558890145,4.646820065373381,4.706513332077179,4.798775307408243,4.912108519877744,5.029621010692013,5.129464438748752,5.1870154758094,5.17930390264348,5.091028967200608,4.919934944338868,4.678617572000224,4.39122410443242,4.086429832459606,3.790147941142628,3.520960219055768,3.289067733045532,3.0977048038693984,2.945461200536968,2.828425028866964,2.741714675919719
0.95,1.0455210259045677,0.9313075570422368,0.15686532333950254,0.004757490240947474,4.24467963404732,89.13827231499371,4.654355143873519,4.675676436494597,4.737434310154494,4.832761348181552,4.949530171309517,5.069879647707117,5.170675306565394,5.225866398801116,5.211282928987896,5.111130397609933,4.923716503363097,4.663216783015697,4.355884843735133,4.032344391969955,3.719794191172337,3.4373101163092903,3.194971294624221,2.995557082768741,2.8371075264869843,2.715206696622305,2.624570795240834
1.0,1.0441671184156225,0.9403974719166142,0.16627322419635604,0.0029775834356626685,4.224921900516709,88.7233599108509,4.68364776879314,4.705704023160594,4.769559744626974,4.868003191205493,4.988267694253697,5.111505161420837,5.21326933421941,5.266056533052223,5.244488394490351,5.13230349321582,4.9284399786505535,4.648739684706395,4.321630083828057,3.9797013139589157,3.6514037062328706,3.356243145316271,3.104110138841432,2.897277591872125,2.7332046108554504,2.606957248915264,2.5128470692350326
1.05,1.043444693188888,0.9491072537423794,0.17455215249668754,0.001970279539790172,4.207002187233399,88.34704593190138,4.713883749289585,4.736686229061485,4.802672752889006,4.9042836510897505,5.028103773095669,5.154280416255665,5.257029921815823,5.307370231029305,5.278706356242577,5.1543374976139456,4.933899927803106,4.634987786401359,4.288267596709317,3.9283104077171385,3.584781051289538,3.2775501888024197,3.016253992686402,2.8026097411001607,2.6334670372835225,2.503362221902476,2.4062014018231257
1.1,1.0432218071118184,0.9574591732266291,0.18179056805407967,0.0013728009368474499,4.190733891066564,88.00541171239784,4.744890064371718,4.768449918029994,4.8365999078650095,4.941428977844215,5.068864475392159,5.198031555565929,5.301783571245593,5.349634678280145,5.31376533107288,5.177063627220781,4.939932267951922,4.621803201641548,4.2556448740846005,3.8780202745525356,3.5197687744937616,3.2010595998060407,2.931209949895701,2.7113346241784693,2.5376477353391964,2.4041463849290325,2.3043319186366213
1.1500000000000001,1.0434013216152545,0.9654727575867181,0.18806859257069775,0.0010033273427910033,4.175960082741891,87.6951617375797,4.776524399900261,4.800852655386025,4.871198466205586,4.979296070709657,5.110406461258077,5.2426152313740415,5.347387178165495,5.392707306103113,5.34952389939374,5.200342940218089,4.946402476289425,4.609057229936706,4.223638118285439,3.8287077137842145,3.456237214010266,3.126627377863614,2.8488129725509084,2.623261796006018,2.44552898547359,2.3090649317847474,2.2069683128806923
1.2,1.0439085541949078,0.9731654467764009,0.19345927166565957,0.0007664582454708471,4.1625462787165235,87.41347185304699,4.808667126635088,4.833774683656071,4.906348338218069,5.017764442415989,5.1526089479537855,5.287910583163548,5.393720047909165,5.436467876096438,5.3858628958132435,5.2240586715711395,4.953198102815525,4.596643071026437,4.192145170799007,3.7802708677285928,3.394077851331115,3.0541307121752443,2.768919596892278,2.5382231093450582,2.3569163555460593,2.217897491085465,2.113865910869661
1.25,1.0446837144369803,0.980553021657771,0.19802956923905057,0.0006099774153615379,4.150375665965612,87.15788898527785,4.841216149167359,4.867113771065095,4.941946935553763,5.056731067245745,5.195368562047717,5.333814101258897,5.440678781052909,5.480813402401674,5.422680384620718,5.2481112779083725,4.960223897724919,4.584471043526749,4.161080827026226,3.7326246341318505,3.3331988185169807,2.9834635742627693,2.6914035951213533,2.456068425239568,2.2716344393304087,2.13044387606694,2.0248014220078194
1.3,1.0456773105793538,0.9876498917139775,0.20184117967739823,0.000504187014587451,4.1393458438794735,86.92626272146894,4.874083518318489,4.900781824729159,4.97790578687462,5.096107001127755,5.2385959663219035,5.38023626347183,5.488173923270227,5.5256548185300725,5.459888347083029,5.272415147773077,4.967398545709728,4.572465343704374,4.130373620798152,3.6856974789270325,3.2735217406146466,2.9145335868728464,2.6161528614852227,2.3766625026404613,2.1895237354199883,2.046520941301498,1.9395697664948535
1.35,1.0468474180583769,0.994469296804129,0.2049512102360893,0.00043160824854077666,4.129366504497266,86.7166965944426,4.907193115895803,4.934702576914307,5.01414822847313,5.135815079016606,5.282213565516272,5.427099249688284,5.536127687828125,5.570914705256748,5.4974104106831545,5.2968963270052,4.9746523821791735,4.560561749023003,4.099963515501019,3.6394291189203893,3.2149794144095654,2.847259699437636,2.5430670791057217,2.299882646730194,2.1104382661281935,1.965960163468959,1.857981613261099
1.4000000000000001,1.0481580869445537,1.0010234572176508,0.20741276512900342,0.0003816448956672798,4.12035768882409,86.52751146530588,4.940478974929716,4.968809907061687,5.050607731402785,5.175788249650972,5.326153849872959,5.474335293439131,5.584472312090218,5.616525646521702,5.535180196836007,5.321490849680921,4.9819256996206684,4.548705895341381,4.069800152745338,3.5937687472999116,3.1575140170695115,2.7815703822914077,2.472055896099005,2.2256168585961276,2.034243691130582,1.88860571132808,1.77986140229776
1.45,1.0495784080921107,1.007323693075422,0.20927545024866845,0.00034771746491740513,4.112248396511838,86.3572163267486,4.973883965270604,5.003046529136058,5.087226593805241,5.215968275233806,5.370358103072701,5.521885396920575,5.633148775932199,5.662428944975673,5.573140025273187,5.346143422308947,4.989167403877189,4.536851901324764,4.039841446530103,3.548673603857655,3.1010756593071465,2.7174021654260696,2.4030374462842925,2.15376232956725,1.9608157659070151,1.814312860664123,1.7050457120740232
1.5,1.0510819279317245,1.0133805253457453,0.21058581024581358,0.00032567316576486875,4.10497541775951,86.20448377294971,5.007358686457304,5.037362885995974,5.123954839549247,5.256304636372684,5.414775314229027,5.569698248973174,5.6821057224228415,5.708573539840112,5.6112398218752,5.370806313994556,4.996333880472105,4.524961208466323,4.0100523996479245,3.5041077744506097,3.04562117439633,2.6546984188362672,2.3359371162231244,2.084224185784503,1.8900390537056064,1.7429466655771348,1.6333818856796645
1.55,1.0526462246622919,1.0192037650620047,0.21138770591924327,0.0003128776862334791,4.098482314998359,86.06812861496553,5.040860483324696,5.071716166138057,5.160749238218502,5.296753556894148,5.459361208182124,5.617729260165202,5.731298495363342,5.754915042918227,5.649436147982831,5.3954383737129366,5.003387995888605,4.5130015656241245,3.9804040750227707,3.460041155642606,2.9911130815707465,2.593408314942039,2.2706865005376007,2.0169144260598197,1.821805834960285,1.674380830782688,1.5647268610341947
1.6,1.0542525444080566,1.0248025938833367,0.21172263808198366,0.0003076832741652946,4.092718517417142,85.94708886575997,5.074352545182118,5.106069403611178,5.19757240714562,5.337277109097508,5.504077354547762,5.665939675429162,5.7806882543299,5.801414853889049,5.687691313128434,5.4200041376936285,5.01029819794315,4.500946123199211,3.9508726877515543,3.416448550528982,2.9375186896720993,2.5334859385838957,2.2072225105298946,1.9517510175786306,1.7560151783170785,1.6084967487784458,1.4989461688226502
1.6500000000000001,1.0558854515462486,1.0301856372575804,0.2116300233157915,0.00030911093748512157,4.087638510916735,85.84040872925144,5.107803074650592,5.1403906472073295,5.234391981651141,5.3778423856811175,5.5488903418355555,5.714295750639571,5.83024115365945,5.848039341330791,5.725972557547541,5.444473013018215,5.0170377008248135,4.488772621647093,3.92143880130772,3.3733088776995905,2.884809321383428,2.474889523347748,2.145486613442835,1.888657125588608,1.6925721484473533,1.5451826763074468,1.4359130720334865
1.7000000000000002,1.0575324797802954,1.0353610305803056,0.21114742670987852,0.0003166580592573061,4.083201115372175,85.74722342281568,5.141184524131152,5.174652196951808,5.2711798516495785,5.418420736697763,5.593771015189379,5.762767991813265,5.879927584040262,5.8947590878814236,5.764251302303785,5.468818534292983,5.0235837502542555,4.476462667956834,3.892086619416768,3.3306044825936,2.8329596451025196,2.417580799288459,2.0854241857430273,1.8275604590874848,1.6313871315866302,1.484333030234284,1.375507826600422
1.7500000000000002,1.0591837865752827,1.0403364784726832,0.2103107564758666,0.0003301814983110419,4.079368844417122,85.66674573275955,5.174472901730457,5.208829909782198,5.307911466687708,5.458987073849903,5.638693780306915,5.811330459643782,5.929721479373793,5.941548201845719,5.802502468568244,5.49301769369564,5.029916967346403,4.464001096577447,3.862803367751206,3.2883205430357583,2.781947104050371,2.3615244397445254,2.0269839665613905,1.768392717421255,1.5723752627748901,1.4258477861079304,1.3176170459040328
1.7999999999999998,1.0608318193894988,1.0451193073274045,0.20915442509260984,0.00034982723379871193,4.076107343315975,85.59825420963547,5.207647148153323,5.2429025759894525,5.344565211165357,5.499519244123306,5.683635975786809,5.859960141775867,5.979599691268167,5.9883836972469675,5.8407038672785205,5.517050344390372,5.036020769506978,4.451375411133515,3.8335787596496607,3.246444561068934,2.7317514328510795,2.30668759590985,1.9701175987176334,1.7110891242798514,1.5154559405905346,1.3696319646962958,1.2621331540529703
1.85,1.0624710023898034,1.0497165114090314,0.20771148131885298,0.0003759892047157057,4.073384899691188,85.54108289351495,5.240688584082482,5.276851365998146,5.381121849473873,5.539997472716876,5.728577314087047,5.908636393148849,6.029541431457288,6.0352449423021115,5.878835658480495,5.54089867554458,5.0418808651697145,4.438575302065423,3.8044045392433055,3.2049659328035385,2.6823542518615118,2.2530395082835053,1.914779245577058,1.6555880367091595,1.4605524165534816,1.3155951933588639,1.2089539145976427
1.9,1.064097450145462,1.0541347929407276,0.20601371702652216,0.00040928647403941007,4.071172020925678,85.49461243943924,5.273580425321925,5.310659344808875,5.4175640385054065,5.580403872906044,5.773499388920475,5.957340442359353,6.079527780075259,6.082113174002124,5.916879877496513,5.564546755241703,5.047484817547792,4.425592234077646,3.775274094554357,3.1638755876388642,2.6337387296012102,2.200551184585687,1.860925272792468,1.6018306178373116,1.4075914476680929,1.263651330584447,1.1579820229136646
1.9500000000000002,1.0657087119738078,1.0583805967177702,0.2040917523804744,0.0004505514540518419,4.069441071404723,85.45826249949918,5.306307361152386,5.344311049587326,5.453875903118165,5.620722018567992,5.818385244963901,6.0060549600209026,6.129541255755781,6.128971074588187,5.954820023313694,5.587980136057314,5.052821671348114,4.412419096419641,3.746182132674902,3.1231656881605954,2.5858893039608395,2.1491951343862596,1.808513984914654,1.5497605631588611,1.3565030018861446,1.2137181434521607,1.1091247520113787
2.0,1.0673035480600679,1.0624601398472189,0.20197510245138517,0.0005008238718435222,4.068165962519804,85.43148521291587,5.338855190153313,5.377792124680538,5.490042668911626,5.660936573827995,5.863219004450502,6.0547636837686625,6.179565442206836,6.1758024044553155,5.992640703452424,5.611185517128553,5.05788163572279,4.399049908661737,3.7171244091071243,3.0828293823201496,2.5387914534664953,2.0989451515427624,1.7575054079058117,1.4993238714237376,1.3072200075850087,1.1657170291679606,1.0622936429765388
2.0500000000000003,1.068881736524797,1.0663794372270126,0.19969222792138197,0.0005613461049583914,4.067321888490912,85.41375965830915,5.371210507165682,5.411089007752724,5.526050346054823,5.701032973643247,5.90798554454016,6.10345109386238,6.229584665222629,6.22259168537519,6.0303273290367345,5.634150456167499,5.062655816563077,4.385479574705017,3.6880975036807033,3.0428606000830025,2.4924315106754795,2.049776136519741,1.7078611097002838,1.4504686523856225,1.2596781394314398,1.1195727731488758,1.0174042325948225
2.1,1.0704439092954532,1.07014432335706,0.19727057214381105,0.0006335558735893752,4.066885101479145,85.40458713106204,5.403360434986771,5.4441886606433485,5.561885457803202,5.740997149007632,5.952670219203644,6.152102133165249,6.279583713923379,6.269323927794719,6.067865853729877,5.656863124930718,5.067135991460121,4.371703678164402,3.6590986360496442,3.003253887492725,2.4467965106853464,2.0016639516814974,1.6595440520592246,1.4031449648212906,1.2138156341920088,1.0752133373364823,0.9743758119307654
2.15,1.071991413851057,1.073760471030963,0.19473658645980407,0.0007190722964242888,4.066832720056232,85.40348712118087,5.435292394663327,5.477078338820733,5.5975348075968325,5.780815290699277,5.997258619575416,6.200701965482207,6.329547600221112,6.315984396199339,6.105242550485153,5.679312102028758,5.071314421138633,4.357718312870692,3.630125514502498,2.9640042719414605,2.401874068672466,1.9545853036501981,1.6125184680076683,1.3573046792976406,1.1695731311262931,1.0325696734973908,0.9331312107037817
2.2,1.0735261975101091,1.0772334073992402,0.19211574535984255,0.0008196711987073732,4.067142565788292,85.40999388155413,5.466993908760865,5.5097453938125,5.632985279131626,5.820473645978435,6.041736367201848,6.24923576670351,6.379461350972035,6.362558407008034,6.142443820574872,5.701486197526943,5.075183691807758,4.3435199429537485,3.601176212612414,2.9251071532947908,2.3576522812814287,1.908517647755982,1.5667497600908684,1.3129013611133082,1.126893532543323,0.9915755572030439,0.8935966032267953
2.25,1.0750507107892349,1.0805685278304271,0.189432552810608,0.0009372454795127833,4.067793023417098,85.42365349175905,5.498452432640401,5.542177103645745,5.668223664441248,5.859958343281277,6.086088935240902,6.297688543822153,6.429309827897714,6.409031154096362,6.179456030008325,5.72337430446646,5.078736583589016,4.3291052877257,3.5722490690478637,2.8865582163421197,2.314119647526462,1.8634391104500256,1.5222044155256074,1.2698901696685838,1.085721880913348,0.952167438976613,0.8557013324531059
2.3000000000000003,1.0765678263655003,1.0837711079297268,0.18671054084514083,0.0010737464770888786,4.06876292084504,85.44402133774584,5.529655209505359,5.574360527060442,5.703236515755564,5.899255240679614,6.130301493389747,6.346044977610478,6.479077571072176,6.455387557759795,6.216265369170578,5.744965273164426,5.081965960922114,4.314471227335094,3.5433426066249276,2.848353360805679,2.2712650056224195,1.819328426295276,1.4788499350482003,1.2282277712231562,1.0460052496124395,0.9142843097613574,0.8193777493269958
2.35,1.0780807702492745,1.0868463140087192,0.1839722613372352,0.0012311027973357133,4.070031425829582,85.47065994242124,5.560589145751532,5.606282378029844,5.738010017672165,5.938349794647763,6.174358773087913,6.394289285511583,6.528748662539862,6.5016121336929045,6.252857732270128,5.766247804898403,5.084864681584691,4.299614725885031,3.514455467388785,2.8104886458298477,2.2290774828301787,1.7761648867928794,1.4366547728790975,1.1878722625948277,1.0076926449485766,0.8778675784163994,0.7845610651688195
2.4,1.0795930618625622,1.0897992122351705,0.18123927174740118,0.0014111141658294873,4.071577956961731,85.50313709619635,5.591240703942006,5.637928917911845,5.772529876970755,5.977226946475243,6.218244950345182,6.4424051021045265,6.5783066074299175,6.547688879350662,6.289218613956037,5.787210362327433,5.0874255216772175,4.284532769389257,3.4855863611586244,2.772960246485496,2.1875464559817543,1.7339282988515854,1.395588285743995,1.1487831038459837,0.9707349175887563,0.842860959397902,0.7511892152621727
2.45,1.0811084597871146,1.092634776629471,0.17853211553657644,0.0016153196720641164,4.07338210714235,85.54102424998935,5.6215958115308045,5.66928586335911,5.806781228209864,6.015871024481836,6.261943544369373,6.490375375332937,6.627734230759754,6.593601175870583,6.325333021248634,5.807841094743177,5.089641114615151,4.269222316578108,3.4567340255574264,2.735764420365369,2.14666152085102,1.6925989511721236,1.3556206893248501,1.1109210584115248,0.9350846818917,0.8092103691512208,0.7192027321648095
2.5,1.0826309099830342,1.095357896013329,0.1758702978951341,0.0018448423709385266,4.075423578386166,85.5838951461095,5.651639784276122,5.700338308936018,5.840748554074092,6.054265661032492,6.30543733102256,6.538182277547658,6.677013588978444,6.639331704571807,6.361185399724954,5.828127776983517,5.091503902840023,4.253680261164561,3.4278971960808993,2.6988974828230163,2.1064124689654666,1.6521575872093124,1.3167230208731155,1.0742481394550776,0.900696241963427,0.7768638300366327,0.6885446275503033
2.55,1.0841644932847183,1.0979733799563949,0.17327225742872088,0.0021002155523713807,4.077682127384281,85.6313246750699,5.681357264122835,5.731070664233326,5.874415620294577,6.092393724220644,6.34870827102251,6.585807131313173,6.726125896196023,6.6848623779167236,6.396759573717424,5.848057761582916,5.0930061016143515,4.237903404744853,3.399074585244595,2.662355789827015,2.066789270821852,1.6125853837016086,1.278867107012876,1.0387275615112292,0.8675255235053211,0.7457713808498583,0.6591602816162089
2.6,1.08571336897725,1.100485963706996,0.1707553344797077,0.002381199888669187,4.080137521849102,85.68288795883115,5.710732172200132,5.76146660614291,5.907765425851575,6.130237264995949,6.391737453735672,6.633230350871687,6.7750514659851,6.730174285729109,6.432038701127711,5.867617944483874,5.0941396749069385,4.221888440042869,3.3702648702902667,2.6261357277707624,2.027782064781659,1.573863934029671,1.2420255360028687,1.0043236966901805,0.8355300107264347,0.7158849931889775,0.6309973392768071
2.6500000000000004,1.0872817112830915,1.1029003120339476,0.16833573684525405,0.0026866047363106097,4.082769508253556,85.73815967332466,5.739747678473441,5.791509047854642,5.940780170085851,6.1677774814565325,6.434505058379629,6.6804314011485575,6.823769670627206,6.775247658410593,6.467005244327533,5.886794745392027,5.094896324005102,4.2056319447136605,3.3414666893341844,2.5902337098998847,1.9893811511863895,1.5359752358889103,1.206171633920981,0.9710020348954619,0.8046686877517926,0.6871584930696866,0.6040056125026011
2.7,1.0888736357097661,1.1052210218480696,0.16602850377995182,0.0030141305319581913,4.085557792154797,85.79671363525075,5.768386190498321,5.821180127053514,5.973441239283036,6.204994702994199,6.476990335454016,6.727388777206142,6.872258920695835,6.820061849872701,6.501640959503148,5.905574104613523,5.0952674901005555,4.189130386393267,3.312678646198547,2.5546461792942567,1.9515769914501873,1.4989016829398834,1.1712794443878447,0.9387291476409678,0.7749019840824767,0.6595474873074447,0.5781369882808891
2.75,1.090493112514319,1.1074526234164517,0.16384746934230776,0.003360251766838958,4.088482032844546,85.85812268973545,5.796629364616414,5.850461216696069,6.005729216220121,6.241868397941363,6.519171612216594,6.774080008076468,6.920496668888047,6.864595343872761,6.535926907670609,5.923941498941298,5.095244372664606,4.172380140103815,3.2838993244721477,2.5193696185643657,1.9143602120563605,1.4626260602356556,1.1373237115601322,0.9074726551541159,0.7461917237554886,0.6330092942723997,0.5533453417566253
2.8000000000000003,1.0921438651470439,1.1095995799331593,0.16180522635589867,0.0037201606896326064,4.09152185456052,85.92195894577092,5.824458143751368,5.87933296257202,6.037623917015926,6.278377209258757,6.561026326951805,6.820481689862069,6.9684594429726125,6.908825788346954,6.569843491387998,5.9418819798077624,5.094817965916828,4.155377519465468,3.255127311578312,2.484400566580264,1.8777216134987444,1.4271315433143967,1.1042798661990927,0.8772011965189084,0.7185010779141412,0.6075028786839468,0.5295864541735502
2.8500000000000005,1.0938292525853446,1.1116662851727381,0.15991309249914565,0.004087790018129892,4.094656876871489,85.98779441430126,5.851852826610666,5.907775352513911,6.069104460309588,6.314499023522527,6.602531097539056,6.866569553782957,7.016122913509759,6.952730063071787,6.603370521826997,5.959380237416711,5.09397911603693,4.138118823384317,3.226361233755668,2.449735642625995,1.8416521842571183,1.3924017008825798,1.0721240146532176,0.8478844026456196,0.6917945205338327,0.5829887901478702,0.5068179352741716
2.9,1.0955521361065346,1.1136570589358947,0.1581810802972612,0.004455928152496785,4.097866767031472,86.05520210766092,5.878793173438657,5.935767822464461,6.100149374159471,6.350211078869753,6.643661830263627,6.912318575309437,7.0634620024595645,6.996284386407188,6.636487321204279,5.976420694793055,5.092718601882912,4.120600399913032,3.197599802836973,2.415371578335814,1.8061431198619047,1.3584205009902406,1.0408329305811514,0.8194928718508282,0.6660377870531176,0.5594291051507864,0.48499914983468334
2.9499999999999997,1.0973147334029973,1.1155761400113178,0.1566178730405241,0.004816432736183634,4.10113131697936,86.12375765656655,5.9052585533104915,5.9632894044600615,6.130736745916559,6.3854901174428855,6.684393874717404,6.957703130442892,7.110451038721557,7.0394644667787585,6.669172865432517,5.992987635493874,5.09102724174301,4.102818728735986,3.1688418754883325,2.3813052575870257,1.7711858469674937,1.3251723205039707,1.0103840491764169,0.7919981477899505,0.6411978356351453,0.5367873722141867,0.46409114800803974
3.0,1.099118466073323,1.1174276764371531,0.15523080886011087,0.005160538507166751,4.104430547107695,86.19304148926159,5.9312281370782545,5.990318920709491,6.160844419444648,6.4203125869898985,6.724702229753266,7.00269720432698,7.157063965774991,7.082245703694306,6.701405971009049,6.009065367925198,5.0888960279258715,4.084770523116633,3.140086525084403,2.3475337641614957,1.7367720520955223,1.2926419575050978,0.9807554635341643,0.7653726994023108,0.6172428107294605,0.5150285598743302,0.44405659912622336
3.05,1.1009638103548216,1.1192157129647722,0.15402587530683576,0.005479244372100545,4.107744837797562,86.26264159374881,5.9566811382302705,6.01683522608736,6.1904502421746175,6.454654894356734,6.764561803502342,7.04727465539736,7.203274604626122,7.124603441184734,6.733165528374061,6.024638427608836,5.086316289637839,4.066452851065638,3.111333125586443,2.3140544364119995,1.7028937143136536,1.2608146459732885,0.9519259226201601,0.7395899024066382,0.5941420085204712,0.49411900709668954,0.4248597285735493
3.1,1.1028501652135596,1.1209441758190368,0.15300771674221636,0.005763754084853508,4.111055087888196,86.33215684565211,5.981597100872737,6.042817498289558,6.2195323613507005,6.488493710398043,6.8039477271700255,7.091409534932294,7.249056971939156,7.166513273351709,6.764430781014207,6.039691816165574,5.083279882485096,4.047863273868593,3.0825814456202103,2.280864927364453,1.669543140578288,1.2296760717620245,0.9238748300684172,0.7146240217281794,0.5718658437419808,0.47402637565961403,0.4064662572912472
3.15,1.1047757560173146,1.1226168551207074,0.15217965659975974,0.006005936545204267,4.114342896645972,86.40120082956541,6.005956229644993,6.068245570465783,6.248069564297765,6.521806321164853,6.842835717515677,7.135076456961,7.29438564834317,7.207951397020317,6.795181645317992,6.054211272123532,5.0797794000136305,4.028999997930352,3.0538317494219642,2.2479632676669272,1.6367130018093403,1.199212388449753,0.8965822427618136,0.6904501940604825,0.5503858172180063,0.454719603960582,0.3888433434174578
3.2,1.1067375951114014,1.1242373856844483,0.1515437360445091,0.0061987671005887595,4.117590762447806,86.46940601140393,6.029739750664497,6.093100295379099,6.276041651632827,6.554571014119042,6.8812024765996975,7.178251007022592,7.3392361854682635,7.2488950003417,6.825399060630096,6.068183563967723,5.075808399024048,4.009862033220621,3.0250848995033794,2.2153479276228243,1.6043963670319,1.169410231198123,0.8700288678697541,0.6670444095884727,0.5296744833767744,0.43616886162438684,0.37195952551812184
3.25,1.1087315215446398,1.1258092273096552,0.15110076970580621,0.006336711355084846,4.120782287491047,86.53642803731199,6.05293028586766,6.117363923347831,6.3034298253661865,6.586767480881206,6.919026109858394,7.220910170553727,7.383585532576227,7.289322668868943,6.855065352393133,6.0815967903912505,5.071361626214934,3.990449348648478,2.9963424539440733,2.183017873342772,1.5725867322038194,1.140256726331617,0.8441960567751932,0.6443834917588968,0.5097054169029782,0.4183455042457233,0.3557846668389543
3.3000000000000003,1.1107523396555368,1.1273356460986004,0.1508504179681438,0.006416018098300173,4.123902373791723,86.60194984962618,6.075512216037046,6.141020469073784,6.330217066471839,6.6183772103406255,6.956286535557401,7.263032753443428,7.4274124554358725,7.3292147828364715,6.884164584354496,6.09444066706108,5.066435229493061,3.9707630118241353,2.9676067494289544,2.1509726110122163,1.5412780397837669,1.111739494062171,0.819065794182756,0.6224450739235766,0.4904531776750073,0.4012220276029348,0.3402899000255568
3.35,1.112794069041233,1.1288196986998487,0.15079127382110258,0.006434897402942823,4.12693739218167,86.66568523581508,6.097472001469886,6.164056036047156,6.356388469871209,6.649383838995442,6.992965851365629,7.30459975973903,7.470697912556214,7.368553872265627,6.912682869608069,6.106706774277738,5.061026933767973,3.9508052984292648,2.9388809598911902,2.119212212658489,1.5104646848509702,1.0838466417286736,0.7946206807330803,0.6012075717493298,0.4718932732133027,0.38477202076014816,0.325447571836666
3.4000000000000004,1.114850305900011,1.1302642215949559,0.15092096060375582,0.006393572252402776,4.1298753038264095,86.7273813803546,6.118798425120554,6.186459063028906,6.381931500392439,6.679773420725696,7.029048618818452,7.345594686291431,7.513425348699472,7.4073248916893935,6.940608606172187,6.118388736897456,5.055136159165332,3.9305797554951787,2.910169120362543,2.0877373169098905,1.4801415038515175,1.056566745219372,0.7708439077274898,0.5806501505316651,0.454002118073511,0.36897011765251836,0.31123118752958534
3.45,1.1169146781443138,1.131671827520767,0.1512362353272998,0.006294205292597312,4.132705713948381,86.78681999291601,6.139482722849188,6.208220456871794,6.406836132915002,6.7095345776789,7.064522025724682,7.386003693267182,7.555580864721516,7.4455153756119365,6.9679326025476005,6.1294823081765575,5.04876406039373,3.910091204009417,2.881476106841152,2.056549099355279,1.4503037429825767,1.0298888169894458,0.747719223144884,0.5607526869975883,0.4367569899709777,0.35379194703381606,0.29761535483278323
3.5000000000000004,1.1189813558108392,1.133044910752508,0.15173309089217923,0.006140714406478834,4.135419840883893,86.84381665856175,6.159518570766543,6.22933358130769,6.43109484529712,6.738658499358764,7.099375891994769,7.425815614868557,7.597153228165181,7.4831154411237275,6.994648063860824,6.139985334083862,5.04191347042346,3.8893456700523905,2.852807566027869,2.025649209432247,1.4209470049307569,1.003802260316977,0.725230889022175,0.5414957258357596,0.42013598291518617,0.33921408104862855,0.28457572772927986
3.55,1.1210455578509722,1.1343856622042028,0.15240684974886065,0.0059385000725790974,4.13801039091579,86.89821820923159,6.178901911666525,6.249794083403208,6.454702444962002,6.7671387695748235,7.133602497227765,7.46502178764766,7.638133702019134,7.520117616648176,7.020750420856135,6.149897584919089,5.0345887402096965,3.868350240388225,2.8241697937653485,1.9950396743052183,1.3920671751181617,0.9782968111073459,0.7033636314195231,0.522860432003808,0.40411795822425883,0.3252139831389997,0.2720889506264879
3.5999999999999996,1.1231039819581623,1.1356960941454535,0.15325224168865859,0.005694112853778682,4.14047134039968,86.94989814839327,6.19763062110103,6.269599558094724,6.477655729138761,6.794971020621183,7.167196228720765,7.503615694538684,7.678515689718737,7.556516495628962,7.04623700209668,6.159220456606742,5.026795478653288,3.847112847782447,2.7955695676235655,1.9647227746625266,1.363660331551835,0.9533624704816276,0.6821025854668566,0.5048285407294489,0.3886824949003284,0.31176995644358857,0.2601326038315202
3.65,1.125155082169237,1.1369780729087777,0.15426345969407862,0.005414890669524399,4.14279764038585,86.99875044810285,6.2157040369169625,6.2887490746898544,6.499953002825691,6.822152438987238,7.200153074409446,7.541592449201532,7.718294220855152,7.592308239179697,7.071106572476796,6.167956563177336,5.018540211936447,3.8256420021527746,2.767013946435378,1.9347009021225068,1.3357226453642814,0.9289894332499176,0.6614332391638891,0.48738230788264014,0.373809841356991,0.29886109420503765,0.2486851515133066
3.7,1.1271991346371824,1.1382333565162661,0.15543419013005888,0.005108593315978526,4.144984872871812,87.04468233030806,6.233122400100714,6.3072426134936945,6.521593503511742,6.848681172886511,7.232470012311865,7.578948173087411,7.75746532980893,7.627489978114042,7.0953587846952475,6.176109261390989,5.009829996125359,3.8039464939571483,2.7385100562548588,1.9049764120091188,1.308250281519981,0.9051680187425477,0.6413413803920004,0.4705044638509811,0.3594808707583192,0.2864672338632417,0.23772589343334694
3.75,1.1292380656097047,1.1394636330314372,0.15675761674880206,0.004783057129879677,4.147028898708502,87.08760687287854,6.249886273966234,6.325080480138779,6.542576801766439,6.874555712922053,7.264144370109023,7.615679340430199,7.796025402280147,7.662059186284986,7.11899360921941,6.183682163598613,5.000672027905851,3.7820351033834756,2.710064886421704,1.8755514874928727,1.2812393102238495,0.8818886108989277,0.6218130517061244,0.4541781740128126,0.34567704212836525,0.27456891638912945,0.227234921599543
3.8,1.1312750604605843,1.1406705549892098,0.15822640147716527,0.004445887029492401,4.148925541681207,87.12743637530535,6.265996017302743,6.342262773930385,6.5629022559779955,6.8997743270239695,7.295173239020584,7.651782177411586,7.833970575737825,7.696013107408733,7.142010816809494,6.190678701110483,4.991073301998243,3.7599163504983144,2.6816851196104183,1.8464280305540577,1.2546856387589242,0.8591416136870276,0.6028345167340629,0.4383870082728757,0.3323803688634485,0.2631473519718048,0.21719308262237347
3.85,1.1333140152743575,1.1418557656847186,0.15983264807569952,0.004104197507647038,4.150670349345323,87.1640773362518,6.281451381402604,6.358788980849275,6.582568593928893,6.924334625333673,7.325553020834303,7.687252196592624,7.871296274708457,7.729348312345512,7.164409582241603,6.19710179471057,4.981040358205318,3.737598316326821,2.6533770152834233,1.81760759163358,1.2285849707207217,0.8369174258590507,0.5843922404702154,0.42311492096587294,0.3195733953884931,0.2521843924688564,0.20758194598192342
3.9000000000000004,1.1353589181988646,1.1430209143583754,0.16156785688933795,0.003764409170549223,4.152258459281292,87.19742764490712,6.296251281479194,6.374657742329028,6.6015736740540785,6.94823331041442,7.3552791661954835,7.722083926662796,7.907996940868065,7.762060443520348,7.186188258971097,6.202953672192144,4.970579146993446,3.715088553729134,2.625146357655105,1.7890913438771976,1.2029327954529372,0.8152064361633239,0.5664728837323361,0.4083462409900726,0.3072391816350405,0.2416625102183908,0.19838377777349883
3.95,1.1374132478902428,1.1441676590595626,0.16342287972393166,0.0034321033207542857,4.153684582776954,87.22737623831604,6.3103937651609305,6.389866822880558,6.6199144505599286,6.971466138604454,7.3843461317616805,7.756270866422506,7.94406598686312,7.794144173362733,7.207344347273294,6.2082358494339,4.9596950237559785,3.6923940928506442,2.5969984692864974,1.7608801010975843,1.1777244059945793,0.7939990371666787,0.5490633100673382,0.39406567067252274,0.29536129405195477,0.23156478209761766,0.18958151895154307
4.0,1.139479453572171,1.1452976576979432,0.16538788344879407,0.0031119337597054165,4.154943101391431,87.25380512922004,6.323876172655701,6.404413271287534,6.637587137506264,6.994028088198882,7.412747552582445,7.789805659898152,7.979495970849478,7.825593373121485,7.227874650861524,6.212949268356828,4.948392863814541,3.6695215328074915,2.5689382825167586,1.7329743728067322,1.1529549402142654,0.773285653569414,0.5321506019553824,0.38025829093536845,0.28392380123372124,0.22187487727518787,0.18115876677288537
4.050000000000001,1.1415585483006152,1.1464125490508021,0.1674523296318462,0.0028075922246752934,4.1560282597109355,87.27659345392965,6.336695462198259,6.418293748896151,6.654587545133556,7.015913707422619,7.440476602376368,7.822680465124391,8.014278964422399,7.856401465281816,7.247775596365858,6.2170945681126994,4.936677277370321,3.6464772023619028,2.540970455226564,1.7053744462364122,1.1286194378355123,0.7530567797960551,0.5157220825597857,0.36690957000774516,0.27291127207951565,0.21257704701850286,0.17309975810321745
4.1000000000000005,1.143649819360785,1.1475139260934741,0.16960497585768408,0.0025218215542663824,4.156934431753619,87.295623066826,6.348848663875218,6.4315049878688075,6.670911550676433,7.037117603547571,7.467526502156617,7.85488747646893,8.048407073965954,7.88656192089359,7.26704367968068,6.220672457672412,4.924552897864806,3.6232673687885657,2.5130995155396008,1.6780804844490214,1.1047129058405425,0.7333030217193348,0.49976533946343654,0.3540053731558226,0.26230877462303903,0.2036561151296779,0.16538935344592573
4.15,1.1457506467095426,1.1486033040680668,0.17183390273143573,0.0022564688235986864,4.157656437890927,87.31078519570947,6.360333423301229,6.444044340594346,6.6865556640675035,7.057635032431178,7.493891135316539,7.886419557838821,8.081873072904415,7.9160688608614,7.285676001543527,6.223684157169603,4.912024717236691,3.5998984747980165,2.485330021071607,1.6510926307190077,1.0812303857309358,0.7140151382142012,0.4842682475166002,0.34153197145525044,0.25210187412090107,0.19509746795347183,0.15801302086422048
4.2,1.1478564215383762,1.1496820854967742,0.17412656906797253,0.002012569428232328,4.15818989104106,87.32198771186226,6.371148599282441,6.455910384097477,6.701517651547688,7.077462550304696,7.519565729764054,7.9172709465202455,8.114671104731631,7.9449177226934795,7.3036708572697355,6.226131878028035,4.899098444241832,3.576377385899652,2.4576667205320266,1.6244111111590749,1.0581670175208617,0.6951840792986267,0.4692189887197937,0.3294760482379791,0.24227662945927828,0.186887043276955,0.15095681927670382
4.25,1.149960564820471,1.1507515241609692,0.17646989634154409,0.0017904525418700815,4.158531552577884,87.32916260413556,6.381294882036841,6.46710354571132,6.715797182583905,7.0965986919648065,7.544547569945623,7.947437989591654,8.146797418861535,7.973105956424111,7.321028347896063,6.228019314333069,4.885780864432117,3.5527116328463078,2.4301147074260214,1.598036329123876,1.0355180965278525,0.6768010185008579,0.4546060677167212,0.3178247023310342,0.2328195873087874,0.17901131773122542,0.14420738084183765
4.3,1.1520546516883268,1.1518126900357837,0.1788503819927243,0.0015898585589193233,4.158679678649173,87.33227325163263,6.390775398622947,6.477626716323712,6.7293964654393665,7.115044639310222,7.568836701210495,7.97691987431964,8.178251100792142,8.000633713046271,7.3377509799815055,6.229352118379203,4.872080181276712,3.528909634912704,2.4026795567202113,1.571968945896318,1.0132791197998108,0.6588573776774812,0.440418321905197,0.3065654475261654,0.22371777370037857,0.17145729249412878,0.13775189229801377
4.35,1.1541286470539858,1.1528664372544675,0.18125423958217368,0.001410059983282147,4.158634336771199,87.33132107219517,6.399596270537287,6.487485815761776,6.742320834836308,7.13280484201868,7.592436586548678,8.005719311320213,8.209034755425831,8.027504486417742,7.35384421953591,6.23013833233812,4.858006317679015,3.504980890060533,2.37536743588255,1.5462099427383482,0.9914458195133629,0.6413448428937253,0.42664492546271787,0.29568620793253547,0.21495868285440592,0.16421247721500545,0.1315780752224189
4.4,1.1561712510782067,1.1539133772500083,0.18366756207853285,0.0012499785792924754,4.158397671885838,87.32635110960261,6.407767087042496,6.496690273426368,6.7545792535404825,7.149887550309461,7.615354673613541,8.033843126931945,8.239155100023217,8.053725667506578,7.3693169640320315,6.2303887472392,4.843571157099915,3.4809361184688625,2.3481851823181557,1.5207606599826065,0.9700141811648367,0.62425537034131,0.4132753868452414,0.2851753090518264,0.2065302632308096,0.1572648721837231,0.12567416525002456
4.45,1.1581703426779564,1.1549538591581816,0.18607650289814615,0.0011082932575740075,4.157974101729595,87.3174561363215,6.415301258729984,6.505253388200185,6.766184690520383,7.166305220420418,7.6376028304574275,8.061302721624505,8.268623423608453,8.079308970317612,7.3841818972346305,6.230117161587667,4.828788704871338,3.4567873473020176,2.3211403404392863,1.4956228097868092,0.9489804450539872,0.6075811817352093,0.4002995396328897,0.2750214646299519,0.19842090091836276,0.1506029488747165,0.1200288903756454
4.5,1.1601134983924402,1.1559879592974045,0.18846746784978663,0.0009835349234604434,4.157370424029018,87.30477890460939,6.4222162202481625,6.513192536091199,6.777154342799323,7.182074757923796,7.6591976129199235,8.088114355767047,8.297455874103361,8.104270693219355,7.398455695798038,6.229340515857737,4.813675153695597,3.4325479273368247,2.294241153649907,1.4707984605865239,0.928341090492335,0.5913147492299616,0.38770752698133215,0.2652137595914729,0.1906194006510774,0.14421562911641572,0.11463144855000025
4.55,1.1619885549375994,1.1570154810608562,0.19082731004655784,0.0008741661907156027,4.156595822749877,87.28851227774743,6.428533459140771,6.520529202144334,6.787509676350746,7.197217572464357,7.680160335297398,8.114299232915007,8.325673543260404,8.128631787855575,7.412159064363256,6.228078885829171,4.798248842742321,3.4082324760992417,2.2674965093038346,1.4462899930839896,0.9080928032900996,0.5754487705831283,0.3754897803603473,0.25574162962905084,0.18311496491369378,0.13809226325505777,0.10947148486562414
4.6000000000000005,1.1637841780296363,1.1580359659058104,0.19314351926198015,0.0007786453244526242,4.1556617669843705,87.26889710667179,6.434278358665682,6.527288824181836,6.797276272701633,7.211759429231958,7.700516928085847,8.139883363234418,8.353302331889191,8.15241771969591,7.425316586582442,6.22635532670303,4.782530106681108,3.383856747077621,2.2409158379258627,1.4221000296059452,0.8882324282601427,0.5599761359855885,0.3636369936679661,0.2465948382652913,0.17589717175123826,0.13222260778190076,0.10453906869716234
4.65,1.1654903982239375,1.1590487153711524,0.19540439720845626,0.0006954749410870718,4.154581803400872,87.24621787141832,6.439479855173069,6.53350044877776,6.806483481140906,7.2257300962768785,7.720297580986969,8.164897204504843,8.380372592668344,8.17565811834757,7.437956392013822,6.224195570199824,4.766541018685014,3.3594374298464067,2.214508971301839,1.3982313406182987,0.8687569095801926,0.5448898885880366,0.3521400941458988,0.23776345239419008,0.16895595200762115,0.12659680295892364,0.09982467120191692
4.7,1.1670990767799374,1.1600528232761211,0.19759921081983123,0.0006232368267840934,4.15337125072214,87.22079626516494,6.4441699237633205,6.539196213171212,6.815163890177684,7.239162801182621,7.739536184483541,8.189375093768593,8.406918563451063,8.198386230536297,7.4501096518407035,6.221627587314966,4.75030503907478,3.3349918909702483,2.1882859670736834,1.374686733875029,0.8496632227455023,0.5301831812059369,0.34099021174692246,0.22923781741890592,0.16228156676973993,0.12120535100033178,0.09531914359387011
4.75,1.1686042706307964,1.1610472165334997,0.19971831678013174,0.0005606147486130706,4.152046811639505,87.19298304442961,6.44838291812383,6.544410679164345,6.823352644699844,7.252093524101796,7.7582695975262626,8.213354497474864,8.432977618760795,8.220638202607823,7.461809928496305,6.218681038967673,4.733846588027463,3.3105378698189214,2.1622569098868247,1.3514689329151939,0.8309483024223346,0.5158492319289429,0.3301786486906852,0.22100853311801796,0.15586458577954362,0.11603909534205986,0.09101369657608745
4.8,1.1700024746042799,1.1620307024235945,0.20175325215211615,0.000506407365082443,4.150626123186166,87.16314858690949,6.452154800385326,6.549180055143375,6.831086645807171,7.264560165325402,7.776536780742497,8.236875120358958,8.458589379588382,8.242452231044476,7.473092414254019,6.215386644429775,4.7171905659382585,3.2860931464611163,2.1364317006773224,1.3285804522756424,0.8126089707177571,0.5018812813700357,0.3196968508821505,0.2130664312922652,0.14969586749852476,0.11108920146164035,0.0868998812553984
4.85,1.1712927298569125,1.1630020197789688,0.20369678787410805,0.00045953335332500725,4.1491272703312045,87.1316726769553,6.45552230356474,6.553541349210688,6.838403677498306,7.276601633292391,7.794377842904225,8.259977922071826,8.483794730414557,8.263867627683542,7.483993100686271,6.211775502410396,4.700361848099982,3.261675200331241,2.1108198462129373,1.306023476802762,0.7946418702001166,0.48827255406868103,0.3095363826664494,0.20540255607847174,0.1437665413766415,0.10634713960449954,0.08296957177660276
4.9,1.1724765985528198,1.1639598913557236,0.20554294393959438,0.0004190307232627423,4.147568289123447,87.09893407159238,6.458522072137194,6.5575314994768,6.84534150769768,7.288256902626998,7.811833052495957,8.282704095009986,8.50863479686297,8.284923850391063,7.4945479240521,6.207878401614002,4.683384781131391,3.2373008782897363,2.085430260507933,1.2837997518512256,0.7770434054731443,0.4750162261441679,0.29968890608201026,0.19800814758769258,0.1380679927067274,0.10180466964245694,0.07921494981116309
4.95,1.1735580146890776,1.164903074716346,0.20728696708126648,0.0003840520453190494,4.1459666851146695,87.06530038740806,6.4611898254858415,6.56118652680811,6.851937010477115,7.2995640913502156,7.828941866008213,8.305094056771075,8.53314993741417,8.30565954978684,7.504791931100064,6.203725156511272,4.666282707133378,3.2129860891458577,2.060271088337755,1.261910490054561,0.7598096963033649,0.4621054007362031,0.290146165389937,0.190874629258359,0.13259185025602943,0.09745382815080762,0.07562849092887935
5.0,1.1745430285040888,1.1658304091941385,0.20892527360251734,0.0003538570288278861,4.144338990310255,87.03111879651536,6.463559584887568,6.564540751233513,6.8582253522316785,7.310559602325274,7.845742020523914,8.32718650664799,8.557378798646562,8.326111678692017,7.514758505914027,6.199344000382018,4.649077538250271,3.1887455389846475,2.035349559014798,1.2403562989014258,0.7429365443323067,0.4495330921396037,0.280899977247266,0.18399359904268012,0.1273299766794766,0.09328691765678977,0.072202952781556
5.05,1.1754394664692627,1.166740856899952,0.21045536152873723,0.00032780359201481834,4.142700378029609,86.99670793862178,6.465662998152143,6.567626106633315,6.8642392778817785,7.321277367160677,7.86226873118467,8.349017588511735,8.581357476448671,8.346314704175931,7.52447869210577,6.194761062114424,4.6317893997289605,3.164592518157201,2.0106718761394866,1.219137131740194,0.7264194143887263,0.4372922189102225,0.27194222649926314,0.17735682429387223,0.12227446155313472,0.08929649789723502,0.06893136494437918
5.1,1.1762565303853294,1.1676335362066286,0.21187569742935253,0.00030533828758328634,4.141064350415328,86.96235135872189,6.467528788086154,6.570471580321732,6.870008524976353,7.331748222333443,7.878554025390765,8.370620193519509,8.605118816764731,8.366299953555217,7.533980636894448,6.1899999466282605,4.614436354354851,3.140538747014849,1.986243146510973,1.198252263245897,0.7102534304593987,0.42537560565253874,0.2632648672278343,0.17095624001483817,0.11741761673469961,0.08547537883567989,0.06580702019973354
5.15,1.177004358020386,1.168507746643045,0.21318558407847377,0.00028598670577429665,4.139442508513622,86.92829267878606,6.469182342648182,6.573102795748588,6.8755593849582715,7.341999438351729,7.894626236297799,8.392023426553394,8.628691879924908,8.386095116614976,7.543289175444126,6.185081431974059,4.597034215925239,3.1165942838151994,1.9620673490301463,1.1777002889688815,0.6944333855634973,0.4137759927407244,0.2548599284337076,0.16478394997896767,0.1127519736682304,0.08181661513343655,0.06282346701201258
5.2,1.177693564848485,1.1693629845955757,0.21438501560476908,0.00026934427584640814,4.13784441036219,86.894732617606,6.470645456877318,6.575541748677093,6.8809144227451915,7.352054414320161,7.910509669346139,8.413252251205531,8.65210158353193,8.405723917680612,7.552425566133168,6.180023289843187,4.579596454698342,3.092767495023918,1.938147342442814,1.1574791474446395,0.6789537641554733,0.402486052898022,0.24671952355958573,0.15883223014473646,0.10827028220364683,0.07831350174475948,0.059974502929700226
5.25,1.1783347827864494,1.170198949614911,0.215474526981275,0.00025506772767977477,4.13627751870048,86.86182789271007,6.4719362300031,6.57780670044134,6.886092358800855,7.361932542963629,7.926224447897903,8.434327320209604,8.675368530961148,8.42520596365921,7.561407380796654,6.174840230864292,4.5621341938433675,3.069065085668493,1.9144849092505491,1.1375861625223491,0.663808775269538,0.39149841336599933,0.23883586297707907,0.15309353375338966,0.10396551049335871,0.0749595703092126,0.057254168658986436
5.300000000000001,1.1789382084179767,1.1710155414459642,0.21645504468375165,0.0002428673542278018,4.1347472368922045,86.82969197473629,6.473069115821789,6.579912226494825,6.891108112282415,7.371649245286373,7.941786537864085,8.455264991797776,8.698509026104974,8.444556768091395,7.570248548663662,6.169543971836036,4.54465629291636,3.0454921855121038,1.8910808320666481,1.118018103054015,0.6489923943985008,0.38080568231963813,0.23120126854853104,0.1475604975126073,0.0998308455504449,0.07174858603803444,0.054656742576066154
5.3500000000000005,1.1795131709382767,1.1718128481445365,0.2173277451539235,0.00023250012742884754,4.1332570293512685,86.79839761637663,6.474055120342924,6.581869414321492,6.895972999541866,7.381216169488103,7.957207946379494,8.4760775274377,8.72153526995786,8.46378794651053,7.578959548604906,6.164143418852982,4.527169512199543,3.022052485518783,1.8679349980419018,1.0987712568207064,0.6344984120301607,0.3704004781976052,0.2238081894158159,0.1422259483144838,0.09585969409475358,0.06867454482798553,0.05217673547704005
5.4,1.180067729575858,1.1725911258406296,0.2180939273728626,0.00022376365889295767,4.131808620949648,86.7679810399426,6.47490213746609,6.58368620148458,6.900695078813773,7.39064154509095,7.972497085671453,8.496773462309404,8.744455730528518,8.482907574551366,7.587547741013718,6.158644957786955,4.5096787501094315,2.998748418187224,1.84504652660066,1.0798415154726255,0.6203204867913323,0.36027546068468114,0.21664921823924047,0.13708290999834052,0.09204568336470892,0.065731670378282,0.0498088853992709
5.45,1.1806083117793418,1.1733507708911297,0.2187549053815765,0.0002164909563450021,4.130402268205364,86.73844763231264,6.475615410437059,6.585367841524507,6.905279628704816,7.3999306797865705,7.987659289571422,8.517358135993087,8.76727567365784,8.501920696599287,7.596017827562302,6.153052841304752,4.492187344442984,2.9755813745966058,1.8224139154567967,1.0612244672306839,0.606452201215876,0.3504233621707776,0.20971710718962297,0.13212460973428813,0.08838266162443666,0.06291441112743575,0.04754815238148992
5.5,1.181139406719878,1.1740922853741536,0.2193119259501799,0.0002105459022688595,4.129037093111911,86.70977895535013,6.476198103387576,6.586917481908839,6.909729744410164,7.409086582548987,8.002697465850499,8.537834366336837,8.789997837792194,8.520829968549815,7.604372423533962,6.147369659006283,4.474697426615486,2.9525519501889956,1.800035199573392,1.0429154940529328,0.5928871182098256,0.3408370185902019,0.20300478306895972,0.12734448366198747,0.08486469814161045,0.060217436862779264,0.04538971305879509
5.549999999999999,1.1816633328030122,1.1748162371476685,0.21976611573899874,0.00020581936814479407,4.127711467950274,86.68194082695575,6.476651962821507,6.588336833713497,6.914047030820628,7.418110691440894,8.01761286204251,8.558203243647519,8.812623229899131,8.539636412787274,7.612612722859336,6.141596873916798,4.4572103159479735,2.929660210222904,1.777908117282425,1.024909869851353,0.5796188363027409,0.3315093985991235,0.1965053609906525,0.12273618146551003,0.08148608244806878,0.057635634884218113,0.04332895501167379
5.6,1.182180101502396,1.1755232160424733,0.22011846114742184,0.00020222587267678852,4.126423436163345,86.65489215943026,6.476978043199829,6.589626906897472,6.91823236555978,7.427003677952178,8.032405915307864,8.578465014832881,8.83515201214714,8.558340256449943,7.620739230098215,6.135735404259573,4.439726938359425,2.9069059644030912,1.7560302771588545,1.0072028561390387,0.5666410417442692,0.3224336300768024,0.19021215608883035,0.11829356959992421,0.07824132272331691,0.05516410562592831,0.041361470805900635
5.6499999999999995,1.182687401136656,1.176213788172594,0.22036982255572113,0.00019970069278463042,4.125171150482846,86.62859416013976,6.477177463992904,6.590788778119285,6.922286697700561,7.435766291851616,8.047077148392951,8.598620018124882,8.857584439907951,8.576941815626045,7.628752526596243,6.129786224337937,4.422248250645197,2.8842890385220947,1.7343993185132727,0.989789791235687,0.5539475554530722,0.31360302295168857,0.18411869275686085,0.11401073291405514,0.07512514316448504,0.05279815765817289,0.03948305167480027
5.699999999999999,1.183180721423537,1.1768884507775395,0.22052098281821841,0.00019819733981193228,4.123953305429941,86.60301941402876,6.477252158486629,6.591824350818446,6.926211840271198,7.444400202263634,8.06162806475728,8.61866961947124,8.879921802018522,8.59544237920968,7.636654030686425,6.123750953088786,4.404775648324496,2.861809529329044,1.7130130577014717,0.9726661689573697,0.5415323728047035,0.30501108738618754,0.1782187109544016,0.1098819744468547,0.07213248023164232,0.05053330201059896,0.03768968081016645
5.75,1.1836536315264652,1.1775475903791242,0.22057272771625236,0.00019768531877257858,4.122769537841471,86.5781602946709,6.4772055685953775,6.5927370611149385,6.930011208093577,7.452908783509833,8.076061988076638,8.63861709326868,8.902167305740635,8.613845038319571,7.644446705462438,6.117632394492633,4.387311332550954,2.8394680277284348,1.691869612107659,0.9558277027036447,0.5293896943279238,0.29665154644158953,0.1725061691909159,0.1059018132238724,0.0692584776919086,0.04836524578315266,0.03597752624653269
5.8,1.1840982107599296,1.1781914472358892,0.22052595376607798,0.0001981480942610659,4.121620767200789,86.55403611121658,6.47704323667241,6.593532479715664,6.933690448834764,7.461297790131367,8.09038478667107,8.658468385016187,8.92432684367892,8.632155402508022,7.652135664083065,6.111434991877772,4.369858610705255,2.817265795348034,1.67096749393566,0.939270371181026,0.5175139456390937,0.288518342523888,0.1669752439102207,0.10206497995565546,0.06649848043554492,0.04628988504489369,0.03434293334806185
5.85,1.1845056135590393,1.1788200890057812,0.2203817965189998,0.00019958119198456298,4.120509448270848,86.53069841368782,6.4767732465379755,6.594218761209295,6.93725791623297,7.4695758664049166,8.104605424072997,8.678232693928045,8.94640958031606,8.650382144565551,7.659728623545153,6.105165159556134,4.352422106885621,2.7952048809912924,1.6503056670892138,0.9229904427836203,0.5058997854336866,0.280605637204746,0.16162032517547248,0.09836641064620699,0.06384802710442443,0.044303297065690986,0.03278241693872329
5.8999999999999995,1.18486673160373,1.1794333961079329,0.2201417705653519,0.00020199036917733934,4.119439712543128,86.50823396340569,6.476406472886766,6.594806899126002,6.94072494160251,7.4777548430141705,8.118736284504049,8.697922821226879,8.96842830347501,8.66853732311118,7.667236164663457,6.0988314610839325,4.335007863128257,2.773288166782278,1.6298835625540762,0.9069844769274616,0.49454210108008,0.2729078044174643,0.15643600878283154,0.09480123825302443,0.06130284165488329,0.04240173197861917,0.03129265315275558
5.949999999999999,1.1851728998007611,1.1800310604905204,0.21980791114273757,0.00020538979032241504,4.118417382479413,86.48676503206767,6.4759566111484475,6.595310758206883,6.94410587323528,7.485849787704165,8.132793236899685,8.717555245223021,8.990399501422063,8.686636446790176,7.674671768927784,6.092444613894327,4.317623319830843,2.75151933885087,1.6097010507250316,0.8912493023327213,0.4834359922729542,0.26541941751264064,0.15141708519411595,0.09136478268745657,0.05885882406415765,0.040581604025790925,0.029870471119268927
6.0,1.1854165826828456,1.1806125984207725,0.21938290678551553,0.00020980014697925817,4.117449852884264,86.46644691056954,6.4754399778049985,6.59574687351043,6.947417872222023,7.493878796726505,8.146795422284903,8.737149906341985,9.012343148451102,8.704698264783325,7.682051621046343,6.0860173142972025,4.300277173875266,2.729902783728726,1.589758372746259,0.8757819741836437,0.47257674419589435,0.2581352311621863,0.1465585259395469,0.08805253958460367,0.05651204046955836,0.038839482588819675,0.028512844626225064
6.05,1.1855919760724156,1.1811773766411042,0.2188702129655411,0.00021524666290773564,4.116545845800924,86.4474627618194,6.4748750920331855,6.596134027170691,6.95068047533136,7.501862537386058,8.16076477435009,8.756729711487424,9.034282208136235,8.722744293092436,7.689394187241941,6.079563893206835,4.282979124136469,2.7084434184386765,1.5700560366805798,0.8605797140064119,0.4619597925741196,0.25105015954847976,0.14185546836041402,0.08486016838259189,0.05425871308831243,0.03717208323820927,0.027216883928871873
6.1,1.1856954662984902,1.1817246499531726,0.2182741381597637,0.00022175692918938473,4.115715057443624,86.4300162063161,6.4742820705204895,6.596492634953247,6.953914957929262,7.509823575868806,8.174725308652944,8.776319794024797,9.05624189049639,8.740798111398917,7.69671960088648,6.073099829215613,4.2657395248747,2.6871464685989146,1.550594687648421,0.8456398377044622,0.4515806837242743,0.24415925259518095,0.13730319970091945,0.08178348031178505,0.05209521029221835,0.03557625904678131,0.025979827871491442
6.15,1.185725904923431,1.1822536071817258,0.21759989609297747,0.00022935851992489563,4.11496772613694,86.41432224887573,6.4736818854076,6.596843993191765,6.957143549317248,7.5177855453769995,8.188702238356859,8.795946589436781,9.07824872325692,8.758884487609611,7.704048905780028,6.066641159452313,4.248568976372281,2.6660172137959677,1.5313749634815486,0.8309596782324927,0.4414350331129534,0.23745767213398206,0.13289714159352117,0.0788184268932564,0.050018037198821384,0.034048992397542346,0.024799036477242346
6.2,1.1856846786400206,1.1827634216928438,0.21685362078100212,0.00023807634849416174,4.1143141575152145,86.40059730781951,6.473095547923023,6.597209449565069,6.960388566513395,7.525772224414813,8.20272099056882,8.815636803914431,9.100329514774042,8.77702840329165,7.71140322059899,6.060203838040217,4.231477887796693,2.645060722277232,1.5123973485581048,0.8165365097136221,0.4315184859536233,0.23094066983284103,0.1286328359046916,0.07596108948075556,0.04802382709007168,0.032587387477240756,0.02367198413018347
6.25,1.185575578676794,1.1832533023103753,0.2160423440951007,0.0002479297383033577,4.1137642462791435,86.38904917186201,6.472543285558371,6.597609566617142,6.96367153840906,7.533806601697945,8.21680620480938,8.835416361302602,9.122510294477324,8.795254060711086,7.718802893824053,6.053803095530954,4.214476048822138,2.6242815972593276,1.4936620381540753,0.8023674793566217,0.4218266829964561,0.22460356844334947,0.12450593272748502,0.07320767025955505,0.046109333886743986,0.031188663588192923,0.022596253430130893
6.3,1.1854044980351228,1.1837225406405685,0.21517393850523447,0.0002589292012212652,4.113327032151456,86.37986767518058,6.472043777792804,6.598063344112454,6.967012389518519,7.541910001608305,8.230980792811547,8.855309411688076,9.144815314635563,8.813583949995637,7.726266715936776,6.047452849890789,4.197572243779274,2.603683754796096,1.4751688239031224,0.7884495523719984,0.4123552339482838,0.21844174749413167,0.12051218104795476,0.07055448495506612,0.044271425803208767,0.02985014934047615,0.021569529750494358
6.35,1.1851790042308048,1.1841705514548118,0.21425703008580754,0.00027107294217625674,4.113010321557733,86.37321675271241,6.4716135048286985,6.598587555668619,6.9704287415957,7.550101332751317,8.245265127041261,8.875337472808518,9.16726618515275,8.832038043351103,7.733811245204778,6.041165210861069,4.180773935427312,2.5832702485396886,1.4569170080521168,0.7747794733817307,0.4030997000012229,0.21245063402326594,0.11664742230969889,0.06799795732557323,0.04250708019621452,0.028569277713537802,0.020589596478232417
6.4,1.1849078463956864,1.184596903792565,0.21330088851428997,0.00028434314011729477,4.112820396952939,86.36922833601173,6.47126624723018,6.599196238317531,6.973935373971231,7.558396503819455,8.259676405955894,8.89551875531799,9.189881192899303,8.85063316413278,7.741450286627693,6.034950106184987,4.16408703589374,2.5630431505665374,1.4389053505710565,0.7613537458192481,0.3940555858871305,0.20662569838118738,0.1129075867965341,0.06553461534103217,0.04081337951790337,0.027343581910194342,0.01965433087012084
6.45,1.1846004565528483,1.185001341661447,0.2123153015281396,0.0002987020937811587,4.1127618242277055,86.36799830878182,6.471012754541655,6.599900353533787,6.977543862495278,7.566808028718868,8.274228220349388,8.915867698189492,9.212674832210368,8.86938255514705,7.749194543405491,6.028815042503201,4.147515771464419,2.543003490712688,1.421132049389689,0.7481686288272867,0.38521834086749174,0.20096245462671916,0.10928869248971602,0.06316108880681406,0.03918750820086607,0.026170691875313776,0.01876170042625406
6.5,1.184266495951518,1.1853837944217998,0.21131044115454145,0.00031408836469254333,4.112837357215658,86.3695845015288,6.470860581279365,6.600707618263847,6.981262396040667,7.5753448205931315,8.288930321250614,8.936394715444637,9.235657547939317,8.88829564687347,7.757051440074295,6.022764998317356,4.131062637525785,2.523151250652726,1.4035947506793884,0.7352201494804911,0.37658336726001107,0.19545646465304153,0.10578684586796344,0.06087410809550757,0.0376267502514965,0.025048331321964303,0.017909759663718168
6.550000000000001,1.18391548139912,1.1857443779524774,0.210296728161822,0.0003304130974908469,4.113047928830845,86.37400650544775,6.47081407231895,6.601622487830654,6.985095752028065,7.584012155624837,8.303788569666233,8.957106134111939,9.25883567100799,8.90737800625025,7.76502509952421,6.0168024337658865,4.11472843167648,2.5034854041943295,1.3862905836571604,0.7225041270137226,0.3681460345956015,0.19010334496199274,0.10239824402530996,0.058670503610125053,0.0361284873112037,0.023974315101305023,0.017096647171517605
6.6000000000000005,1.1835565080067374,1.1860833883674284,0.20928469986370146,0.0003475567453421036,4.113392712062253,86.38124695330731,6.470874468832043,6.602646261505755,6.989045400735796,7.592811774859231,8.318805034756553,8.97800428876756,9.282211511713285,8.926631433013801,7.773116444758512,6.010927393707993,4.098512347868777,2.4840039924956874,1.3692162131111825,0.7100162052261665,0.3599016973264438,0.18489877496249335,0.09911917748335594,0.056547205615817935,0.03469019696040537,0.022946546766485658,0.016320582839960754
6.65,1.183198068113131,1.1864012903442598,0.2082848849221115,0.00036536647049114317,4.11386923135007,86.39125385835146,6.471040101258639,6.603777276758434,6.993109703035333,7.60174208665123,8.333978200788023,8.999087731280234,9.305783569225872,8.94605416432123,7.781323391247879,6.005137677257872,4.08241211263959,2.4647042222033813,1.3523679027126712,0.6977518893137115,0.35184571413000043,0.17983850577492275,0.0959460331524066,0.05450124413214438,0.03330945107921489,0.021963016209315324,0.015579865179365715
6.7,1.1828479543785781,1.186698702080971,0.20730768737876915,0.0003836545202936035,4.114473505337147,86.40394361208008,6.471306636597617,6.6050111589628795,6.997284166891846,7.610798432914924,8.34930324363233,9.020351514672498,9.329546815963349,8.965641148747661,7.789641096359228,5.999429047817029,4.066424145531346,2.445582575476368,1.335741582936742,0.6857065839044318,0.34397346718598704,0.17491836872672217,0.09287529702048036,0.05252974865610829,0.03198391412997787,0.021021797283835204,0.014872868668723633
6.75,1.1825132290960967,1.1869763786188947,0.20636328095572765,0.00040219789008283206,4.115200204646753,86.4192042975818,6.471667351863798,6.606341097955658,7.001561732707861,7.619973387277027,8.364772342697664,9.041787515261728,9.353493020769404,8.985384355781115,7.7980622368845705,5.993795461458305,4.050543728712349,2.4266349228806465,1.3193329186960037,0.6738756298304412,0.3362803802345111,0.17013428296739339,0.08990355628857195,0.0506299475694625,0.03071134127930143,0.020121045366057088,0.014198041099933296
6.799999999999999,1.1822002408472272,1.18723519487902,0.20546151376454702,0.00042073956913140184,4.116042812046844,86.43689905298373,6.472113411936749,6.607758129296798,7.005933064289999,7.629257060294547,8.380375001628417,9.06338476499014,9.377611082602034,9.005273094303108,7.806577292155529,5.98822929667312,4.034765174520758,2.4078566325554367,1.3031373732294484,0.6622543379727617,0.32876193465716735,0.16548226186444745,0.08702750079935233,0.048799167158174006,0.029489576322804426,0.019258994828924434,0.013553900903998281
6.85,1.181914671995374,1.1874761293573857,0.20461182294686608,0.00043899161936866943,4.116993776159028,86.45686929933957,6.472634136558277,6.609251404714911,7.010386829119584,7.638637394206697,8.396098358873196,9.085129773964193,9.401887354584472,9.025294321234755,7.815174816895728,5.982721573710472,4.019081983312123,2.3892426713534305,1.2871502661119425,0.6508380192279448,0.3214136831936164,0.1609584180346462,0.08424392370948122,0.047034830229692265,0.028316549410255656,0.01843395643353898,0.012939034460609162
6.8999999999999995,1.1816616043453947,1.1877002490786244,0.20382315838704557,0.00045664025561618194,4.1180446531411565,86.47893771596428,6.473217246862202,6.61080844193042,7.014909957571895,7.648100436030426,8.411927475979633,9.107006830306156,9.426305945395715,9.045432928233183,7.823841693733462,5.977262156195752,4.003486987060029,2.3707876955467624,1.2713668243064697,0.6396220101973447,0.31423126118451317,0.15655896700479804,0.0815497214279095,0.04533445435277009,0.027190274591332175,0.0176443146516716,0.01235209340183731
6.949999999999999,1.1814455942431055,1.1879086961432404,0.20310391442781395,0.0004733529816174532,4.119186233252858,86.50291089831002,6.473849086089088,6.612415348388921,7.019487875265265,7.657630582643868,8.427845596643817,9.128998269850014,9.450848990442049,9.065671999457429,7.832563359691689,5.971839931081026,3.98797247644092,2.3524861300668043,1.2557822259320581,0.6286016945802236,0.30721039541644174,0.1522802295854034,0.0789418928863459,0.0436956497671021,0.026108847214530207,0.016888524941790876,0.011791791925231951
7.0,1.1812707516943988,1.1881026760242828,0.20246186842272706,0.0004887876930419015,4.120408650900501,86.52858166891052,6.474514812045347,6.614057016392213,7.024104705817237,7.667210794809695,8.443834373087928,9.151084711945314,9.475496889009156,9.085993036948247,7.8413240039754974,5.966442965256229,3.9725303106570613,2.3343322361451833,1.240391636896417,0.6177725204835014,0.3003469107512178,0.14811863308839038,0.07641753822961263,0.04211611701991713,0.02507044121642677,0.016165111003135647,0.011256904132789342
7.05,1.1811408205134377,1.1882834476584863,0.20190412492821608,0.0005026034963993738,4.121701477789527,86.55573103358007,6.475198560646509,6.615717288925941,7.028743443186103,7.676822779126872,8.459874058528568,9.173245259941174,9.500228505920866,9.10637615234528,7.85010673622407,5.961058638537559,3.9571520101625666,2.316320167746308,1.2251902408070903,0.6071300139812791,0.29363673477179103,0.14407071153907358,0.07397385701987703,0.0405936443880836,0.0240733063381885,0.0154726620315256,0.01074626141133641
7.1,1.1810592581386246,1.1884523153168365,0.20143706434037867,0.0005144728250641642,4.123053799366444,86.58412978669531,6.475883580845616,6.617379096461663,7.0333860938060635,7.686447138006295,8.475943665692345,9.195457666185035,9.525021337504178,9.126800224855481,7.858893725396879,5.955673753491781,3.9418288329321527,2.298444017440952,1.2101732626949606,0.5966697893032793,0.28707590068998634,0.14013310503310608,0.07160814604573185,0.03912610514076719,0.023115765303124574,0.014809829998077022,0.010258749867844285
7.1499999999999995,1.181029314791924,1.1886106222129744,0.2010662947959183,0.0005240942772248579,4.124454274970814,86.6135397743871,6.476552341665568,6.619024565437437,7.0380137891748715,7.69606348825323,8.492021091864157,9.21769846193254,9.549851642227498,9.14724302591558,7.8676663099044655,5.9502746228728265,3.9265518351033726,2.28069785246161,1.1953359871138454,0.5863875560324577,0.2806605487528701,0.13630255837967825,0.06931779681919698,0.03771145469172138,0.0221962109847002,0.014175326968750679,0.009793307830737856
7.199999999999999,1.1810541123245992,1.18875974580248,0.20079660617007633,0.0005312054738767388,4.125891182157387,86.64371482530514,6.4771866121318515,6.620635099200996,7.04260686963955,7.7056505489362,8.508083211061539,9.239943052681522,9.574694536497764,9.167681311100834,7.876405079681014,5.944847135500387,3.9113119168409534,2.2630757416713467,1.1806737711579347,0.5762791236684375,0.2743869263649589,0.13257591915786404,0.06710029283374758,0.036347727683463456,0.021313103589697065,0.013567922479296295,0.00934892342579654
7.25,1.1811367235723944,1.1889010947340166,0.20063192500860083,0.0005355951555623989,4.1273524455637185,86.67440135683809,6.477767514766013,6.622191432061744,7.047144939982766,7.71518619907096,8.524105933767958,9.262165779275003,9.599524055933102,9.18809087967374,7.885089930758863,5.939376801299455,3.896099854185071,2.245571774110691,1.1661820528882783,0.566340403877249,0.2682513871189227,0.1289501352969069,0.06495320664603392,0.03503303503875907,0.0204649678766274,0.012986440976981763,0.008924632232952538
7.3,1.1812802534637044,1.1890361074306823,0.20057526921923596,0.0005371137188236813,4.1288256505270695,86.70533866106847,6.478275553015738,6.623673656808452,7.051606897108928,7.724647505322718,8.54006423430695,9.284339944746504,9.624313182052802,9.208446601817105,7.893700092610989,5.9338487759967045,3.880906317489853,2.2281800696839293,1.1518563555927954,0.5565674107055439,0.26225038890106306,0.12542225227494433,0.06287419683383197,0.03376556100841461,0.019650390425303487,0.012429759337635581,0.008519515028266771
7.35,1.1814879235684574,1.1891662523052506,0.2006287013153738,0.0005356814459950987,4.130298041408874,86.73625886958636,6.478690612587055,6.625061225631452,7.055970929688319,7.734010719454061,8.555932145422744,9.306437806331745,9.649033833771583,9.22872241308041,7.902214128098633,5.928247865652934,3.8657218768479504,2.210894782416018,1.137692288226678,0.546956258991784,0.25638049121105044,0.12198941001484737,0.060861004873259864,0.03254356023850562,0.018868016969703052,0.011896804464020588,0.008132695613614252
7.4,1.1817631622986253,1.189293029646674,0.20079327894352517,0.000531293806320405,4.131756504262353,86.76688658950941,6.478991936103178,6.6263329238361965,7.060214489033799,7.743251244613006,8.571682718942633,9.328430531333813,9.673656822339472,9.248891274877792,7.910609905291615,5.92255851079807,3.850536994631891,2.193710096555519,1.123685542292739,0.5375031611586548,0.250638351808578,0.11864883954067487,0.05891145196947555,0.03136535487486204,0.01811654980294513,0.01138655096938046,0.0077633387351223855
7.45,1.1821097036183446,1.189417975258648,0.2010690013292482,0.0005240233952554099,4.133187533065636,86.79693819437834,6.479158069820502,6.627466815026382,7.064314229732902,7.7523435687372615,8.587287950500425,9.350288114569507,9.698151767397322,9.268925098978114,7.918864539693793,5.916764749410636,3.835342004954966,2.17662021561411,1.109831885323135,0.5282044225197823,0.24502072277261694,0.11539785944364037,0.05702343586687868,0.030229331717839442,0.017394745260259477,0.010898018948123016,0.0074106480901487614
7.5,1.1825316979418579,1.1895426659865203,0.20145475013324443,0.0005140183169102815,4.134577178216928,86.82612074255547,6.479166780249121,6.628440155532176,7.068245917598498,7.761261162302828,8.602718665149228,9.371979253888965,9.722486970565859,9.288794632772523,7.926954304466042,5.910850157321167,3.820127079449422,2.1596193442128326,1.096127151012349,0.5190564351787709,0.23952444603145082,0.11223387219227718,0.05519492765716487,0.02913393943605423,0.016701411283240906,0.010430271833984888,0.007073864421526267
7.55,1.1830338399568578,1.1896687273395474,0.20194822300734216,0.0005014970799362466,4.135910975319602,86.85413048171164,6.478994937402091,6.629229274710434,7.071984301277671,7.769976336305374,8.61794435921629,9.393471178673636,9.746629241376931,9.308469300622603,7.934854505038836,5.904797763781861,3.804882178257261,2.14270166233977,1.0825672259224433,0.5100556705381046,0.2341464483930096,0.10915436030738515,0.053423968596275476,0.028077685843761628,0.01603540506636834,0.009982414344616903,0.006752263696909902
7.6,1.1836215195033943,1.1897978435060035,0.20254585786238266,0.000486740343828795,4.137173851431173,86.88065088005465,6.478618359964136,6.629809416276783,7.075502942293452,7.77846005464558,8.632932991857137,9.414729424175315,9.77054366828354,9.327916994686118,7.942539312969285,5.8985899388816305,3.789596984500356,2.1258612912996875,1.0691480325297236,0.501198670367353,0.2288837360743452,0.10615688240797362,0.05170866693416434,0.02705913524280163,0.015395630784669843,0.009553590510292927,0.006445155370297482
7.65,1.1843010034984887,1.1899317701751326,0.20324274548470456,0.0004700800940757905,4.138350004852144,86.90535010189502,6.478011615828283,6.630154533943461,7.078773996279524,7.786681692875267,8.64765071731753,9.43571754191703,9.794193324803574,9.34710380615304,7.949981551916587,5.89220824812485,3.774260819701566,2.109092250234172,1.0558655081990265,0.49248203630124915,0.22373338869515857,0.10323906911926409,0.050047194754124544,0.02607690582640314,0.014781037399453799,0.009142981783326804,0.006151880722130161
7.7,1.1850796594137418,1.1900723507312727,0.20403252763517798,0.00045188701738827603,4.139422753105871,86.92787781522328,6.477147769060128,6.630237032190273,7.0817679355521355,7.794608732381825,8.662061545723235,9.456396732932552,9.817538897355103,9.365993684613336,7.95715242603524,5.885633267732709,3.7588625366101898,2.092388401583649,1.0427155794463903,0.48390241754406926,0.2186925526613622,0.10039861881717564,0.0484377848108649,0.025129667138460647,0.014190616537112517,0.008749805223726296,0.005871811273769771
7.75,1.1859662342543253,1.1902215365840922,0.2049072770941649,0.0004325569753897677,4.140374341892756,86.94786117974787,6.4759980612198955,6.630027439790012,7.084453199733009,7.802206375308383,8.676126916026842,9.476725386090727,9.840538216739187,9.38454800905491,7.964021177706015,5.878844351925905,3.743390384563139,2.0757433832119414,1.0296941305666654,0.4754564964410098,0.21375843381832024,0.09763329316461941,0.04687872734818054,0.02421613757797867,0.013623400434028654,0.008373311755553598,0.005604347271555037
7.800000000000001,1.1869712077275263,1.1903814126622712,0.20585735522321968,0.0004124975284722278,4.141185705327611,86.96489981187983,6.474531510829696,6.629493999464772,7.086795756592062,7.80943706049496,8.68980515917921,9.496658497734142,9.863145669112994,9.402725048382402,7.970554657043989,5.871819340406699,3.727831840774844,2.0591505240655814,1.0167969653369062,0.46714097143110306,0.20892828919629705,0.09494091237206224,0.04536836686736865,0.02333508193395825,0.013078459938441783,0.008012784487320788,0.005348916235007542
7.8500000000000005,1.1881072448558625,1.1905542294507747,0.20687124142283153,0.00039211544323468844,4.141836164458848,86.97855945363581,6.472714409234832,6.628602151373511,7.088758549198865,7.816259854016354,8.703050822142925,9.516146940797142,9.885311454100497,9.420479281831932,7.976716779624186,5.864534190196657,3.7121733986358025,2.0426027391182418,1.0040197600273941,0.4589525367073582,0.20419941759814975,0.09231935008640271,0.04390509880576286,0.022485308930740775,0.012554902557592078,0.007667537088429243,0.005104971563030982
7.9,1.189389782433739,1.1907424434288232,0.2079353272717519,0.0003718060395358301,4.1423030465999435,86.98836397859881,6.47050968363715,6.627313880473794,7.090300797266369,7.8226296788327465,8.71581381329945,9.535136540667605,9.90698064660753,9.437760539497685,7.982467840763471,5.856962510509928,3.696400300990141,2.026092397849493,0.9913580053156299,0.45088785766127165,0.19956914868508685,0.0897665277758171,0.042487366069914004,0.021665668757288627,0.012051870535332241,0.0073369122120444065,0.004871991191050442
7.95,1.1908377965230768,1.1909487684156872,0.2090336659902583,0.0003519451189558076,4.142561201924612,86.99378524041686,6.467876087921016,6.625586887388497,7.0913771094096365,7.82849633574035,8.728038316097175,9.553566900209177,9.928092003812335,9.45451290934782,7.987763643668466,5.849074971897314,3.6804962021452923,2.009611158478451,0.9788069338428718,0.44294354085703663,0.19503483009164813,0.08728040843057863,0.04111365534870276,0.020875050545484945,0.011568538941402542,0.00702027995272638,0.004649476290879066
8.0,1.19247481619459,1.191176241224001,0.21014766497444626,0.0003328840961312223,4.142582385447439,86.99423009439623,6.464767167984161,6.623373528149511,7.091936347754009,7.833803250914357,8.739661398998507,9.571369895996243,9.948576438093662,9.470673338124675,7.992554383639254,5.840838550702101,3.664442736603151,1.993149757408336,0.9663614289912998,0.4351160968327899,0.1905938119338277,0.08485898933638496,0.039782493106221076,0.020112379751487813,0.011104113748316432,0.006717036324408593,0.00443695000355648
8.05,1.1943302742568696,1.191428306254554,0.21125570521460446,0.0003149488670299691,4.142334461021238,86.989023681446,6.461129929114119,6.620619448534148,7.091920165245647,7.838485862029949,8.750611223853232,9.58846773969776,9.968355048060234,9.486169827312454,7.996783209650607,5.832215555813542,3.648218964569014,1.976697739542318,0.9540159088704412,0.427401893415725,0.18624342784747083,0.08250029359110327,0.03849244112008911,0.019376615379390127,0.010657829864784809,0.006426601740653694,0.004233956193313013
8.1,1.1964413222639265,1.1917089253857462,0.21233266603309886,0.0002984429429970263,4.141780368023954,86.97738772850303,6.456903106345444,6.61726181142901,7.091261106750751,7.84246952257908,8.760804718796823,9.604770459466055,9.987336560086161,9.500919088915708,8.000384355634583,5.823162365191606,3.6318006532982223,1.960243109881062,0.9417641773092472,0.41979709639872403,0.18198097138352662,0.08020235991905142,0.03724209138442671,0.01866674696638245,0.010228949085084144,0.006148419474129916,0.0040400582079482845
8.149999999999999,1.1988552900632847,1.1920227219249129,0.2133493261775925,0.00028365552259208474,4.140876769076524,86.958412150607,6.452014901533473,6.613226977508831,7.08988012409535,7.845666758711181,8.770144531339112,9.620172601460576,10.005413977065926,9.514823474751589,8.003280693187458,5.813627772340149,3.615159337978243,1.9437718794921053,0.9295992306007841,0.4122975932621299,0.17780366615728266,0.07796323017590137,0.036030060132813124,0.01798179122107119,0.009816757900688563,0.005881954065381314,0.0038548376269428924
8.2,1.201633048179224,1.1923751708109727,0.21427160204655848,0.0002708755643746205,4.13957226560065,86.93101757761364,6.446379998399516,6.6084274456951455,7.087683297428304,7.847973648987264,8.778515006078763,9.63454887431363,10.022460152396478,9.527766920823748,8.005380500061065,5.80355080436768,3.598261084180413,1.9272674686347329,0.917513004461598,0.40489889399229195,0.17370862754799005,0.07578093371252552,0.0348549806475463,0.017320788168250747,0.009420565102255715,0.005626689641372166,0.003677892973054893
8.25,1.2048536486432493,1.192772852167386,0.21505956947525817,0.0002604137302704745,4.137805022995127,86.89390548289767,6.439895591922086,6.602757783058915,7.08455747283974,7.849265006151025,8.78577682974387,9.647748348867049,10.03832189470993,9.539609545245876,8.00657315682912,5.792857818235467,3.581064843003778,1.9107099151355869,0.9054960395700128,0.39759600072971296,0.16969281289307736,0.07365346744766235,0.03371549439549784,0.01668279659914462,0.009039699074231956,0.005382128090668088,0.0035088383552231302
8.299999999999999,1.2086208006306227,1.1932237924540021,0.21566619522188546,0.00025263559875803195,4.135499581970139,86.84549122137291,6.4324360600589685,6.596089162654339,7.080364406789363,7.849387907812598,8.791759838867565,9.659586665396658,10.052812045817493,9.550180388704545,8.006723365285112,5.781458602024992,3.563520245257981,1.8940748148498816,0.8935370352289785,0.3903832346289827,0.16575295589059116,0.07157877003965926,0.03261023984898533,0.01606688854774388,0.008673504647005571,0.005147787022387029,0.003347301999077048
8.35,1.2130720236379715,1.1937379280742306,0.21603567521663436,0.0002480124022457832,4.13256253633134,86.78381326295815,6.423845746013433,6.588261963883115,7.074932831896768,7.84815292797881,8.796253267995235,9.66983546429596,10.065698733661607,9.559267565793666,8.005663306692485,5.769241090298951,3.5455646149413123,1.8773318896677837,0.881622247686992,0.3832540033689638,0.1618854791075789,0.06955468786900794,0.031537838081374996,0.015472142397924707,0.00832133931621887,0.004923197406759164,0.0031929246041983673
8.4,1.2183917888759312,1.1943277423942598,0.2161012342541042,0.00024720096115382904,4.1288766123177725,86.70640885867321,6.413929078439807,6.5790756429577835,7.06804759332956,7.845322127421435,8.798992388461638,9.67820789984513,10.076690638968698,9.566604762545687,8.003181893179905,5.75606412482514,3.527118882450451,1.860443031121241,0.8697346699810763,0.3762004852733573,0.15808637574261666,0.06757892951477348,0.03049687381920149,0.014897634049711119,0.007982568554566397,0.004707900750402673,0.0030453574410208573
8.45,1.2248307501548785,1.1950091522292352,0.21578217872923844,0.00025117512746550584,4.124292459735345,86.61014165444226,6.402436884293704,6.5682746987220515,7.059434594394275,7.840592405897899,8.799639980232493,9.684338544942092,10.08541655193743,9.57185249957429,7.999009855125168,5.741747416217988,3.5080819230721647,1.843359594030046,0.8578528995878442,0.3692131943610228,0.15435104750427225,0.06564900380168012,0.02948586999436119,0.01434242529664362,0.007656559809003514,0.004501445589000496,0.0029042600588229427
8.5,1.232734551885227,1.195802760193224,0.2149798977165922,0.00026145290849245614,4.118617106135157,86.4909592288383,6.389047154451579,6.555528949154418,7.048739634812081,7.833572093337129,8.797760269467055,9.687755114166373,10.091396597642108,9.574571756426757,7.992798751617679,5.726057421247982,3.488322598451537,1.8260185966841556,0.8459495511096726,0.3622803719380675,0.15067407856601894,0.06376213390324338,0.028503252808241463,0.0138055481185015,0.007342674561398714,0.0043033829655444835,0.002769297408764302
8.55,1.2425882422292704,1.1967356564576572,0.21357235613268344,0.0002805107927884779,4.111597431919504,86.34354607030959,6.373337540113265,6.540405326419435,7.035498143064152,7.82374745809266,8.792781626745422,9.687837977925899,10.094001025527469,9.574186190915235,7.984090906436811,5.708687120849264,3.4676683679754916,1.8083372883345872,0.8339889896772715,0.3553871191913883,0.14704891404316497,0.06191513565382416,0.02754730259131422,0.01328598284215955,0.007040257469322997,0.0041132603694211635,0.002640136072034545
8.6,1.2550872412984257,1.1978440698794555,0.21140637628710834,0.00031258583670234564,4.102896002776514,86.16081605830678,6.3547451683310685,6.522326665067486,7.019090942580222,7.810433747673516,8.783942019572853,9.683760937749371,10.092389905757221,9.569926842663028,7.97227540343236,5.689226425597201,3.445888627882719,1.790205206358765,0.8219240195107579,0.3485141311823719,0.1434673914141095,0.06010424067343995,0.026616082724373494,0.012782626809046927,0.006748620970628006,0.00393061327316383,0.0025164390830846243
8.65,1.2712560575303182,1.1991773806505794,0.20828658147079793,0.00036533549002775904,4.092054746713293,85.93314968097916,6.332506307899225,6.5005098220717965,6.998677823615889,7.792701645908352,8.770207049766121,9.67440220530595,10.085422456446798,9.560748966096645,7.95652189044142,5.667117653859443,3.4226696483236765,1.7714722299794543,0.8096909046997209,0.3416357939150127,0.13991903666240724,0.05832483106339107,0.02570733334212659,0.012294247767601645,0.006467022567850412,0.0037549527784958,0.0023978584677845868
8.7,1.2926591807057666,1.2008044188918132,0.20395911022293234,0.00045354813080720997,4.078438391924069,85.64720623040546,6.305562515117007,6.473869413771304,6.973094191817539,7.769262828919599,8.750142372755631,9.658205790979686,10.071515811585687,9.545202443736017,7.935677400679045,5.641586114263899,3.3975754840056465,1.7519299426850452,0.7972015985497607,0.3347172136314696,0.13638996527706965,0.05657102529811781,0.024818305648012566,0.011819411445978966,0.006194629706148361,0.0035857466484963832,0.002284023884298869
8.75,1.3218061672687684,1.2028238416317043,0.19808671763202668,0.0006082380003477681,4.061142099173942,85.28398408265278,6.272407524929152,6.440860773196052,6.940682447901008,7.7382832208501515,8.721705475102457,9.632955216409735,10.0484143746991,9.521220066605528,7.908097691112836,5.611526561610214,3.369983990293769,1.7312810990112693,0.7843310007067852,0.3277093399944323,0.13286107622354096,0.05483499721572449,0.023945489442994048,0.011356362581620134,0.00593046222924538,0.0034223883547540176,0.0021745241824119876
8.8,1.3630055678899156,1.2053823829199235,0.19020869043819744,0.0009016027623968185,4.038830535289149,84.81544124107212,6.230820756817979,6.399206607025658,6.89899848520047,7.697057924664581,8.68188317385599,9.595379480296588,10.012788058120748,9.485748555912583,7.871353097351343,5.575304991814605,3.338974999694686,1.7090861858342763,0.7708946177794294,0.3205404009980846,0.1293048741622606,0.053105775777554626,0.0230841323626171,0.01090281493368055,0.005673290880001932,0.003264142573539582,0.00206887501544805
8.85,1.4243287784320788,1.2087097924441472,0.17967150511060836,0.0015260044568450365,4.009432835221314,84.1980895396476,6.177362627248516,6.345379341472604,6.844255866149509,7.64139561757588,8.626005086455894,9.540406686614524,9.959471028069222,9.434049040655355,7.821670422119964,5.530382137015357,3.3031175907000887,1.6846615782581034,0.7566059002630812,0.3130995086162601,0.12567937285663278,0.051366937427855704,0.022227313885868735,0.010455546337699535,0.005421441465605814,0.0031100400459595137,0.001966456413637993
8.9,1.5222312427891032,1.2131923670635503,0.16549732145752571,0.0030950046298363226,3.969508203224454,83.35967226771353,6.1063260057165145,6.273525634282513,6.770171010945433,7.564339468869318,8.546317019133316,9.459612747563913,9.879878900472605,9.358241799691521,7.7527709459284955,5.472528759101736,3.260026134732908,1.6568666697159422,0.7409869155329251,0.30520226956387836,0.12191528327451188,0.04959174829752597,0.021363993182402907,0.0100095440649205,0.00517238126175316,0.002958655465513995,0.0018663809158901428
8.95,1.6900480879083348,1.2195377562182144,0.14611193245103493,0.008117385709392605,3.912852035728492,82.16989275029833,6.007436595107489,6.1731074753051685,6.665429726564323,7.453360001147169,8.428848546142115,9.337813284056164,9.758529335969124,9.244105316714291,7.653313117682657,5.394097833303759,3.2053824065046292,1.62363487030531,0.7231715170358243,0.29651500962126714,0.11788778612518358,0.04773246356487175,0.020474710171271324,0.009556123441289206,0.004921808914849453,0.0028076189537403822,0.001767203667847763
9.0,1.9716501986035047,1.2291081274062245,0.11879095382587224,0.031082103002597054,3.8278213669421928,80.38424870578605,5.861463273241995,6.02439783434408,6.508844759389798,7.28498152645323,8.247405908738584,9.146515649645647,9.566346231340802,9.064909801342878,7.501964948187829,5.280698106227802,3.131056758628383,1.5810753995907492,0.7015299740966879,0.2864109803076051,0.11336325372543062,0.045700239632783364,0.01952355691391051,0.009079430663025648,0.004661969592545537,0.0026527147260234185,0.001666388996270553
9.05,2.321464357879532,1.2441215142521183,0.07899641279795944,0.19002917124397473,3.6965460159435017,77.62746633481353,5.639065333050504,5.7972875195760425,6.268041461978116,7.023270459835058,7.9618109058603475,8.841920923683894,9.258549958857975,8.779438732117162,7.265825232786214,5.110155470810384,3.0245527226297364,1.5232301076796153,0.6735793264783821,0.2739413327016752,0.10799060128056691,0.04336266854936438,0.01845749308048718,0.00855626267894273,0.004381617200034037,0.0024878825379687497,0.0015603214410669739
9.1,2.564440305045477,1.2658054267458971,0.021684649633158415,0.8046740392041177,3.512626708382656,73.76516087603578,5.330360895329878,5.481588591679964,5.931919914694838,6.655662876815155,7.557691246821349,8.408009256473635,8.818470467127387,8.372207929775032,6.9325705564892255,4.874313824193016,2.8814347238122267,1.4480961576424731,0.6385437513539367,0.2588350688894417,0.10167933073908203,0.040689145910611235,0.017265511075652808,0.007982254753820764,0.004078802687789489,0.002312134756413433,0.001448435014856257
9.15,2.6711384235138578,1.2917264149345644,-0.05489861931559048,0.4390715518848169,3.301994743615415,69.34188961592372,4.979122092790531,5.122127282400852,5.548394797772351,6.234864357422608,7.0933460061873825,7.9076500550474895,8.309828028114797,7.9016154240439835,6.548918990575029,4.604979659280517,2.719961798877647,1.3646076170008816,0.6002641579238298,0.2426097562092641,0.09500940733536635,0.03790472785844063,0.016039850614610024,0.007398427892892609,0.0037736121487070102,0.002136346586841379,0.001337219839693893
9.200000000000001,2.7133284437187064,1.3189019871232446,-0.1496403376838522,0.0068134704869003936,3.091725406436609,64.92623353516879,4.630414796873488,4.7651011466957485,5.166989613437446,5.815590736300386,6.629619974060957,7.40681189758608,7.79978235470863,7.429362939067129,6.1642060792779345,4.335600742752886,2.559179469110431,1.2819739589830068,0.5626420133020265,0.22678158719643057,0.08855037407871215,0.03522672871739687,0.01486818886298785,0.006843229386659689,0.003484643997078652,0.0019704856483239185,0.0012325751250472263
9.25,2.7312393130315007,1.3459458373416209,-0.2608264546844623,2.642105954880375e-05,2.8927541891384587,60.747837971907636,4.3021619567025216,4.428903507462749,4.80748416965243,5.419799596871781,6.19106823672769,6.932268465162666,7.315719064544332,6.980680971703291,5.798605633247555,4.079805632774933,2.406788572399257,1.203873974350189,0.5272100362537812,0.2119338739231227,0.08251601474848211,0.03273450552457772,0.013781615620447062,0.006329886997143387,0.0032181081920515464,0.001817785508028354,0.0011363635406080235
9.3,2.739658298385697,1.372359286003904,-0.38678906307217886,4.86091913147698e-08,2.7078569271902944,56.864995470996185,3.9986879307910996,4.1179891213441815,4.474720782724986,5.052952318265623,5.783911318626519,6.49092467044366,6.864803878165679,6.56222665529117,5.4574388764707225,3.8411481858102325,2.26474720504442,1.1312045605951415,0.4943192342179956,0.1981889589345206,0.07694611336456988,0.03044063583791086,0.012784099232456866,0.005859650428769416,0.0029743776695851996,0.0016783284002400616,0.0010485693367017672
9.350000000000001,2.7440623786809746,1.397968585172164,-0.5259858218647508,4.6142296440298e-11,2.5370726431096577,53.27852550530281,3.7198023742125885,3.832181988243776,4.1685693765337195,4.715002695640809,5.408226614187394,6.083004138074077,6.447381910525107,6.174378941351397,5.141003936472114,3.619779937926534,2.1330812408319098,1.0639322910573965,0.46392874730739775,0.18551792929827743,0.07182405699907374,0.028336341289914094,0.011871054696676788,0.005430043624156731,0.0027520334121565243,0.0015512406390043808,0.0009686129793353318
9.399999999999999,2.746671397670502,1.4227193682476071,-0.677003047755111,2.425502972350042e-14,2.3795845779622615,49.97127613720749,3.463933516916793,3.5698870363123696,3.887369569248342,4.404198627936717,5.062174370664451,5.706629604314734,6.061639827733898,5.815521732304741,4.8480012560823,3.4147736803992625,2.0112088065954365,1.0017350374659997,0.4358784442046663,0.17384699269158596,0.06711701568710092,0.026406923293761736,0.011035620539104236,0.0050376410361432766,0.002549219565452322,0.0014354254777614356,0.0008957887368616161
9.45,2.7484619294847747,1.446604845590629,-0.8385474145534566,7.532002526422171e-18,2.2343422422826946,46.92118708793659,3.2291571447553764,3.329145324565136,3.62906302595878,4.118335200226606,4.743393879706399,5.359339844623506,5.705153137298596,5.483467527987856,4.576672820215108,3.2248957958623325,1.8983796918870992,0.9442141358611795,0.40997864394744965,0.163092285939968,0.06278900144209959,0.02463674312827991,0.010270668751432694,0.004678950130149926,0.0023640712696069667,0.0013297930878671837,0.000829401291762071
9.5,2.7498871022672424,1.469638482024386,-1.0094351866074973,1.4659853679792603e-21,2.100277949494552,44.1058369393856,3.0135504037873577,3.107997158578049,3.391584028391225,3.8551884044988802,4.44948873937083,5.038619125183574,5.37542822355687,5.175957423142846,4.325202635767198,3.048877459865511,1.79382910629304,0.8909681750783366,0.3860410463279876,0.15317173859893948,0.058805258459258,0.023010870433469274,0.009569459204449588,0.004350693933837114,0.002194849428451215,0.001233331919641722,0.0007688075658417393
9.549999999999999,2.751160346501947,1.491842570509306,-1.188581379340679,1.8880760692296612e-25,1.9763836105143042,41.50405582080039,2.8153140878921445,2.9046078179911246,3.172995386090927,3.6126671921007043,4.178198463512509,4.742086074380336,5.070097147519266,4.890841700340006,4.091861611058363,2.8855124895404787,1.6968327268307875,0.8416190592541141,0.3638894411214785,0.14400907209044178,0.055133693997215155,0.02151559930662937,0.008925835344853715,0.004049891414567351,0.0020399771013336946,0.0011451269941670794,0.0007134269189422759
9.6,2.7523768885523294,1.513243067274322,-1.3749897218794729,1.691273174259595e-29,1.8617354147750929,39.09644371027695,2.6328092615591467,2.71730540251774,2.97152993728032,3.3888608763731325,3.9274532560593847,4.467555351124617,4.786982451304124,4.626140640870672,3.8750565060718496,2.733690157514817,1.606724778726526,0.7958202546128331,0.34336290427934707,0.13553489452504605,0.05174522423661659,0.02013855251661988,0.008334254435514046,0.0037738655360378777,0.0018980409765858046,0.0010643594895586091,0.0006627402664653093
9.65,2.753568344147774,1.5338671070457177,-1.5677436913381406,1.1030990115161563e-33,1.7554980910090354,36.865459911189745,2.464560770048862,2.5445846779767356,2.7855954303961896,3.18204578890004,3.6953830881690117,4.2130493324423774,4.524110680239905,4.380057948647604,3.6733408881232483,2.592402271440149,1.5229015373760324,0.7532580523992799,0.3243160749546881,0.1276866801481305,0.04861370933060557,0.018868632292112303,0.007789757239738602,0.0035202253202134127,0.0017677805134495438,0.0009902998286786214,0.0006162854026940254
9.7,2.7547266003448962,1.5537417303914915,-1.7659986225765536,5.464662728738172e-38,1.6569212002198148,34.79534520461611,2.3092481607865376,2.385097973096865,2.6137653882241767,2.9906762218368517,3.480308998677291,3.976790190097432,4.279705635710857,4.15097535107363,3.4854109686447368,2.4607400357360287,1.4448190815357629,0.7136501115399534,0.30661831618551094,0.12040833278483973,0.04571574005250514,0.01769591778763535,0.007287917578019873,0.003286839683342618,0.0016480733780810748,0.0009222989123942552,0.0005736512936624944
9.75,2.755811360722949,1.572893162896411,-1.9689747865565899,2.1379225316525134e-42,1.5653326767326197,32.871986211385014,2.1656925244153857,2.237641859457579,2.4547653474191042,2.8133700877401053,3.2807282913362985,3.7571850977714796,4.052174411135545,3.9374404273325734,3.310095983913801,2.3378872485615005,1.3719890199307225,0.6767430717930654,0.2901525124155285,0.11364962346347328,0.04303038403537319,0.01661155005866236,0.006824788094981087,0.0030718101613519833,0.001537920598336963,0.0008597793284018051,0.0005344724217437469
9.8,2.756746429822251,1.591346315121692,-2.1759512883905927,6.847851484590516e-47,1.4801319208235164,31.082770337293844,2.0328429411163724,2.1011434016109973,2.307458560558945,2.648893859148166,3.0952987658417617,3.552810211963319,3.8400920259571505,3.7381530568168344,3.1463474542915444,2.2231127726222852,1.3039738546990038,0.6423100322805351,0.2748138348505178,0.10736562809678336,0.040538937731110725,0.01560762168601786,0.006396848969880272,0.0028734454033051164,0.0014364327985750454,0.0008022272513762772,0.0004984235993653612
9.85,2.757404553442512,1.6091243041716534,-2.386260618187091,1.8567150670154394e-51,1.400783547250437,29.416454492259177,1.9097642308451,1.9746477268739993,2.1708330615359586,2.4961489312909797,2.922824425827166,3.362396145207229,3.6421874922372823,3.5519531407586347,2.9932294654347245,2.1157637328244516,1.2403827991302698,0.6101482811764068,0.2605086322888869,0.10151622370268656,0.038224704882688525,0.014677078512893725,0.006000962393104728,0.0026902385923620723,0.0013428180412227374,0.0007491853010561488,0.00046521540206980524
9.9,2.7575756374095732,1.6262478303522483,-2.599283666294884,4.395502648787372e-56,1.3268124597274917,27.863061654277328,1.795626967770125,1.8573079078794745,2.043991185961539,2.3541606608132466,2.762244122567833,3.1848165911578605,3.457333079918931,3.3778112770046,2.849911341977893,2.0152603711581545,1.1808685689792109,0.5800775172756967,0.24715354310926,0.09606567736749189,0.03607281312115784,0.013813637438675972,0.005634334208161536,0.002520848329385172,0.0012563714999921929,0.0007002464631797833,0.0004345902754599866
9.95,2.7569052710212345,1.642734200155217,-2.8144449627906525,9.350618895145267e-61,1.257800922076716,26.413819363611033,1.6897006631460507,1.7483780960925064,1.9261425876917615,2.222071292573626,2.6126245703894058,3.0190817656417273,3.284538582739336,3.2148241267547606,2.715664145780233,1.9210935343987707,1.1251256901700695,0.551938812701582,0.23467492602367646,0.0909823621903084,0.03407008006668992,0.013011724050122766,0.005294484031575945,0.0023640834707937424,0.0011764671675554114,0.0006550491664836361,0.0004063193639958566
10.0,2.754774309840734,1.6585956460486309,-3.03120777506215,1.8360973093066e-65,1.1933887026891583,25.061162756472324,1.591351558393901,1.6472114020812818,1.816602411151632,2.0991387074322385,2.473160026695325,2.8643393269162387,3.122953477622151,3.0622172741997744,2.589863312970723,1.8328263754585337,1.0728912046477557,0.5255947229048086,0.22300876949324772,0.08623865684769093,0.03220494807814398,0.012266436621981873,0.004979226207475704,0.0022188928502644358,0.0011025520066344206,0.0006132737181739794,0.0003802001743494853
