run_id,seed,start,lr,iter,J,best_J,legacy_pmp_gap,projected_gradient_residual,u_min,u_max,u_mean
0,0,mid,0.02,1,398.94413005544754,399.89348193062773,69.97404575021686,0.8150432771481377,1.4800000004,1.5199999997650708,1.4939303486758777
0,0,mid,0.02,100,383.1634210193202,383.1634210193202,0.9060871591261124,0.15923554448507726,0.0,3.0,1.3690662426453868
0,0,mid,0.02,200,381.5588147246627,381.5588147246627,0.6001182776569038,0.08282558266123408,0.0,3.0,1.356097280200903
0,0,mid,0.02,300,379.88085533258777,379.88085533258777,0.8860187634157749,0.06697420069967563,0.0,3.0,1.3515156877242502
0,0,mid,0.02,400,378.7156947753214,378.7156947753214,1.5428484423390665,0.055890319502212904,0.0,3.0,1.3525441124794186
0,0,mid,0.02,500,377.0583375968079,377.0583375968079,2.502565271055263,0.06322543607160958,0.0,3.0,1.3480590399129428
0,0,mid,0.02,600,376.1391813404365,376.1391813404365,3.8630937619782357,0.05781474178682011,0.0,3.0,1.3489748564412638
0,0,mid,0.02,700,375.2499176109805,375.2499176109805,3.19860696164687,0.008436183779780393,0.0,3.0,1.3384959317652734
0,0,mid,0.02,800,375.18248868394,375.18248868394,2.6371087274943448,0.059382848188053394,0.0,3.0,1.3339431309609298
0,0,mid,0.02,900,375.1005416503823,375.1005416503823,2.184550784957986,0.0,0.0,3.0,1.328358208955224
0,0,mid,0.02,1000,375.1005416503823,375.1005416503823,2.184550784957986,0.0,0.0,3.0,1.328358208955224
0,0,mid,0.02,1100,375.1005416503823,375.1005416503823,2.184550784957986,0.0,0.0,3.0,1.328358208955224
0,0,mid,0.02,1200,375.1005416503823,375.1005416503823,2.184550784957986,0.0,0.0,3.0,1.328358208955224
0,0,mid,0.02,1300,375.1005416503823,375.1005416503823,2.184550784957986,0.0,0.0,3.0,1.328358208955224
0,0,mid,0.02,1400,375.1005416503823,375.1005416503823,2.184550784957986,0.0,0.0,3.0,1.328358208955224
0,0,mid,0.02,1500,375.1005416503823,375.1005416503823,2.184550784957986,0.0,0.0,3.0,1.328358208955224
0,0,mid,0.02,1600,375.1005416503823,375.1005416503823,2.184550784957986,0.0,0.0,3.0,1.328358208955224
0,0,mid,0.02,1700,375.1005416503823,375.1005416503823,2.184550784957986,0.0,0.0,3.0,1.328358208955224
0,0,mid,0.02,1800,375.1005416503823,375.1005416503823,2.184550784957986,0.0,0.0,3.0,1.328358208955224
0,0,mid,0.02,1900,375.1005416503823,375.1005416503823,2.184550784957986,0.0,0.0,3.0,1.328358208955224
0,0,mid,0.02,2000,375.1005416503823,375.1005416503823,2.184550784957986,0.0,0.0,3.0,1.328358208955224
0,0,mid,0.02,2100,375.1005416503823,375.1005416503823,2.184550784957986,0.0,0.0,3.0,1.328358208955224
0,0,mid,0.02,2200,375.1005416503823,375.1005416503823,2.184550784957986,0.0,0.0,3.0,1.328358208955224
0,0,mid,0.02,2300,375.1005416503823,375.1005416503823,2.184550784957986,0.0,0.0,3.0,1.328358208955224
0,0,mid,0.02,2400,375.1005416503823,375.1005416503823,2.184550784957986,0.0,0.0,3.0,1.328358208955224
0,0,mid,0.02,2500,375.1005416503823,375.1005416503823,2.184550784957986,0.0,0.0,3.0,1.328358208955224
1,0,mid,0.05,1,397.5904367772762,399.89348193062773,58.36154738734244,0.7609886819414977,1.450000001,1.5499999994126772,1.4848258716896945
1,0,mid,0.05,100,381.59014809444227,381.59014809444227,0.6935290975258894,0.05288174199677442,0.0,3.0,1.3549235191654034
1,0,mid,0.05,200,378.8620453926446,378.8620453926446,1.4528773119670282,0.049880681387748815,0.0,3.0,1.3516179447894057
1,0,mid,0.05,300,376.07701301976,376.07701301976,2.4420405285058693,0.062560588869362,0.0,3.0,1.3446000927688053
1,0,mid,0.05,400,375.7140878512672,375.7140878512672,2.9579444037154254,0.0,0.0,3.0,1.3432835820895523
1,0,mid,0.05,500,375.7140878512672,375.7140878512672,2.9579444037154254,0.0,0.0,3.0,1.3432835820895523
1,0,mid,0.05,600,375.7140878512672,375.7140878512672,2.9579444037154254,0.0,0.0,3.0,1.3432835820895523
1,0,mid,0.05,700,375.7140878512672,375.7140878512672,2.9579444037154254,0.0,0.0,3.0,1.3432835820895523
1,0,mid,0.05,800,375.7140878512672,375.7140878512672,2.9579444037154254,0.0,0.0,3.0,1.3432835820895523
1,0,mid,0.05,900,375.7140878512672,375.7140878512672,2.9579444037154254,0.0,0.0,3.0,1.3432835820895523
1,0,mid,0.05,1000,375.7140878512672,375.7140878512672,2.9579444037154254,0.0,0.0,3.0,1.3432835820895523
1,0,mid,0.05,1100,375.7140878512672,375.7140878512672,2.9579444037154254,0.0,0.0,3.0,1.3432835820895523
1,0,mid,0.05,1200,375.7140878512672,375.7140878512672,2.9579444037154254,0.0,0.0,3.0,1.3432835820895523
1,0,mid,0.05,1300,375.7140878512672,375.7140878512672,2.9579444037154254,0.0,0.0,3.0,1.3432835820895523
1,0,mid,0.05,1400,375.7140878512672,375.7140878512672,2.9579444037154254,0.0,0.0,3.0,1.3432835820895523
1,0,mid,0.05,1500,375.7140878512672,375.7140878512672,2.9579444037154254,0.0,0.0,3.0,1.3432835820895523
1,0,mid,0.05,1600,375.7140878512672,375.7140878512672,2.9579444037154254,0.0,0.0,3.0,1.3432835820895523
1,0,mid,0.05,1700,375.7140878512672,375.7140878512672,2.9579444037154254,0.0,0.0,3.0,1.3432835820895523
1,0,mid,0.05,1800,375.7140878512672,375.7140878512672,2.9579444037154254,0.0,0.0,3.0,1.3432835820895523
1,0,mid,0.05,1900,375.7140878512672,375.7140878512672,2.9579444037154254,0.0,0.0,3.0,1.3432835820895523
1,0,mid,0.05,2000,375.7140878512672,375.7140878512672,2.9579444037154254,0.0,0.0,3.0,1.3432835820895523
1,0,mid,0.05,2100,375.7140878512672,375.7140878512672,2.9579444037154254,0.0,0.0,3.0,1.3432835820895523
1,0,mid,0.05,2200,375.7140878512672,375.7140878512672,2.9579444037154254,0.0,0.0,3.0,1.3432835820895523
1,0,mid,0.05,2300,375.7140878512672,375.7140878512672,2.9579444037154254,0.0,0.0,3.0,1.3432835820895523
1,0,mid,0.05,2400,375.7140878512672,375.7140878512672,2.9579444037154254,0.0,0.0,3.0,1.3432835820895523
1,0,mid,0.05,2500,375.7140878512672,375.7140878512672,2.9579444037154254,0.0,0.0,3.0,1.3432835820895523
2,0,mid,0.1,1,395.5361945611121,399.89348193062773,41.88086708972814,0.6720948696124107,1.400000002,1.5999999988253546,1.4696517433793888
2,0,mid,0.1,100,379.73851560185176,379.76888061161276,1.380543882895837,0.07212214690376761,0.0,3.0,1.3488849228315025
2,0,mid,0.1,200,375.9446922089546,375.9557645097788,4.555968710037431,0.05869184761887691,0.0,3.0,1.3465480500457832
2,0,mid,0.1,300,375.777530668294,375.777530668294,3.5925707841890864,0.0018851485381885524,0.0,3.0,1.3425661378985114
2,0,mid,0.1,400,375.7634071185285,375.7634071185285,2.0808661164080675,0.020681929970944646,0.0,3.0,1.3364015973752679
2,0,mid,0.1,500,375.71142881594074,375.71142881594074,2.145065180943319,3.0080179558522602e-05,0.0,3.0,1.3283592746937924
2,0,mid,0.1,600,375.7114196479846,375.7114196479846,2.1241137934478864,0.0005798107825714105,0.0,3.0,1.3285088913350427
2,0,mid,0.1,700,375.7045987132088,375.7045987132088,1.8687445413391135,0.016090457741243736,0.0,3.0,1.3326144676758407
2,0,mid,0.1,800,375.6226263845508,375.62269756273133,3.2713575103197527,0.006543890447561651,0.0,3.0,1.3420519128181323
2,0,mid,0.1,900,375.5013520327473,375.5013520327473,1.5304893449765484,0.0,0.0,3.0,1.328358208955224
2,0,mid,0.1,1000,375.5013520327473,375.5013520327473,1.5304893449765484,0.0,0.0,3.0,1.328358208955224
2,0,mid,0.1,1100,375.5013520327473,375.5013520327473,1.5304893449765484,0.0,0.0,3.0,1.328358208955224
2,0,mid,0.1,1200,375.5013520327473,375.5013520327473,1.5304893449765484,0.0,0.0,3.0,1.328358208955224
2,0,mid,0.1,1300,375.5013520327473,375.5013520327473,1.5304893449765484,0.0,0.0,3.0,1.328358208955224
2,0,mid,0.1,1400,375.5013520327473,375.5013520327473,1.5304893449765484,0.0,0.0,3.0,1.328358208955224
2,0,mid,0.1,1500,375.5013520327473,375.5013520327473,1.5304893449765484,0.0,0.0,3.0,1.328358208955224
2,0,mid,0.1,1600,375.5013520327473,375.5013520327473,1.5304893449765484,0.0,0.0,3.0,1.328358208955224
2,0,mid,0.1,1700,375.5013520327473,375.5013520327473,1.5304893449765484,0.0,0.0,3.0,1.328358208955224
2,0,mid,0.1,1800,375.5013520327473,375.5013520327473,1.5304893449765484,0.0,0.0,3.0,1.328358208955224
2,0,mid,0.1,1900,375.5013520327473,375.5013520327473,1.5304893449765484,0.0,0.0,3.0,1.328358208955224
2,0,mid,0.1,2000,375.5013520327473,375.5013520327473,1.5304893449765484,0.0,0.0,3.0,1.328358208955224
2,0,mid,0.1,2100,375.5013520327473,375.5013520327473,1.5304893449765484,0.0,0.0,3.0,1.328358208955224
2,0,mid,0.1,2200,375.5013520327473,375.5013520327473,1.5304893449765484,0.0,0.0,3.0,1.328358208955224
2,0,mid,0.1,2300,375.5013520327473,375.5013520327473,1.5304893449765484,0.0,0.0,3.0,1.328358208955224
2,0,mid,0.1,2400,375.5013520327473,375.5013520327473,1.5304893449765484,0.0,0.0,3.0,1.328358208955224
2,0,mid,0.1,2500,375.5013520327473,375.5013520327473,1.5304893449765484,0.0,0.0,3.0,1.328358208955224
3,0,mid,0.2,1,392.28056122414705,399.89348193062773,18.91225051091682,0.6703110248206263,1.300000004,1.6999999976507092,1.4393034867587775
3,0,mid,0.2,100,377.4335407394582,377.51922834730664,2.3541141001435,0.05893363381210159,0.0,3.0,1.3479414605464246
3,0,mid,0.2,200,375.76831445946726,375.76831445946726,2.936825855113642,0.002973228921441695,0.0,3.0,1.3291783720652293
3,0,mid,0.2,300,375.63889047426534,375.63889047426534,2.8671470211659833,0.0,0.0,3.0,1.3432835820895523
3,0,mid,0.2,400,375.63889047426534,375.63889047426534,2.8671470211659833,0.0,0.0,3.0,1.3432835820895523
3,0,mid,0.2,500,375.63889047426534,375.63889047426534,2.8671470211659833,0.0,0.0,3.0,1.3432835820895523
3,0,mid,0.2,600,375.63889047426534,375.63889047426534,2.8671470211659833,0.0,0.0,3.0,1.3432835820895523
3,0,mid,0.2,700,375.63889047426534,375.63889047426534,2.8671470211659833,0.0,0.0,3.0,1.3432835820895523
3,0,mid,0.2,800,375.63889047426534,375.63889047426534,2.8671470211659833,0.0,0.0,3.0,1.3432835820895523
3,0,mid,0.2,900,375.63889047426534,375.63889047426534,2.8671470211659833,0.0,0.0,3.0,1.3432835820895523
3,0,mid,0.2,1000,375.63889047426534,375.63889047426534,2.8671470211659833,0.0,0.0,3.0,1.3432835820895523
3,0,mid,0.2,1100,375.63889047426534,375.63889047426534,2.8671470211659833,0.0,0.0,3.0,1.3432835820895523
3,0,mid,0.2,1200,375.63889047426534,375.63889047426534,2.8671470211659833,0.0,0.0,3.0,1.3432835820895523
3,0,mid,0.2,1300,375.63889047426534,375.63889047426534,2.8671470211659833,0.0,0.0,3.0,1.3432835820895523
3,0,mid,0.2,1400,375.63889047426534,375.63889047426534,2.8671470211659833,0.0,0.0,3.0,1.3432835820895523
3,0,mid,0.2,1500,375.63889047426534,375.63889047426534,2.8671470211659833,0.0,0.0,3.0,1.3432835820895523
3,0,mid,0.2,1600,375.63889047426534,375.63889047426534,2.8671470211659833,0.0,0.0,3.0,1.3432835820895523
3,0,mid,0.2,1700,375.63889047426534,375.63889047426534,2.8671470211659833,0.0,0.0,3.0,1.3432835820895523
3,0,mid,0.2,1800,375.63889047426534,375.63889047426534,2.8671470211659833,0.0,0.0,3.0,1.3432835820895523
3,0,mid,0.2,1900,375.63889047426534,375.63889047426534,2.8671470211659833,0.0,0.0,3.0,1.3432835820895523
3,0,mid,0.2,2000,375.63889047426534,375.63889047426534,2.8671470211659833,0.0,0.0,3.0,1.3432835820895523
3,0,mid,0.2,2100,375.63889047426534,375.63889047426534,2.8671470211659833,0.0,0.0,3.0,1.3432835820895523
3,0,mid,0.2,2200,375.63889047426534,375.63889047426534,2.8671470211659833,0.0,0.0,3.0,1.3432835820895523
3,0,mid,0.2,2300,375.63889047426534,375.63889047426534,2.8671470211659833,0.0,0.0,3.0,1.3432835820895523
3,0,mid,0.2,2400,375.63889047426534,375.63889047426534,2.8671470211659833,0.0,0.0,3.0,1.3432835820895523
3,0,mid,0.2,2500,375.63889047426534,375.63889047426534,2.8671470211659833,0.0,0.0,3.0,1.3432835820895523
4,0,random,0.02,1,400.6924443785276,401.75379215072746,82.43901125096156,0.5,0.9774498745749499,2.3170145469460466,1.630601936928863
4,0,random,0.02,100,382.766972330285,382.766972330285,0.8944381686363314,0.24622164655872877,0.0,3.0,1.3642221733957547
4,0,random,0.02,200,380.21234490080104,380.21234490080104,0.7538125684607224,0.08186525193371796,0.0,3.0,1.3531393175353008
4,0,random,0.02,300,376.5296686647115,376.5296686647115,0.8356524875243235,0.08287670898615263,0.0,3.0,1.3376751968333025
4,0,random,0.02,400,374.93489741780263,374.93489741780263,1.296002463073009,0.05318497731681171,0.0,3.0,1.3322244212859067
4,0,random,0.02,500,374.42021836611127,374.42021836611127,1.8376438037145448,0.025864054466935626,0.0,3.0,1.3289980981077363
4,0,random,0.02,600,374.38725568421296,374.38725568421296,2.002754164197283,0.0,0.0,3.0,1.328358208955224
4,0,random,0.02,700,374.38725568421296,374.38725568421296,2.002754164197283,0.0,0.0,3.0,1.328358208955224
4,0,random,0.02,800,374.38725568421296,374.38725568421296,2.002754164197283,0.0,0.0,3.0,1.328358208955224
4,0,random,0.02,900,374.38725568421296,374.38725568421296,2.002754164197283,0.0,0.0,3.0,1.328358208955224
4,0,random,0.02,1000,374.38725568421296,374.38725568421296,2.002754164197283,0.0,0.0,3.0,1.328358208955224
4,0,random,0.02,1100,374.38725568421296,374.38725568421296,2.002754164197283,0.0,0.0,3.0,1.328358208955224
4,0,random,0.02,1200,374.38725568421296,374.38725568421296,2.002754164197283,0.0,0.0,3.0,1.328358208955224
4,0,random,0.02,1300,374.38725568421296,374.38725568421296,2.002754164197283,0.0,0.0,3.0,1.328358208955224
4,0,random,0.02,1400,374.38725568421296,374.38725568421296,2.002754164197283,0.0,0.0,3.0,1.328358208955224
4,0,random,0.02,1500,374.38725568421296,374.38725568421296,2.002754164197283,0.0,0.0,3.0,1.328358208955224
4,0,random,0.02,1600,374.38725568421296,374.38725568421296,2.002754164197283,0.0,0.0,3.0,1.328358208955224
4,0,random,0.02,1700,374.38725568421296,374.38725568421296,2.002754164197283,0.0,0.0,3.0,1.328358208955224
4,0,random,0.02,1800,374.38725568421296,374.38725568421296,2.002754164197283,0.0,0.0,3.0,1.328358208955224
4,0,random,0.02,1900,374.38725568421296,374.38725568421296,2.002754164197283,0.0,0.0,3.0,1.328358208955224
4,0,random,0.02,2000,374.38725568421296,374.38725568421296,2.002754164197283,0.0,0.0,3.0,1.328358208955224
4,0,random,0.02,2100,374.38725568421296,374.38725568421296,2.002754164197283,0.0,0.0,3.0,1.328358208955224
4,0,random,0.02,2200,374.38725568421296,374.38725568421296,2.002754164197283,0.0,0.0,3.0,1.328358208955224
4,0,random,0.02,2300,374.38725568421296,374.38725568421296,2.002754164197283,0.0,0.0,3.0,1.328358208955224
4,0,random,0.02,2400,374.38725568421296,374.38725568421296,2.002754164197283,0.0,0.0,3.0,1.328358208955224
4,0,random,0.02,2500,374.38725568421296,374.38725568421296,2.002754164197283,0.0,0.0,3.0,1.328358208955224
5,0,random,0.05,1,403.16225056358644,406.26556037256387,194.90430171720047,1.1623952141358875,0.6050070201009015,2.1181176997627946,1.4706829599421443
5,0,random,0.05,100,378.964217816062,378.964217816062,1.0079178287777153,0.07284253343260172,0.0,3.0,1.3500272564656555
5,0,random,0.05,200,375.5043491633868,375.5043491633868,1.5080648996534414,0.08374321887385294,0.0,3.0,1.3346932482621379
5,0,random,0.05,300,374.8258782485873,374.8258782485873,2.1857634176917666,0.01702405609878399,0.0,3.0,1.331435861079889
5,0,random,0.05,400,374.76522832661465,374.76522832661465,1.9429758744298964,0.0,0.0,3.0,1.328358208955224
5,0,random,0.05,500,374.76522832661465,374.76522832661465,1.9429758744298964,0.0,0.0,3.0,1.328358208955224
5,0,random,0.05,600,374.76522832661465,374.76522832661465,1.9429758744298964,0.0,0.0,3.0,1.328358208955224
5,0,random,0.05,700,374.76522832661465,374.76522832661465,1.9429758744298964,0.0,0.0,3.0,1.328358208955224
5,0,random,0.05,800,374.76522832661465,374.76522832661465,1.9429758744298964,0.0,0.0,3.0,1.328358208955224
5,0,random,0.05,900,374.76522832661465,374.76522832661465,1.9429758744298964,0.0,0.0,3.0,1.328358208955224
5,0,random,0.05,1000,374.76522832661465,374.76522832661465,1.9429758744298964,0.0,0.0,3.0,1.328358208955224
5,0,random,0.05,1100,374.76522832661465,374.76522832661465,1.9429758744298964,0.0,0.0,3.0,1.328358208955224
5,0,random,0.05,1200,374.76522832661465,374.76522832661465,1.9429758744298964,0.0,0.0,3.0,1.328358208955224
5,0,random,0.05,1300,374.76522832661465,374.76522832661465,1.9429758744298964,0.0,0.0,3.0,1.328358208955224
5,0,random,0.05,1400,374.76522832661465,374.76522832661465,1.9429758744298964,0.0,0.0,3.0,1.328358208955224
5,0,random,0.05,1500,374.76522832661465,374.76522832661465,1.9429758744298964,0.0,0.0,3.0,1.328358208955224
5,0,random,0.05,1600,374.76522832661465,374.76522832661465,1.9429758744298964,0.0,0.0,3.0,1.328358208955224
5,0,random,0.05,1700,374.76522832661465,374.76522832661465,1.9429758744298964,0.0,0.0,3.0,1.328358208955224
5,0,random,0.05,1800,374.76522832661465,374.76522832661465,1.9429758744298964,0.0,0.0,3.0,1.328358208955224
5,0,random,0.05,1900,374.76522832661465,374.76522832661465,1.9429758744298964,0.0,0.0,3.0,1.328358208955224
5,0,random,0.05,2000,374.76522832661465,374.76522832661465,1.9429758744298964,0.0,0.0,3.0,1.328358208955224
5,0,random,0.05,2100,374.76522832661465,374.76522832661465,1.9429758744298964,0.0,0.0,3.0,1.328358208955224
5,0,random,0.05,2200,374.76522832661465,374.76522832661465,1.9429758744298964,0.0,0.0,3.0,1.328358208955224
5,0,random,0.05,2300,374.76522832661465,374.76522832661465,1.9429758744298964,0.0,0.0,3.0,1.328358208955224
5,0,random,0.05,2400,374.76522832661465,374.76522832661465,1.9429758744298964,0.0,0.0,3.0,1.328358208955224
5,0,random,0.05,2500,374.76522832661465,374.76522832661465,1.9429758744298964,0.0,0.0,3.0,1.328358208955224
6,0,random,0.1,1,399.9655110034977,404.6743851295586,59.57551644586619,0.6303457695412313,1.0117644399174317,2.1838714760342257,1.538321631595864
6,0,random,0.1,100,375.77769398776803,375.77769398776803,0.8595703655278127,0.08022596326271403,0.0,3.0,1.3286559124201707
6,0,random,0.1,200,374.5984778527326,374.5984778527326,1.2057646503199777,0.06082901372013216,0.0,3.0,1.319263849264769
6,0,random,0.1,300,374.45734081303846,374.45734081303846,1.5342231000556106,0.0,0.0,3.0,1.328358208955224
6,0,random,0.1,400,374.45734081303846,374.45734081303846,1.5342231000556106,0.0,0.0,3.0,1.328358208955224
6,0,random,0.1,500,374.45734081303846,374.45734081303846,1.5342231000556106,0.0,0.0,3.0,1.328358208955224
6,0,random,0.1,600,374.45734081303846,374.45734081303846,1.5342231000556106,0.0,0.0,3.0,1.328358208955224
6,0,random,0.1,700,374.45734081303846,374.45734081303846,1.5342231000556106,0.0,0.0,3.0,1.328358208955224
6,0,random,0.1,800,374.45734081303846,374.45734081303846,1.5342231000556106,0.0,0.0,3.0,1.328358208955224
6,0,random,0.1,900,374.45734081303846,374.45734081303846,1.5342231000556106,0.0,0.0,3.0,1.328358208955224
6,0,random,0.1,1000,374.45734081303846,374.45734081303846,1.5342231000556106,0.0,0.0,3.0,1.328358208955224
6,0,random,0.1,1100,374.45734081303846,374.45734081303846,1.5342231000556106,0.0,0.0,3.0,1.328358208955224
6,0,random,0.1,1200,374.45734081303846,374.45734081303846,1.5342231000556106,0.0,0.0,3.0,1.328358208955224
6,0,random,0.1,1300,374.45734081303846,374.45734081303846,1.5342231000556106,0.0,0.0,3.0,1.328358208955224
6,0,random,0.1,1400,374.45734081303846,374.45734081303846,1.5342231000556106,0.0,0.0,3.0,1.328358208955224
6,0,random,0.1,1500,374.45734081303846,374.45734081303846,1.5342231000556106,0.0,0.0,3.0,1.328358208955224
6,0,random,0.1,1600,374.45734081303846,374.45734081303846,1.5342231000556106,0.0,0.0,3.0,1.328358208955224
6,0,random,0.1,1700,374.45734081303846,374.45734081303846,1.5342231000556106,0.0,0.0,3.0,1.328358208955224
6,0,random,0.1,1800,374.45734081303846,374.45734081303846,1.5342231000556106,0.0,0.0,3.0,1.328358208955224
6,0,random,0.1,1900,374.45734081303846,374.45734081303846,1.5342231000556106,0.0,0.0,3.0,1.328358208955224
6,0,random,0.1,2000,374.45734081303846,374.45734081303846,1.5342231000556106,0.0,0.0,3.0,1.328358208955224
6,0,random,0.1,2100,374.45734081303846,374.45734081303846,1.5342231000556106,0.0,0.0,3.0,1.328358208955224
6,0,random,0.1,2200,374.45734081303846,374.45734081303846,1.5342231000556106,0.0,0.0,3.0,1.328358208955224
6,0,random,0.1,2300,374.45734081303846,374.45734081303846,1.5342231000556106,0.0,0.0,3.0,1.328358208955224
6,0,random,0.1,2400,374.45734081303846,374.45734081303846,1.5342231000556106,0.0,0.0,3.0,1.328358208955224
6,0,random,0.1,2500,374.45734081303846,374.45734081303846,1.5342231000556106,0.0,0.0,3.0,1.328358208955224
7,0,random,0.2,1,393.31776569881634,400.74665801249114,22.34870784859499,0.6816706940677562,0.7007097751406952,2.3514894871591783,1.4533402186491826
7,0,random,0.2,100,374.8311936421574,374.8311936421574,1.1368573942449265,0.05662292758985421,0.0,3.0,1.3232519784255419
7,0,random,0.2,200,374.74985871682463,374.74985871682463,2.324673726165084,0.0,0.0,3.0,1.328358208955224
7,0,random,0.2,300,374.74985871682463,374.74985871682463,2.324673726165084,0.0,0.0,3.0,1.328358208955224
7,0,random,0.2,400,374.74985871682463,374.74985871682463,2.324673726165084,0.0,0.0,3.0,1.328358208955224
7,0,random,0.2,500,374.74985871682463,374.74985871682463,2.324673726165084,0.0,0.0,3.0,1.328358208955224
7,0,random,0.2,600,374.74985871682463,374.74985871682463,2.324673726165084,0.0,0.0,3.0,1.328358208955224
7,0,random,0.2,700,374.74985871682463,374.74985871682463,2.324673726165084,0.0,0.0,3.0,1.328358208955224
7,0,random,0.2,800,374.74985871682463,374.74985871682463,2.324673726165084,0.0,0.0,3.0,1.328358208955224
7,0,random,0.2,900,374.74985871682463,374.74985871682463,2.324673726165084,0.0,0.0,3.0,1.328358208955224
7,0,random,0.2,1000,374.74985871682463,374.74985871682463,2.324673726165084,0.0,0.0,3.0,1.328358208955224
7,0,random,0.2,1100,374.74985871682463,374.74985871682463,2.324673726165084,0.0,0.0,3.0,1.328358208955224
7,0,random,0.2,1200,374.74985871682463,374.74985871682463,2.324673726165084,0.0,0.0,3.0,1.328358208955224
7,0,random,0.2,1300,374.74985871682463,374.74985871682463,2.324673726165084,0.0,0.0,3.0,1.328358208955224
7,0,random,0.2,1400,374.74985871682463,374.74985871682463,2.324673726165084,0.0,0.0,3.0,1.328358208955224
7,0,random,0.2,1500,374.74985871682463,374.74985871682463,2.324673726165084,0.0,0.0,3.0,1.328358208955224
7,0,random,0.2,1600,374.74985871682463,374.74985871682463,2.324673726165084,0.0,0.0,3.0,1.328358208955224
7,0,random,0.2,1700,374.74985871682463,374.74985871682463,2.324673726165084,0.0,0.0,3.0,1.328358208955224
7,0,random,0.2,1800,374.74985871682463,374.74985871682463,2.324673726165084,0.0,0.0,3.0,1.328358208955224
7,0,random,0.2,1900,374.74985871682463,374.74985871682463,2.324673726165084,0.0,0.0,3.0,1.328358208955224
7,0,random,0.2,2000,374.74985871682463,374.74985871682463,2.324673726165084,0.0,0.0,3.0,1.328358208955224
7,0,random,0.2,2100,374.74985871682463,374.74985871682463,2.324673726165084,0.0,0.0,3.0,1.328358208955224
7,0,random,0.2,2200,374.74985871682463,374.74985871682463,2.324673726165084,0.0,0.0,3.0,1.328358208955224
7,0,random,0.2,2300,374.74985871682463,374.74985871682463,2.324673726165084,0.0,0.0,3.0,1.328358208955224
7,0,random,0.2,2400,374.74985871682463,374.74985871682463,2.324673726165084,0.0,0.0,3.0,1.328358208955224
7,0,random,0.2,2500,374.74985871682463,374.74985871682463,2.324673726165084,0.0,0.0,3.0,1.328358208955224
8,0,front,0.02,1,541.2330008623419,550.6894677303351,23263.355029657996,2.965000000024615,0.0,3.0,1.519776119274501
8,0,front,0.02,100,428.66285985830746,428.66285985830746,180.60795490460083,0.8031765649412836,0.0,3.0,1.7921615133368487
8,0,front,0.02,200,389.12190995651054,389.12190995651054,14.660449652459144,0.459595567645424,0.0,3.0,1.3971987732086133
8,0,front,0.02,300,385.21731448799784,385.21731448799784,2.4385941778831515,0.25231059986230786,0.0,3.0,1.383148470490785
8,0,front,0.02,400,383.8884277684061,383.8884277684061,1.162567969713993,0.19413056320128375,0.0,3.0,1.3733091831957465
8,0,front,0.02,500,383.07384877667187,383.07384877667187,0.9036704826814285,0.15887800336080593,0.0,3.0,1.366607632604034
8,0,front,0.02,600,382.4886495082836,382.4886495082836,0.759359384444832,0.08941758113683873,0.0,3.0,1.3609049257173722
8,0,front,0.02,700,382.13962767019433,382.13962767019433,0.6396951178012387,0.07795786261619408,0.0,3.0,1.3579321997400553
8,0,front,0.02,800,381.9469507711806,381.9469507711806,0.5410302896679539,0.05622525185981653,0.0,3.0,1.3571154992411247
8,0,front,0.02,900,381.71776280418743,381.71776280418743,0.4461981973068826,0.0564466117075626,0.0,3.0,1.3567681986768076
8,0,front,0.02,1000,381.4426788776985,381.4426788776985,0.436003941569667,0.055240396009573534,0.0,3.0,1.3554172872459014
8,0,front,0.02,1100,381.17053175288686,381.17053175288686,0.5016262202940591,0.0709629211863474,0.0,3.0,1.3530549223654096
8,0,front,0.02,1200,380.9014641994492,380.9014641994492,0.6244909421308054,0.06855108582415381,0.0,3.0,1.3511380876394605
8,0,front,0.02,1300,380.75078178610437,380.75078178610437,0.5967114973614467,0.04905205668808277,0.0,3.0,1.3505701492570927
8,0,front,0.02,1400,380.59098679912836,380.59098679912836,0.6068003191257089,0.043890928346392855,0.0,3.0,1.3497169854332862
8,0,front,0.02,1500,380.28821958837034,380.28821958837034,0.5756261081694694,0.0502151119262324,0.0,3.0,1.3511380898054342
8,0,front,0.02,1600,379.82510687558494,379.82510687558494,0.6608547474724789,0.06905324944748736,0.0,3.0,1.3473598174890131
8,0,front,0.02,1700,379.52484360730807,379.52484360730807,0.7065019191688753,0.04655714162277036,0.0,3.0,1.346539173665688
8,0,front,0.02,1800,379.28451580650045,379.28451580650045,0.7659216450997064,0.06563973893793706,0.0,3.0,1.3477280359979869
8,0,front,0.02,1900,378.7760516886407,378.7760516886407,1.050523722811834,0.0424697189387544,0.0,3.0,1.347558183685978
8,0,front,0.02,2000,378.20701285832695,378.20701285832695,1.266907018500805,0.042033599057800464,0.0,3.0,1.3472439713527589
8,0,front,0.02,2100,377.68497469013886,377.68497469013886,2.0861952771558006,0.06831561550554299,0.0,3.0,1.349511086342591
8,0,front,0.02,2200,377.17899184275774,377.17899184275774,2.9341471283199696,0.05376784534655776,0.0,3.0,1.3499307396221596
8,0,front,0.02,2300,376.7715598991727,376.7715598991727,3.0114928092377067,0.06389480877782827,0.0,3.0,1.3462259074109342
8,0,front,0.02,2400,376.4920343546468,376.4920343546468,3.242386367187229,0.03702305765233094,0.0,3.0,1.3464557369558559
8,0,front,0.02,2500,376.407152276301,376.407152276301,3.4732125463488805,0.040545228212184536,0.0,3.0,1.3480204208101418
9,0,front,0.05,1,528.0831984484741,550.6894677303351,18689.670990400547,2.935000000061538,0.0,3.0,1.5492039797856987
9,0,front,0.05,100,386.53520989984094,386.53520989984094,4.526438221960561,0.2541104925816131,0.0,3.0,1.395218362035532
9,0,front,0.05,200,383.25551528817573,383.25551528817573,0.9530944147891474,0.16606838128270907,0.0,3.0,1.3682819307245502
9,0,front,0.05,300,382.2643472342595,382.2643472342595,0.6541435084847967,0.06942923800067957,0.0,3.0,1.3579157908277188
9,0,front,0.05,400,381.8118694953943,381.8118694953943,0.493494268522008,0.046222997206303074,0.0,3.0,1.3568536193235519
9,0,front,0.05,500,381.3616241065743,381.3616241065743,0.6500224276981933,0.06950243420746594,0.0,3.0,1.35209980859684
9,0,front,0.05,600,380.7929644802881,380.7929644802881,0.6490643403173425,0.03845918526868575,0.0,3.0,1.3511314085579804
9,0,front,0.05,700,380.359964203484,380.359964203484,0.7284067884713334,0.05311657403939396,0.0,3.0,1.3521131771219475
9,0,front,0.05,800,379.52289168644324,379.52289168644324,0.9494107895926561,0.05162252237066367,0.0,3.0,1.3470565592669734
9,0,front,0.05,900,379.0137553510764,379.0137553510764,1.054955091399243,0.04236108367578906,0.0,3.0,1.347700649775879
9,0,front,0.05,1000,377.80465135852,377.80465135852,1.302374340352959,0.05723463015071273,0.0,3.0,1.3431052139322455
9,0,front,0.05,1100,376.676851895463,376.676851895463,1.7379227360540195,0.049022153800309276,0.0,3.0,1.335379039252696
9,0,front,0.05,1200,376.2009273130565,376.2009273130565,1.976021071634167,0.055581143213348616,0.0,3.0,1.3347900433244442
9,0,front,0.05,1300,376.0747285943454,376.0747285943454,3.790956941554847,0.0,0.0,3.0,1.3432835820895523
9,0,front,0.05,1400,376.0747285943454,376.0747285943454,3.790956941554847,0.0,0.0,3.0,1.3432835820895523
9,0,front,0.05,1500,376.0747285943454,376.0747285943454,3.790956941554847,0.0,0.0,3.0,1.3432835820895523
9,0,front,0.05,1600,376.0747285943454,376.0747285943454,3.790956941554847,0.0,0.0,3.0,1.3432835820895523
9,0,front,0.05,1700,376.0747285943454,376.0747285943454,3.790956941554847,0.0,0.0,3.0,1.3432835820895523
9,0,front,0.05,1800,376.0747285943454,376.0747285943454,3.790956941554847,0.0,0.0,3.0,1.3432835820895523
9,0,front,0.05,1900,376.0747285943454,376.0747285943454,3.790956941554847,0.0,0.0,3.0,1.3432835820895523
9,0,front,0.05,2000,376.0747285943454,376.0747285943454,3.790956941554847,0.0,0.0,3.0,1.3432835820895523
9,0,front,0.05,2100,376.0747285943454,376.0747285943454,3.790956941554847,0.0,0.0,3.0,1.3432835820895523
9,0,front,0.05,2200,376.0747285943454,376.0747285943454,3.790956941554847,0.0,0.0,3.0,1.3432835820895523
9,0,front,0.05,2300,376.0747285943454,376.0747285943454,3.790956941554847,0.0,0.0,3.0,1.3432835820895523
9,0,front,0.05,2400,376.0747285943454,376.0747285943454,3.790956941554847,0.0,0.0,3.0,1.3432835820895523
9,0,front,0.05,2500,376.0747285943454,376.0747285943454,3.790956941554847,0.0,0.0,3.0,1.3432835820895523
10,0,front,0.1,1,508.76398938754585,550.6894677303351,12760.337135787646,2.8850000001230756,0.0,3.0,1.5975870640717618
10,0,front,0.1,100,383.4454220454734,383.47934686304524,1.2307238939883423,0.1607490740526858,0.0,3.0,1.3673154754221648
10,0,front,0.1,200,382.0222242395235,382.03126275282756,0.6226478912121014,0.052846366023914904,0.0,3.0,1.356796121831648
10,0,front,0.1,300,381.40541221978157,381.412811850038,0.5340567606429177,0.04400737415491118,0.0,3.0,1.3543447748635065
10,0,front,0.1,400,380.2244954282014,380.2375774814947,0.7330348692636494,0.0612728482171212,0.0,3.0,1.3553098227805747
10,0,front,0.1,500,378.9657107592763,378.972795073463,1.3325489887894588,0.04563990145935293,0.0,3.0,1.3538336741350363
10,0,front,0.1,600,377.44017520023937,377.46849161164135,1.6695247909757334,0.06199726338386835,0.0,3.0,1.3463787695352873
10,0,front,0.1,700,376.0130667960023,376.0163261563718,1.9206455628650658,0.04404853598170311,0.0,3.0,1.3415531586903457
10,0,front,0.1,800,375.723488154552,375.7258882623229,2.253740385462976,0.056190520139030475,0.0,3.0,1.3429968793292604
10,0,front,0.1,900,375.72019961403413,375.72019961403413,2.297309731967818,0.0,0.0,3.0,1.3432835820895523
10,0,front,0.1,1000,375.72019961403413,375.72019961403413,2.297309731967818,0.0,0.0,3.0,1.3432835820895523
10,0,front,0.1,1100,375.72019961403413,375.72019961403413,2.297309731967818,0.0,0.0,3.0,1.3432835820895523
10,0,front,0.1,1200,375.72019961403413,375.72019961403413,2.297309731967818,0.0,0.0,3.0,1.3432835820895523
10,0,front,0.1,1300,375.72019961403413,375.72019961403413,2.297309731967818,0.0,0.0,3.0,1.3432835820895523
10,0,front,0.1,1400,375.72019961403413,375.72019961403413,2.297309731967818,0.0,0.0,3.0,1.3432835820895523
10,0,front,0.1,1500,375.72019961403413,375.72019961403413,2.297309731967818,0.0,0.0,3.0,1.3432835820895523
10,0,front,0.1,1600,375.72019961403413,375.72019961403413,2.297309731967818,0.0,0.0,3.0,1.3432835820895523
10,0,front,0.1,1700,375.72019961403413,375.72019961403413,2.297309731967818,0.0,0.0,3.0,1.3432835820895523
10,0,front,0.1,1800,375.72019961403413,375.72019961403413,2.297309731967818,0.0,0.0,3.0,1.3432835820895523
10,0,front,0.1,1900,375.72019961403413,375.72019961403413,2.297309731967818,0.0,0.0,3.0,1.3432835820895523
10,0,front,0.1,2000,375.72019961403413,375.72019961403413,2.297309731967818,0.0,0.0,3.0,1.3432835820895523
10,0,front,0.1,2100,375.72019961403413,375.72019961403413,2.297309731967818,0.0,0.0,3.0,1.3432835820895523
10,0,front,0.1,2200,375.72019961403413,375.72019961403413,2.297309731967818,0.0,0.0,3.0,1.3432835820895523
10,0,front,0.1,2300,375.72019961403413,375.72019961403413,2.297309731967818,0.0,0.0,3.0,1.3432835820895523
10,0,front,0.1,2400,375.72019961403413,375.72019961403413,2.297309731967818,0.0,0.0,3.0,1.3432835820895523
10,0,front,0.1,2500,375.72019961403413,375.72019961403413,2.297309731967818,0.0,0.0,3.0,1.3432835820895523
11,0,front,0.2,1,478.87170849683974,550.6894677303351,5480.594004164942,2.7850000002461517,0.0,3.0,1.6918656705371757
11,0,front,0.2,100,382.29299605676715,382.29299605676715,0.5452030999708475,0.05423930161628476,0.0,3.0,1.3619105574012298
11,0,front,0.2,200,381.14899372956614,381.14899372956614,0.5692648858808561,0.0619362163096997,0.0,3.0,1.3546981383837344
11,0,front,0.2,300,378.9124604765845,378.9124604765845,1.3980194736170386,0.052609622700406256,0.0,3.0,1.3553225656251884
11,0,front,0.2,400,376.67388932621964,376.67388932621964,2.1272998665836464,0.07783677087651775,0.0,3.0,1.3474493906943898
11,0,front,0.2,500,375.5613151066303,375.5613151066303,2.4479356927432736,0.025795654472417162,0.0,3.0,1.3434119186789673
11,0,front,0.2,600,375.55926752126703,375.55926752126703,2.421740241179724,0.0,0.0,3.0,1.3432835820895523
11,0,front,0.2,700,375.55926752126703,375.55926752126703,2.421740241179724,0.0,0.0,3.0,1.3432835820895523
11,0,front,0.2,800,375.55926752126703,375.55926752126703,2.421740241179724,0.0,0.0,3.0,1.3432835820895523
11,0,front,0.2,900,375.55926752126703,375.55926752126703,2.421740241179724,0.0,0.0,3.0,1.3432835820895523
11,0,front,0.2,1000,375.55926752126703,375.55926752126703,2.421740241179724,0.0,0.0,3.0,1.3432835820895523
11,0,front,0.2,1100,375.55926752126703,375.55926752126703,2.421740241179724,0.0,0.0,3.0,1.3432835820895523
11,0,front,0.2,1200,375.55926752126703,375.55926752126703,2.421740241179724,0.0,0.0,3.0,1.3432835820895523
11,0,front,0.2,1300,375.55926752126703,375.55926752126703,2.421740241179724,0.0,0.0,3.0,1.3432835820895523
11,0,front,0.2,1400,375.55926752126703,375.55926752126703,2.421740241179724,0.0,0.0,3.0,1.3432835820895523
11,0,front,0.2,1500,375.55926752126703,375.55926752126703,2.421740241179724,0.0,0.0,3.0,1.3432835820895523
11,0,front,0.2,1600,375.55926752126703,375.55926752126703,2.421740241179724,0.0,0.0,3.0,1.3432835820895523
11,0,front,0.2,1700,375.55926752126703,375.55926752126703,2.421740241179724,0.0,0.0,3.0,1.3432835820895523
11,0,front,0.2,1800,375.55926752126703,375.55926752126703,2.421740241179724,0.0,0.0,3.0,1.3432835820895523
11,0,front,0.2,1900,375.55926752126703,375.55926752126703,2.421740241179724,0.0,0.0,3.0,1.3432835820895523
11,0,front,0.2,2000,375.55926752126703,375.55926752126703,2.421740241179724,0.0,0.0,3.0,1.3432835820895523
11,0,front,0.2,2100,375.55926752126703,375.55926752126703,2.421740241179724,0.0,0.0,3.0,1.3432835820895523
11,0,front,0.2,2200,375.55926752126703,375.55926752126703,2.421740241179724,0.0,0.0,3.0,1.3432835820895523
11,0,front,0.2,2300,375.55926752126703,375.55926752126703,2.421740241179724,0.0,0.0,3.0,1.3432835820895523
11,0,front,0.2,2400,375.55926752126703,375.55926752126703,2.421740241179724,0.0,0.0,3.0,1.3432835820895523
11,0,front,0.2,2500,375.55926752126703,375.55926752126703,2.421740241179724,0.0,0.0,3.0,1.3432835820895523
12,0,back,0.02,1,437.75631284654946,440.36140448657187,1344.0026452671727,1.6388493720370767,0.019999999880410374,2.9800000004,1.4961194031973648
12,0,back,0.02,100,386.3441213461706,386.3441213461706,3.0437050399550785,0.7479946198597136,0.0,2.9322676525533002,1.3649381576387103
12,0,back,0.02,200,382.7643256618516,382.7643256618516,0.5059287808981721,0.14408219868563732,0.0,3.0,1.3561899479260682
12,0,back,0.02,300,381.7473122057166,381.7473122057166,0.46163464713027236,0.11768044361164032,0.0,3.0,1.357931810388353
12,0,back,0.02,400,380.9700756059074,380.9700756059074,0.43869776315829573,0.0801469180808696,0.0,3.0,1.3531772367581711
12,0,back,0.02,500,380.2914046645667,380.2914046645667,0.6551630249243172,0.07358821624573242,0.0,3.0,1.3515505739083118
12,0,back,0.02,600,379.71277254197884,379.71277254197884,0.7576898152840305,0.0632638224044344,0.0,3.0,1.3482544326546742
12,0,back,0.02,700,378.9575463387379,378.9575463387379,0.9784345352968278,0.05080207766404943,0.0,3.0,1.346961626903207
12,0,back,0.02,800,378.12834480443905,378.12834480443905,1.176360041336055,0.06565040704507963,0.0,3.0,1.3428120087480835
12,0,back,0.02,900,377.5271362228425,377.5271362228425,1.6050624490473184,0.04704216914678072,0.0,3.0,1.3438833509615051
12,0,back,0.02,1000,376.7534915286237,376.7534915286237,2.018023796490663,0.067705959687276,0.0,3.0,1.3421050666169536
12,0,back,0.02,1100,375.7655373577218,375.7655373577218,2.5290679200859962,0.05456754966072008,0.0,3.0,1.3385045327254368
12,0,back,0.02,1200,375.3987410860858,375.3987410860858,2.321552531233577,0.05185789533899887,0.0,3.0,1.333414765603748
12,0,back,0.02,1300,375.3676392831486,375.3676392831486,2.39914994678954,0.014341311783230282,0.0,3.0,1.3345400665788205
12,0,back,0.02,1400,375.3092578367438,375.3092578367438,2.5559675879144774,0.05682266013259585,0.0,3.0,1.3354828241647096
12,0,back,0.02,1500,375.2427260617196,375.2427260617196,3.981207054907132,0.04516070562095642,0.0,3.0,1.3427275190410133
12,0,back,0.02,1600,375.23749924811733,375.23749924811733,4.1375439310232265,0.0,0.0,3.0,1.3432835820895523
12,0,back,0.02,1700,375.23749924811733,375.23749924811733,4.1375439310232265,0.0,0.0,3.0,1.3432835820895523
12,0,back,0.02,1800,375.23749924811733,375.23749924811733,4.1375439310232265,0.0,0.0,3.0,1.3432835820895523
12,0,back,0.02,1900,375.23749924811733,375.23749924811733,4.1375439310232265,0.0,0.0,3.0,1.3432835820895523
12,0,back,0.02,2000,375.23749924811733,375.23749924811733,4.1375439310232265,0.0,0.0,3.0,1.3432835820895523
12,0,back,0.02,2100,375.23749924811733,375.23749924811733,4.1375439310232265,0.0,0.0,3.0,1.3432835820895523
12,0,back,0.02,2200,375.23749924811733,375.23749924811733,4.1375439310232265,0.0,0.0,3.0,1.3432835820895523
12,0,back,0.02,2300,375.23749924811733,375.23749924811733,4.1375439310232265,0.0,0.0,3.0,1.3432835820895523
12,0,back,0.02,2400,375.23749924811733,375.23749924811733,4.1375439310232265,0.0,0.0,3.0,1.3432835820895523
12,0,back,0.02,2500,375.23749924811733,375.23749924811733,4.1375439310232265,0.0,0.0,3.0,1.3432835820895523
13,0,back,0.05,1,433.9927113279344,440.36140448657187,1196.6834041069567,1.5900260745423846,0.04999999970102593,2.950000001,1.4902985079934121
13,0,back,0.05,100,382.36953541005795,382.36953541005795,0.5168689728226951,0.13417802136645074,0.0,3.0,1.3599378055274955
13,0,back,0.05,200,380.6433702934031,380.6433702934031,0.5470567591350456,0.06854263816438344,0.0,3.0,1.3526816959959085
13,0,back,0.05,300,379.3632167931011,379.3632167931011,0.9099372263873828,0.06111695279827867,0.0,3.0,1.3451974596136762
13,0,back,0.05,400,377.5991919211254,377.5991919211254,1.3831422118640972,0.06674032780589956,0.0,3.0,1.3472383294501347
13,0,back,0.05,500,376.0400794459817,376.0400794459817,1.2909244045904273,0.05473922748092308,0.0,3.0,1.3345250882517965
13,0,back,0.05,600,375.17045153091624,375.17045153091624,2.0203087768774237,0.04884923662273122,0.0,3.0,1.3377455883888347
13,0,back,0.05,700,375.0760408438498,375.0760408438498,3.402514239362546,0.0,0.0,3.0,1.3432835820895523
13,0,back,0.05,800,375.0760408438498,375.0760408438498,3.402514239362546,0.0,0.0,3.0,1.3432835820895523
13,0,back,0.05,900,375.0760408438498,375.0760408438498,3.402514239362546,0.0,0.0,3.0,1.3432835820895523
13,0,back,0.05,1000,375.0760408438498,375.0760408438498,3.402514239362546,0.0,0.0,3.0,1.3432835820895523
13,0,back,0.05,1100,375.0760408438498,375.0760408438498,3.402514239362546,0.0,0.0,3.0,1.3432835820895523
13,0,back,0.05,1200,375.0760408438498,375.0760408438498,3.402514239362546,0.0,0.0,3.0,1.3432835820895523
13,0,back,0.05,1300,375.0760408438498,375.0760408438498,3.402514239362546,0.0,0.0,3.0,1.3432835820895523
13,0,back,0.05,1400,375.0760408438498,375.0760408438498,3.402514239362546,0.0,0.0,3.0,1.3432835820895523
13,0,back,0.05,1500,375.0760408438498,375.0760408438498,3.402514239362546,0.0,0.0,3.0,1.3432835820895523
13,0,back,0.05,1600,375.0760408438498,375.0760408438498,3.402514239362546,0.0,0.0,3.0,1.3432835820895523
13,0,back,0.05,1700,375.0760408438498,375.0760408438498,3.402514239362546,0.0,0.0,3.0,1.3432835820895523
13,0,back,0.05,1800,375.0760408438498,375.0760408438498,3.402514239362546,0.0,0.0,3.0,1.3432835820895523
13,0,back,0.05,1900,375.0760408438498,375.0760408438498,3.402514239362546,0.0,0.0,3.0,1.3432835820895523
13,0,back,0.05,2000,375.0760408438498,375.0760408438498,3.402514239362546,0.0,0.0,3.0,1.3432835820895523
13,0,back,0.05,2100,375.0760408438498,375.0760408438498,3.402514239362546,0.0,0.0,3.0,1.3432835820895523
13,0,back,0.05,2200,375.0760408438498,375.0760408438498,3.402514239362546,0.0,0.0,3.0,1.3432835820895523
13,0,back,0.05,2300,375.0760408438498,375.0760408438498,3.402514239362546,0.0,0.0,3.0,1.3432835820895523
13,0,back,0.05,2400,375.0760408438498,375.0760408438498,3.402514239362546,0.0,0.0,3.0,1.3432835820895523
13,0,back,0.05,2500,375.0760408438498,375.0760408438498,3.402514239362546,0.0,0.0,3.0,1.3432835820895523
14,0,back,0.1,1,428.09687667196386,440.36140448657187,982.1061504342216,1.5124685765033656,0.09999999940205186,2.900000002,1.4805970159868242
14,0,back,0.1,100,381.16090192256246,381.1886601965786,0.598731201423261,0.05981321652267635,0.0,3.0,1.3561838045967143
14,0,back,0.1,200,378.6946644085018,378.718369194039,1.4428780685743077,0.052135744385966465,0.0,3.0,1.344774752326
14,0,back,0.1,300,376.1367058394835,376.15407328301376,2.768004032742921,0.0681332803878616,0.0,3.0,1.3428862397709325
14,0,back,0.1,400,375.4284997344905,375.4284997344905,3.386483712291326,0.0,0.0,3.0,1.3432835820895523
14,0,back,0.1,500,375.4284997344905,375.4284997344905,3.386483712291326,0.0,0.0,3.0,1.3432835820895523
14,0,back,0.1,600,375.4284997344905,375.4284997344905,3.386483712291326,0.0,0.0,3.0,1.3432835820895523
14,0,back,0.1,700,375.4284997344905,375.4284997344905,3.386483712291326,0.0,0.0,3.0,1.3432835820895523
14,0,back,0.1,800,375.4284997344905,375.4284997344905,3.386483712291326,0.0,0.0,3.0,1.3432835820895523
14,0,back,0.1,900,375.4284997344905,375.4284997344905,3.386483712291326,0.0,0.0,3.0,1.3432835820895523
14,0,back,0.1,1000,375.4284997344905,375.4284997344905,3.386483712291326,0.0,0.0,3.0,1.3432835820895523
14,0,back,0.1,1100,375.4284997344905,375.4284997344905,3.386483712291326,0.0,0.0,3.0,1.3432835820895523
14,0,back,0.1,1200,375.4284997344905,375.4284997344905,3.386483712291326,0.0,0.0,3.0,1.3432835820895523
14,0,back,0.1,1300,375.4284997344905,375.4284997344905,3.386483712291326,0.0,0.0,3.0,1.3432835820895523
14,0,back,0.1,1400,375.4284997344905,375.4284997344905,3.386483712291326,0.0,0.0,3.0,1.3432835820895523
14,0,back,0.1,1500,375.4284997344905,375.4284997344905,3.386483712291326,0.0,0.0,3.0,1.3432835820895523
14,0,back,0.1,1600,375.4284997344905,375.4284997344905,3.386483712291326,0.0,0.0,3.0,1.3432835820895523
14,0,back,0.1,1700,375.4284997344905,375.4284997344905,3.386483712291326,0.0,0.0,3.0,1.3432835820895523
14,0,back,0.1,1800,375.4284997344905,375.4284997344905,3.386483712291326,0.0,0.0,3.0,1.3432835820895523
14,0,back,0.1,1900,375.4284997344905,375.4284997344905,3.386483712291326,0.0,0.0,3.0,1.3432835820895523
14,0,back,0.1,2000,375.4284997344905,375.4284997344905,3.386483712291326,0.0,0.0,3.0,1.3432835820895523
14,0,back,0.1,2100,375.4284997344905,375.4284997344905,3.386483712291326,0.0,0.0,3.0,1.3432835820895523
14,0,back,0.1,2200,375.4284997344905,375.4284997344905,3.386483712291326,0.0,0.0,3.0,1.3432835820895523
14,0,back,0.1,2300,375.4284997344905,375.4284997344905,3.386483712291326,0.0,0.0,3.0,1.3432835820895523
14,0,back,0.1,2400,375.4284997344905,375.4284997344905,3.386483712291326,0.0,0.0,3.0,1.3432835820895523
14,0,back,0.1,2500,375.4284997344905,375.4284997344905,3.386483712291326,0.0,0.0,3.0,1.3432835820895523
15,0,back,0.2,1,417.67680053774734,440.36140448657187,647.3330336750295,1.370813303533533,0.1999999988041037,2.800000004,1.461194031973648
15,0,back,0.2,100,379.66332053953545,379.7027824431258,1.6025644755102326,0.0620121361212731,0.0,3.0,1.3455944294178652
15,0,back,0.2,200,375.63075493098273,375.6332546891204,2.1585784302669766,0.0400499476037145,0.0,3.0,1.3353436347499805
15,0,back,0.2,300,375.4201512136047,375.4201512136047,2.4712221642120213,0.0,0.0,3.0,1.3432835820895523
15,0,back,0.2,400,375.4201512136047,375.4201512136047,2.4712221642120213,0.0,0.0,3.0,1.3432835820895523
15,0,back,0.2,500,375.4201512136047,375.4201512136047,2.4712221642120213,0.0,0.0,3.0,1.3432835820895523
15,0,back,0.2,600,375.4201512136047,375.4201512136047,2.4712221642120213,0.0,0.0,3.0,1.3432835820895523
15,0,back,0.2,700,375.4201512136047,375.4201512136047,2.4712221642120213,0.0,0.0,3.0,1.3432835820895523
15,0,back,0.2,800,375.4201512136047,375.4201512136047,2.4712221642120213,0.0,0.0,3.0,1.3432835820895523
15,0,back,0.2,900,375.4201512136047,375.4201512136047,2.4712221642120213,0.0,0.0,3.0,1.3432835820895523
15,0,back,0.2,1000,375.4201512136047,375.4201512136047,2.4712221642120213,0.0,0.0,3.0,1.3432835820895523
15,0,back,0.2,1100,375.4201512136047,375.4201512136047,2.4712221642120213,0.0,0.0,3.0,1.3432835820895523
15,0,back,0.2,1200,375.4201512136047,375.4201512136047,2.4712221642120213,0.0,0.0,3.0,1.3432835820895523
15,0,back,0.2,1300,375.4201512136047,375.4201512136047,2.4712221642120213,0.0,0.0,3.0,1.3432835820895523
15,0,back,0.2,1400,375.4201512136047,375.4201512136047,2.4712221642120213,0.0,0.0,3.0,1.3432835820895523
15,0,back,0.2,1500,375.4201512136047,375.4201512136047,2.4712221642120213,0.0,0.0,3.0,1.3432835820895523
15,0,back,0.2,1600,375.4201512136047,375.4201512136047,2.4712221642120213,0.0,0.0,3.0,1.3432835820895523
15,0,back,0.2,1700,375.4201512136047,375.4201512136047,2.4712221642120213,0.0,0.0,3.0,1.3432835820895523
15,0,back,0.2,1800,375.4201512136047,375.4201512136047,2.4712221642120213,0.0,0.0,3.0,1.3432835820895523
15,0,back,0.2,1900,375.4201512136047,375.4201512136047,2.4712221642120213,0.0,0.0,3.0,1.3432835820895523
15,0,back,0.2,2000,375.4201512136047,375.4201512136047,2.4712221642120213,0.0,0.0,3.0,1.3432835820895523
15,0,back,0.2,2100,375.4201512136047,375.4201512136047,2.4712221642120213,0.0,0.0,3.0,1.3432835820895523
15,0,back,0.2,2200,375.4201512136047,375.4201512136047,2.4712221642120213,0.0,0.0,3.0,1.3432835820895523
15,0,back,0.2,2300,375.4201512136047,375.4201512136047,2.4712221642120213,0.0,0.0,3.0,1.3432835820895523
15,0,back,0.2,2400,375.4201512136047,375.4201512136047,2.4712221642120213,0.0,0.0,3.0,1.3432835820895523
15,0,back,0.2,2500,375.4201512136047,375.4201512136047,2.4712221642120213,0.0,0.0,3.0,1.3432835820895523
16,1,mid,0.02,1,398.94413005544754,399.89348193062773,69.97404575021686,0.8150432771481377,1.4800000004,1.5199999997650708,1.4939303486758777
16,1,mid,0.02,100,383.1634210193202,383.1634210193202,0.9060871591261124,0.15923554448507726,0.0,3.0,1.3690662426453868
16,1,mid,0.02,200,381.5588147246627,381.5588147246627,0.6001182776569038,0.08282558266123408,0.0,3.0,1.356097280200903
16,1,mid,0.02,300,379.88085533258777,379.88085533258777,0.8860187634157749,0.06697420069967563,0.0,3.0,1.3515156877242502
16,1,mid,0.02,400,378.7156947753214,378.7156947753214,1.5428484423390665,0.055890319502212904,0.0,3.0,1.3525441124794186
16,1,mid,0.02,500,377.0583375968079,377.0583375968079,2.502565271055263,0.06322543607160958,0.0,3.0,1.3480590399129428
16,1,mid,0.02,600,376.1391813404365,376.1391813404365,3.8630937619782357,0.05781474178682011,0.0,3.0,1.3489748564412638
16,1,mid,0.02,700,375.2499176109805,375.2499176109805,3.19860696164687,0.008436183779780393,0.0,3.0,1.3384959317652734
16,1,mid,0.02,800,375.18248868394,375.18248868394,2.6371087274943448,0.059382848188053394,0.0,3.0,1.3339431309609298
16,1,mid,0.02,900,375.1005416503823,375.1005416503823,2.184550784957986,0.0,0.0,3.0,1.328358208955224
16,1,mid,0.02,1000,375.1005416503823,375.1005416503823,2.184550784957986,0.0,0.0,3.0,1.328358208955224
16,1,mid,0.02,1100,375.1005416503823,375.1005416503823,2.184550784957986,0.0,0.0,3.0,1.328358208955224
16,1,mid,0.02,1200,375.1005416503823,375.1005416503823,2.184550784957986,0.0,0.0,3.0,1.328358208955224
16,1,mid,0.02,1300,375.1005416503823,375.1005416503823,2.184550784957986,0.0,0.0,3.0,1.328358208955224
16,1,mid,0.02,1400,375.1005416503823,375.1005416503823,2.184550784957986,0.0,0.0,3.0,1.328358208955224
16,1,mid,0.02,1500,375.1005416503823,375.1005416503823,2.184550784957986,0.0,0.0,3.0,1.328358208955224
16,1,mid,0.02,1600,375.1005416503823,375.1005416503823,2.184550784957986,0.0,0.0,3.0,1.328358208955224
16,1,mid,0.02,1700,375.1005416503823,375.1005416503823,2.184550784957986,0.0,0.0,3.0,1.328358208955224
16,1,mid,0.02,1800,375.1005416503823,375.1005416503823,2.184550784957986,0.0,0.0,3.0,1.328358208955224
16,1,mid,0.02,1900,375.1005416503823,375.1005416503823,2.184550784957986,0.0,0.0,3.0,1.328358208955224
16,1,mid,0.02,2000,375.1005416503823,375.1005416503823,2.184550784957986,0.0,0.0,3.0,1.328358208955224
16,1,mid,0.02,2100,375.1005416503823,375.1005416503823,2.184550784957986,0.0,0.0,3.0,1.328358208955224
16,1,mid,0.02,2200,375.1005416503823,375.1005416503823,2.184550784957986,0.0,0.0,3.0,1.328358208955224
16,1,mid,0.02,2300,375.1005416503823,375.1005416503823,2.184550784957986,0.0,0.0,3.0,1.328358208955224
16,1,mid,0.02,2400,375.1005416503823,375.1005416503823,2.184550784957986,0.0,0.0,3.0,1.328358208955224
16,1,mid,0.02,2500,375.1005416503823,375.1005416503823,2.184550784957986,0.0,0.0,3.0,1.328358208955224
17,1,mid,0.05,1,397.5904367772762,399.89348193062773,58.36154738734244,0.7609886819414977,1.450000001,1.5499999994126772,1.4848258716896945
17,1,mid,0.05,100,381.59014809444227,381.59014809444227,0.6935290975258894,0.05288174199677442,0.0,3.0,1.3549235191654034
17,1,mid,0.05,200,378.8620453926446,378.8620453926446,1.4528773119670282,0.049880681387748815,0.0,3.0,1.3516179447894057
17,1,mid,0.05,300,376.07701301976,376.07701301976,2.4420405285058693,0.062560588869362,0.0,3.0,1.3446000927688053
17,1,mid,0.05,400,375.7140878512672,375.7140878512672,2.9579444037154254,0.0,0.0,3.0,1.3432835820895523
17,1,mid,0.05,500,375.7140878512672,375.7140878512672,2.9579444037154254,0.0,0.0,3.0,1.3432835820895523
17,1,mid,0.05,600,375.7140878512672,375.7140878512672,2.9579444037154254,0.0,0.0,3.0,1.3432835820895523
17,1,mid,0.05,700,375.7140878512672,375.7140878512672,2.9579444037154254,0.0,0.0,3.0,1.3432835820895523
17,1,mid,0.05,800,375.7140878512672,375.7140878512672,2.9579444037154254,0.0,0.0,3.0,1.3432835820895523
17,1,mid,0.05,900,375.7140878512672,375.7140878512672,2.9579444037154254,0.0,0.0,3.0,1.3432835820895523
17,1,mid,0.05,1000,375.7140878512672,375.7140878512672,2.9579444037154254,0.0,0.0,3.0,1.3432835820895523
17,1,mid,0.05,1100,375.7140878512672,375.7140878512672,2.9579444037154254,0.0,0.0,3.0,1.3432835820895523
17,1,mid,0.05,1200,375.7140878512672,375.7140878512672,2.9579444037154254,0.0,0.0,3.0,1.3432835820895523
17,1,mid,0.05,1300,375.7140878512672,375.7140878512672,2.9579444037154254,0.0,0.0,3.0,1.3432835820895523
17,1,mid,0.05,1400,375.7140878512672,375.7140878512672,2.9579444037154254,0.0,0.0,3.0,1.3432835820895523
17,1,mid,0.05,1500,375.7140878512672,375.7140878512672,2.9579444037154254,0.0,0.0,3.0,1.3432835820895523
17,1,mid,0.05,1600,375.7140878512672,375.7140878512672,2.9579444037154254,0.0,0.0,3.0,1.3432835820895523
17,1,mid,0.05,1700,375.7140878512672,375.7140878512672,2.9579444037154254,0.0,0.0,3.0,1.3432835820895523
17,1,mid,0.05,1800,375.7140878512672,375.7140878512672,2.9579444037154254,0.0,0.0,3.0,1.3432835820895523
17,1,mid,0.05,1900,375.7140878512672,375.7140878512672,2.9579444037154254,0.0,0.0,3.0,1.3432835820895523
17,1,mid,0.05,2000,375.7140878512672,375.7140878512672,2.9579444037154254,0.0,0.0,3.0,1.3432835820895523
17,1,mid,0.05,2100,375.7140878512672,375.7140878512672,2.9579444037154254,0.0,0.0,3.0,1.3432835820895523
17,1,mid,0.05,2200,375.7140878512672,375.7140878512672,2.9579444037154254,0.0,0.0,3.0,1.3432835820895523
17,1,mid,0.05,2300,375.7140878512672,375.7140878512672,2.9579444037154254,0.0,0.0,3.0,1.3432835820895523
17,1,mid,0.05,2400,375.7140878512672,375.7140878512672,2.9579444037154254,0.0,0.0,3.0,1.3432835820895523
17,1,mid,0.05,2500,375.7140878512672,375.7140878512672,2.9579444037154254,0.0,0.0,3.0,1.3432835820895523
18,1,mid,0.1,1,395.5361945611121,399.89348193062773,41.88086708972814,0.6720948696124107,1.400000002,1.5999999988253546,1.4696517433793888
18,1,mid,0.1,100,379.73851560185176,379.76888061161276,1.380543882895837,0.07212214690376761,0.0,3.0,1.3488849228315025
18,1,mid,0.1,200,375.9446922089546,375.9557645097788,4.555968710037431,0.05869184761887691,0.0,3.0,1.3465480500457832
18,1,mid,0.1,300,375.777530668294,375.777530668294,3.5925707841890864,0.0018851485381885524,0.0,3.0,1.3425661378985114
18,1,mid,0.1,400,375.7634071185285,375.7634071185285,2.0808661164080675,0.020681929970944646,0.0,3.0,1.3364015973752679
18,1,mid,0.1,500,375.71142881594074,375.71142881594074,2.145065180943319,3.0080179558522602e-05,0.0,3.0,1.3283592746937924
18,1,mid,0.1,600,375.7114196479846,375.7114196479846,2.1241137934478864,0.0005798107825714105,0.0,3.0,1.3285088913350427
18,1,mid,0.1,700,375.7045987132088,375.7045987132088,1.8687445413391135,0.016090457741243736,0.0,3.0,1.3326144676758407
18,1,mid,0.1,800,375.6226263845508,375.62269756273133,3.2713575103197527,0.006543890447561651,0.0,3.0,1.3420519128181323
18,1,mid,0.1,900,375.5013520327473,375.5013520327473,1.5304893449765484,0.0,0.0,3.0,1.328358208955224
18,1,mid,0.1,1000,375.5013520327473,375.5013520327473,1.5304893449765484,0.0,0.0,3.0,1.328358208955224
18,1,mid,0.1,1100,375.5013520327473,375.5013520327473,1.5304893449765484,0.0,0.0,3.0,1.328358208955224
18,1,mid,0.1,1200,375.5013520327473,375.5013520327473,1.5304893449765484,0.0,0.0,3.0,1.328358208955224
18,1,mid,0.1,1300,375.5013520327473,375.5013520327473,1.5304893449765484,0.0,0.0,3.0,1.328358208955224
18,1,mid,0.1,1400,375.5013520327473,375.5013520327473,1.5304893449765484,0.0,0.0,3.0,1.328358208955224
18,1,mid,0.1,1500,375.5013520327473,375.5013520327473,1.5304893449765484,0.0,0.0,3.0,1.328358208955224
18,1,mid,0.1,1600,375.5013520327473,375.5013520327473,1.5304893449765484,0.0,0.0,3.0,1.328358208955224
18,1,mid,0.1,1700,375.5013520327473,375.5013520327473,1.5304893449765484,0.0,0.0,3.0,1.328358208955224
18,1,mid,0.1,1800,375.5013520327473,375.5013520327473,1.5304893449765484,0.0,0.0,3.0,1.328358208955224
18,1,mid,0.1,1900,375.5013520327473,375.5013520327473,1.5304893449765484,0.0,0.0,3.0,1.328358208955224
18,1,mid,0.1,2000,375.5013520327473,375.5013520327473,1.5304893449765484,0.0,0.0,3.0,1.328358208955224
18,1,mid,0.1,2100,375.5013520327473,375.5013520327473,1.5304893449765484,0.0,0.0,3.0,1.328358208955224
18,1,mid,0.1,2200,375.5013520327473,375.5013520327473,1.5304893449765484,0.0,0.0,3.0,1.328358208955224
18,1,mid,0.1,2300,375.5013520327473,375.5013520327473,1.5304893449765484,0.0,0.0,3.0,1.328358208955224
18,1,mid,0.1,2400,375.5013520327473,375.5013520327473,1.5304893449765484,0.0,0.0,3.0,1.328358208955224
18,1,mid,0.1,2500,375.5013520327473,375.5013520327473,1.5304893449765484,0.0,0.0,3.0,1.328358208955224
19,1,mid,0.2,1,392.28056122414705,399.89348193062773,18.91225051091682,0.6703110248206263,1.300000004,1.6999999976507092,1.4393034867587775
19,1,mid,0.2,100,377.4335407394582,377.51922834730664,2.3541141001435,0.05893363381210159,0.0,3.0,1.3479414605464246
19,1,mid,0.2,200,375.76831445946726,375.76831445946726,2.936825855113642,0.002973228921441695,0.0,3.0,1.3291783720652293
19,1,mid,0.2,300,375.63889047426534,375.63889047426534,2.8671470211659833,0.0,0.0,3.0,1.3432835820895523
19,1,mid,0.2,400,375.63889047426534,375.63889047426534,2.8671470211659833,0.0,0.0,3.0,1.3432835820895523
19,1,mid,0.2,500,375.63889047426534,375.63889047426534,2.8671470211659833,0.0,0.0,3.0,1.3432835820895523
19,1,mid,0.2,600,375.63889047426534,375.63889047426534,2.8671470211659833,0.0,0.0,3.0,1.3432835820895523
19,1,mid,0.2,700,375.63889047426534,375.63889047426534,2.8671470211659833,0.0,0.0,3.0,1.3432835820895523
19,1,mid,0.2,800,375.63889047426534,375.63889047426534,2.8671470211659833,0.0,0.0,3.0,1.3432835820895523
19,1,mid,0.2,900,375.63889047426534,375.63889047426534,2.8671470211659833,0.0,0.0,3.0,1.3432835820895523
19,1,mid,0.2,1000,375.63889047426534,375.63889047426534,2.8671470211659833,0.0,0.0,3.0,1.3432835820895523
19,1,mid,0.2,1100,375.63889047426534,375.63889047426534,2.8671470211659833,0.0,0.0,3.0,1.3432835820895523
19,1,mid,0.2,1200,375.63889047426534,375.63889047426534,2.8671470211659833,0.0,0.0,3.0,1.3432835820895523
19,1,mid,0.2,1300,375.63889047426534,375.63889047426534,2.8671470211659833,0.0,0.0,3.0,1.3432835820895523
19,1,mid,0.2,1400,375.63889047426534,375.63889047426534,2.8671470211659833,0.0,0.0,3.0,1.3432835820895523
19,1,mid,0.2,1500,375.63889047426534,375.63889047426534,2.8671470211659833,0.0,0.0,3.0,1.3432835820895523
19,1,mid,0.2,1600,375.63889047426534,375.63889047426534,2.8671470211659833,0.0,0.0,3.0,1.3432835820895523
19,1,mid,0.2,1700,375.63889047426534,375.63889047426534,2.8671470211659833,0.0,0.0,3.0,1.3432835820895523
19,1,mid,0.2,1800,375.63889047426534,375.63889047426534,2.8671470211659833,0.0,0.0,3.0,1.3432835820895523
19,1,mid,0.2,1900,375.63889047426534,375.63889047426534,2.8671470211659833,0.0,0.0,3.0,1.3432835820895523
19,1,mid,0.2,2000,375.63889047426534,375.63889047426534,2.8671470211659833,0.0,0.0,3.0,1.3432835820895523
19,1,mid,0.2,2100,375.63889047426534,375.63889047426534,2.8671470211659833,0.0,0.0,3.0,1.3432835820895523
19,1,mid,0.2,2200,375.63889047426534,375.63889047426534,2.8671470211659833,0.0,0.0,3.0,1.3432835820895523
19,1,mid,0.2,2300,375.63889047426534,375.63889047426534,2.8671470211659833,0.0,0.0,3.0,1.3432835820895523
19,1,mid,0.2,2400,375.63889047426534,375.63889047426534,2.8671470211659833,0.0,0.0,3.0,1.3432835820895523
19,1,mid,0.2,2500,375.63889047426534,375.63889047426534,2.8671470211659833,0.0,0.0,3.0,1.3432835820895523
20,1,random,0.02,1,398.8803482483205,399.7713362299819,59.96039245350066,0.6164825780194061,0.9396253169142283,2.3188726193765765,1.5564562529540944
20,1,random,0.02,100,381.7562900519907,381.7562900519907,0.8311428688483242,0.3388726589765779,0.0,3.0,1.3636965281825995
20,1,random,0.02,200,378.0918383855469,378.0918383855469,0.9180815462051082,0.06745006881078941,0.0,3.0,1.3454802079262453
20,1,random,0.02,300,375.98835635981567,375.98835635981567,1.670296841725788,0.08321064712839776,0.0,3.0,1.3330416577218798
20,1,random,0.02,400,375.2971612397994,375.2971612397994,1.4691607068024188,0.05879897471657625,0.0,3.0,1.3297451127905333
20,1,random,0.02,500,374.8960097075484,374.8960097075484,1.783647163358018,0.04412009513179127,0.0,3.0,1.3308278581482953
20,1,random,0.02,600,374.8440909559248,374.8440909559248,1.7236157584272043,0.0,0.0,3.0,1.328358208955224
20,1,random,0.02,700,374.8440909559248,374.8440909559248,1.7236157584272043,0.0,0.0,3.0,1.328358208955224
20,1,random,0.02,800,374.8440909559248,374.8440909559248,1.7236157584272043,0.0,0.0,3.0,1.328358208955224
20,1,random,0.02,900,374.8440909559248,374.8440909559248,1.7236157584272043,0.0,0.0,3.0,1.328358208955224
20,1,random,0.02,1000,374.8440909559248,374.8440909559248,1.7236157584272043,0.0,0.0,3.0,1.328358208955224
20,1,random,0.02,1100,374.8440909559248,374.8440909559248,1.7236157584272043,0.0,0.0,3.0,1.328358208955224
20,1,random,0.02,1200,374.8440909559248,374.8440909559248,1.7236157584272043,0.0,0.0,3.0,1.328358208955224
20,1,random,0.02,1300,374.8440909559248,374.8440909559248,1.7236157584272043,0.0,0.0,3.0,1.328358208955224
20,1,random,0.02,1400,374.8440909559248,374.8440909559248,1.7236157584272043,0.0,0.0,3.0,1.328358208955224
20,1,random,0.02,1500,374.8440909559248,374.8440909559248,1.7236157584272043,0.0,0.0,3.0,1.328358208955224
20,1,random,0.02,1600,374.8440909559248,374.8440909559248,1.7236157584272043,0.0,0.0,3.0,1.328358208955224
20,1,random,0.02,1700,374.8440909559248,374.8440909559248,1.7236157584272043,0.0,0.0,3.0,1.328358208955224
20,1,random,0.02,1800,374.8440909559248,374.8440909559248,1.7236157584272043,0.0,0.0,3.0,1.328358208955224
20,1,random,0.02,1900,374.8440909559248,374.8440909559248,1.7236157584272043,0.0,0.0,3.0,1.328358208955224
20,1,random,0.02,2000,374.8440909559248,374.8440909559248,1.7236157584272043,0.0,0.0,3.0,1.328358208955224
20,1,random,0.02,2100,374.8440909559248,374.8440909559248,1.7236157584272043,0.0,0.0,3.0,1.328358208955224
20,1,random,0.02,2200,374.8440909559248,374.8440909559248,1.7236157584272043,0.0,0.0,3.0,1.328358208955224
20,1,random,0.02,2300,374.8440909559248,374.8440909559248,1.7236157584272043,0.0,0.0,3.0,1.328358208955224
20,1,random,0.02,2400,374.8440909559248,374.8440909559248,1.7236157584272043,0.0,0.0,3.0,1.328358208955224
20,1,random,0.02,2500,374.8440909559248,374.8440909559248,1.7236157584272043,0.0,0.0,3.0,1.328358208955224
21,1,random,0.05,1,396.2008465711877,398.0937216409829,33.0061628270235,0.6670026665037978,0.784696799187616,2.0226347334802375,1.4946346896418115
21,1,random,0.05,100,377.3598576434856,377.3598576434856,0.861075147286586,0.07614162854927908,0.0,3.0,1.338292461475125
21,1,random,0.05,200,374.58382071192597,374.58382071192597,1.1667148798029419,0.050327988929667944,0.0,3.0,1.323539985733747
21,1,random,0.05,300,374.4506594322107,374.4506594322107,1.4891981990101957,0.0,0.0,3.0,1.3134328358208955
21,1,random,0.05,400,374.4506594322107,374.4506594322107,1.4891981990101957,0.0,0.0,3.0,1.3134328358208955
21,1,random,0.05,500,374.4506594322107,374.4506594322107,1.4891981990101957,0.0,0.0,3.0,1.3134328358208955
21,1,random,0.05,600,374.4506594322107,374.4506594322107,1.4891981990101957,0.0,0.0,3.0,1.3134328358208955
21,1,random,0.05,700,374.4506594322107,374.4506594322107,1.4891981990101957,0.0,0.0,3.0,1.3134328358208955
21,1,random,0.05,800,374.4506594322107,374.4506594322107,1.4891981990101957,0.0,0.0,3.0,1.3134328358208955
21,1,random,0.05,900,374.4506594322107,374.4506594322107,1.4891981990101957,0.0,0.0,3.0,1.3134328358208955
21,1,random,0.05,1000,374.4506594322107,374.4506594322107,1.4891981990101957,0.0,0.0,3.0,1.3134328358208955
21,1,random,0.05,1100,374.4506594322107,374.4506594322107,1.4891981990101957,0.0,0.0,3.0,1.3134328358208955
21,1,random,0.05,1200,374.4506594322107,374.4506594322107,1.4891981990101957,0.0,0.0,3.0,1.3134328358208955
21,1,random,0.05,1300,374.4506594322107,374.4506594322107,1.4891981990101957,0.0,0.0,3.0,1.3134328358208955
21,1,random,0.05,1400,374.4506594322107,374.4506594322107,1.4891981990101957,0.0,0.0,3.0,1.3134328358208955
21,1,random,0.05,1500,374.4506594322107,374.4506594322107,1.4891981990101957,0.0,0.0,3.0,1.3134328358208955
21,1,random,0.05,1600,374.4506594322107,374.4506594322107,1.4891981990101957,0.0,0.0,3.0,1.3134328358208955
21,1,random,0.05,1700,374.4506594322107,374.4506594322107,1.4891981990101957,0.0,0.0,3.0,1.3134328358208955
21,1,random,0.05,1800,374.4506594322107,374.4506594322107,1.4891981990101957,0.0,0.0,3.0,1.3134328358208955
21,1,random,0.05,1900,374.4506594322107,374.4506594322107,1.4891981990101957,0.0,0.0,3.0,1.3134328358208955
21,1,random,0.05,2000,374.4506594322107,374.4506594322107,1.4891981990101957,0.0,0.0,3.0,1.3134328358208955
21,1,random,0.05,2100,374.4506594322107,374.4506594322107,1.4891981990101957,0.0,0.0,3.0,1.3134328358208955
21,1,random,0.05,2200,374.4506594322107,374.4506594322107,1.4891981990101957,0.0,0.0,3.0,1.3134328358208955
21,1,random,0.05,2300,374.4506594322107,374.4506594322107,1.4891981990101957,0.0,0.0,3.0,1.3134328358208955
21,1,random,0.05,2400,374.4506594322107,374.4506594322107,1.4891981990101957,0.0,0.0,3.0,1.3134328358208955
21,1,random,0.05,2500,374.4506594322107,374.4506594322107,1.4891981990101957,0.0,0.0,3.0,1.3134328358208955
22,1,random,0.1,1,396.2765492248574,400.4763442099782,40.091358796723675,0.6857429526675309,0.6846143766278672,2.0311255342974355,1.4599702636903726
22,1,random,0.1,100,374.8840543904568,374.8840543904568,1.2889245119525856,0.04945307932902532,0.0,3.0,1.331224061283207
22,1,random,0.1,200,374.32416162750917,374.32416162750917,2.0273144175375792,0.001819054567091083,0.0,3.0,1.3338535057011365
22,1,random,0.1,300,374.2858029309839,374.2858029309839,3.2472049933809854,0.0,0.0,3.0,1.3432835820895523
22,1,random,0.1,400,374.2858029309839,374.2858029309839,3.2472049933809854,0.0,0.0,3.0,1.3432835820895523
22,1,random,0.1,500,374.2858029309839,374.2858029309839,3.2472049933809854,0.0,0.0,3.0,1.3432835820895523
22,1,random,0.1,600,374.2858029309839,374.2858029309839,3.2472049933809854,0.0,0.0,3.0,1.3432835820895523
22,1,random,0.1,700,374.2858029309839,374.2858029309839,3.2472049933809854,0.0,0.0,3.0,1.3432835820895523
22,1,random,0.1,800,374.2858029309839,374.2858029309839,3.2472049933809854,0.0,0.0,3.0,1.3432835820895523
22,1,random,0.1,900,374.2858029309839,374.2858029309839,3.2472049933809854,0.0,0.0,3.0,1.3432835820895523
22,1,random,0.1,1000,374.2858029309839,374.2858029309839,3.2472049933809854,0.0,0.0,3.0,1.3432835820895523
22,1,random,0.1,1100,374.2858029309839,374.2858029309839,3.2472049933809854,0.0,0.0,3.0,1.3432835820895523
22,1,random,0.1,1200,374.2858029309839,374.2858029309839,3.2472049933809854,0.0,0.0,3.0,1.3432835820895523
22,1,random,0.1,1300,374.2858029309839,374.2858029309839,3.2472049933809854,0.0,0.0,3.0,1.3432835820895523
22,1,random,0.1,1400,374.2858029309839,374.2858029309839,3.2472049933809854,0.0,0.0,3.0,1.3432835820895523
22,1,random,0.1,1500,374.2858029309839,374.2858029309839,3.2472049933809854,0.0,0.0,3.0,1.3432835820895523
22,1,random,0.1,1600,374.2858029309839,374.2858029309839,3.2472049933809854,0.0,0.0,3.0,1.3432835820895523
22,1,random,0.1,1700,374.2858029309839,374.2858029309839,3.2472049933809854,0.0,0.0,3.0,1.3432835820895523
22,1,random,0.1,1800,374.2858029309839,374.2858029309839,3.2472049933809854,0.0,0.0,3.0,1.3432835820895523
22,1,random,0.1,1900,374.2858029309839,374.2858029309839,3.2472049933809854,0.0,0.0,3.0,1.3432835820895523
22,1,random,0.1,2000,374.2858029309839,374.2858029309839,3.2472049933809854,0.0,0.0,3.0,1.3432835820895523
22,1,random,0.1,2100,374.2858029309839,374.2858029309839,3.2472049933809854,0.0,0.0,3.0,1.3432835820895523
22,1,random,0.1,2200,374.2858029309839,374.2858029309839,3.2472049933809854,0.0,0.0,3.0,1.3432835820895523
22,1,random,0.1,2300,374.2858029309839,374.2858029309839,3.2472049933809854,0.0,0.0,3.0,1.3432835820895523
22,1,random,0.1,2400,374.2858029309839,374.2858029309839,3.2472049933809854,0.0,0.0,3.0,1.3432835820895523
22,1,random,0.1,2500,374.2858029309839,374.2858029309839,3.2472049933809854,0.0,0.0,3.0,1.3432835820895523
23,1,random,0.2,1,396.66827217835294,406.5494705473541,54.82765005679939,0.7755982272080317,0.831066941559763,2.1984934126834204,1.4357552215108842
23,1,random,0.2,100,374.5986162487496,374.60228307268636,1.247213205498864,0.04586023626495672,0.0,3.0,1.3204337393390364
23,1,random,0.2,200,374.5677342263502,374.5677342263502,1.6216855072277752,0.004095051182567477,0.0,3.0,1.3156130412934215
23,1,random,0.2,300,374.46514718979074,374.46514718979074,1.7882192071246032,0.0,0.0,3.0,1.328358208955224
23,1,random,0.2,400,374.46514718979074,374.46514718979074,1.7882192071246032,0.0,0.0,3.0,1.328358208955224
23,1,random,0.2,500,374.46514718979074,374.46514718979074,1.7882192071246032,0.0,0.0,3.0,1.328358208955224
23,1,random,0.2,600,374.46514718979074,374.46514718979074,1.7882192071246032,0.0,0.0,3.0,1.328358208955224
23,1,random,0.2,700,374.46514718979074,374.46514718979074,1.7882192071246032,0.0,0.0,3.0,1.328358208955224
23,1,random,0.2,800,374.46514718979074,374.46514718979074,1.7882192071246032,0.0,0.0,3.0,1.328358208955224
23,1,random,0.2,900,374.46514718979074,374.46514718979074,1.7882192071246032,0.0,0.0,3.0,1.328358208955224
23,1,random,0.2,1000,374.46514718979074,374.46514718979074,1.7882192071246032,0.0,0.0,3.0,1.328358208955224
23,1,random,0.2,1100,374.46514718979074,374.46514718979074,1.7882192071246032,0.0,0.0,3.0,1.328358208955224
23,1,random,0.2,1200,374.46514718979074,374.46514718979074,1.7882192071246032,0.0,0.0,3.0,1.328358208955224
23,1,random,0.2,1300,374.46514718979074,374.46514718979074,1.7882192071246032,0.0,0.0,3.0,1.328358208955224
23,1,random,0.2,1400,374.46514718979074,374.46514718979074,1.7882192071246032,0.0,0.0,3.0,1.328358208955224
23,1,random,0.2,1500,374.46514718979074,374.46514718979074,1.7882192071246032,0.0,0.0,3.0,1.328358208955224
23,1,random,0.2,1600,374.46514718979074,374.46514718979074,1.7882192071246032,0.0,0.0,3.0,1.328358208955224
23,1,random,0.2,1700,374.46514718979074,374.46514718979074,1.7882192071246032,0.0,0.0,3.0,1.328358208955224
23,1,random,0.2,1800,374.46514718979074,374.46514718979074,1.7882192071246032,0.0,0.0,3.0,1.328358208955224
23,1,random,0.2,1900,374.46514718979074,374.46514718979074,1.7882192071246032,0.0,0.0,3.0,1.328358208955224
23,1,random,0.2,2000,374.46514718979074,374.46514718979074,1.7882192071246032,0.0,0.0,3.0,1.328358208955224
23,1,random,0.2,2100,374.46514718979074,374.46514718979074,1.7882192071246032,0.0,0.0,3.0,1.328358208955224
23,1,random,0.2,2200,374.46514718979074,374.46514718979074,1.7882192071246032,0.0,0.0,3.0,1.328358208955224
23,1,random,0.2,2300,374.46514718979074,374.46514718979074,1.7882192071246032,0.0,0.0,3.0,1.328358208955224
23,1,random,0.2,2400,374.46514718979074,374.46514718979074,1.7882192071246032,0.0,0.0,3.0,1.328358208955224
23,1,random,0.2,2500,374.46514718979074,374.46514718979074,1.7882192071246032,0.0,0.0,3.0,1.328358208955224
24,1,front,0.02,1,541.2330008623419,550.6894677303351,23263.355029657996,2.965000000024615,0.0,3.0,1.519776119274501
24,1,front,0.02,100,428.66285985830746,428.66285985830746,180.60795490460083,0.8031765649412836,0.0,3.0,1.7921615133368487
24,1,front,0.02,200,389.12190995651054,389.12190995651054,14.660449652459144,0.459595567645424,0.0,3.0,1.3971987732086133
24,1,front,0.02,300,385.21731448799784,385.21731448799784,2.4385941778831515,0.25231059986230786,0.0,3.0,1.383148470490785
24,1,front,0.02,400,383.8884277684061,383.8884277684061,1.162567969713993,0.19413056320128375,0.0,3.0,1.3733091831957465
24,1,front,0.02,500,383.07384877667187,383.07384877667187,0.9036704826814285,0.15887800336080593,0.0,3.0,1.366607632604034
24,1,front,0.02,600,382.4886495082836,382.4886495082836,0.759359384444832,0.08941758113683873,0.0,3.0,1.3609049257173722
24,1,front,0.02,700,382.13962767019433,382.13962767019433,0.6396951178012387,0.07795786261619408,0.0,3.0,1.3579321997400553
24,1,front,0.02,800,381.9469507711806,381.9469507711806,0.5410302896679539,0.05622525185981653,0.0,3.0,1.3571154992411247
24,1,front,0.02,900,381.71776280418743,381.71776280418743,0.4461981973068826,0.0564466117075626,0.0,3.0,1.3567681986768076
24,1,front,0.02,1000,381.4426788776985,381.4426788776985,0.436003941569667,0.055240396009573534,0.0,3.0,1.3554172872459014
24,1,front,0.02,1100,381.17053175288686,381.17053175288686,0.5016262202940591,0.0709629211863474,0.0,3.0,1.3530549223654096
24,1,front,0.02,1200,380.9014641994492,380.9014641994492,0.6244909421308054,0.06855108582415381,0.0,3.0,1.3511380876394605
24,1,front,0.02,1300,380.75078178610437,380.75078178610437,0.5967114973614467,0.04905205668808277,0.0,3.0,1.3505701492570927
24,1,front,0.02,1400,380.59098679912836,380.59098679912836,0.6068003191257089,0.043890928346392855,0.0,3.0,1.3497169854332862
24,1,front,0.02,1500,380.28821958837034,380.28821958837034,0.5756261081694694,0.0502151119262324,0.0,3.0,1.3511380898054342
24,1,front,0.02,1600,379.82510687558494,379.82510687558494,0.6608547474724789,0.06905324944748736,0.0,3.0,1.3473598174890131
24,1,front,0.02,1700,379.52484360730807,379.52484360730807,0.7065019191688753,0.04655714162277036,0.0,3.0,1.346539173665688
24,1,front,0.02,1800,379.28451580650045,379.28451580650045,0.7659216450997064,0.06563973893793706,0.0,3.0,1.3477280359979869
24,1,front,0.02,1900,378.7760516886407,378.7760516886407,1.050523722811834,0.0424697189387544,0.0,3.0,1.347558183685978
24,1,front,0.02,2000,378.20701285832695,378.20701285832695,1.266907018500805,0.042033599057800464,0.0,3.0,1.3472439713527589
24,1,front,0.02,2100,377.68497469013886,377.68497469013886,2.0861952771558006,0.06831561550554299,0.0,3.0,1.349511086342591
24,1,front,0.02,2200,377.17899184275774,377.17899184275774,2.9341471283199696,0.05376784534655776,0.0,3.0,1.3499307396221596
24,1,front,0.02,2300,376.7715598991727,376.7715598991727,3.0114928092377067,0.06389480877782827,0.0,3.0,1.3462259074109342
24,1,front,0.02,2400,376.4920343546468,376.4920343546468,3.242386367187229,0.03702305765233094,0.0,3.0,1.3464557369558559
24,1,front,0.02,2500,376.407152276301,376.407152276301,3.4732125463488805,0.040545228212184536,0.0,3.0,1.3480204208101418
25,1,front,0.05,1,528.0831984484741,550.6894677303351,18689.670990400547,2.935000000061538,0.0,3.0,1.5492039797856987
25,1,front,0.05,100,386.53520989984094,386.53520989984094,4.526438221960561,0.2541104925816131,0.0,3.0,1.395218362035532
25,1,front,0.05,200,383.25551528817573,383.25551528817573,0.9530944147891474,0.16606838128270907,0.0,3.0,1.3682819307245502
25,1,front,0.05,300,382.2643472342595,382.2643472342595,0.6541435084847967,0.06942923800067957,0.0,3.0,1.3579157908277188
25,1,front,0.05,400,381.8118694953943,381.8118694953943,0.493494268522008,0.046222997206303074,0.0,3.0,1.3568536193235519
25,1,front,0.05,500,381.3616241065743,381.3616241065743,0.6500224276981933,0.06950243420746594,0.0,3.0,1.35209980859684
25,1,front,0.05,600,380.7929644802881,380.7929644802881,0.6490643403173425,0.03845918526868575,0.0,3.0,1.3511314085579804
25,1,front,0.05,700,380.359964203484,380.359964203484,0.7284067884713334,0.05311657403939396,0.0,3.0,1.3521131771219475
25,1,front,0.05,800,379.52289168644324,379.52289168644324,0.9494107895926561,0.05162252237066367,0.0,3.0,1.3470565592669734
25,1,front,0.05,900,379.0137553510764,379.0137553510764,1.054955091399243,0.04236108367578906,0.0,3.0,1.347700649775879
25,1,front,0.05,1000,377.80465135852,377.80465135852,1.302374340352959,0.05723463015071273,0.0,3.0,1.3431052139322455
25,1,front,0.05,1100,376.676851895463,376.676851895463,1.7379227360540195,0.049022153800309276,0.0,3.0,1.335379039252696
25,1,front,0.05,1200,376.2009273130565,376.2009273130565,1.976021071634167,0.055581143213348616,0.0,3.0,1.3347900433244442
25,1,front,0.05,1300,376.0747285943454,376.0747285943454,3.790956941554847,0.0,0.0,3.0,1.3432835820895523
25,1,front,0.05,1400,376.0747285943454,376.0747285943454,3.790956941554847,0.0,0.0,3.0,1.3432835820895523
25,1,front,0.05,1500,376.0747285943454,376.0747285943454,3.790956941554847,0.0,0.0,3.0,1.3432835820895523
25,1,front,0.05,1600,376.0747285943454,376.0747285943454,3.790956941554847,0.0,0.0,3.0,1.3432835820895523
25,1,front,0.05,1700,376.0747285943454,376.0747285943454,3.790956941554847,0.0,0.0,3.0,1.3432835820895523
25,1,front,0.05,1800,376.0747285943454,376.0747285943454,3.790956941554847,0.0,0.0,3.0,1.3432835820895523
25,1,front,0.05,1900,376.0747285943454,376.0747285943454,3.790956941554847,0.0,0.0,3.0,1.3432835820895523
25,1,front,0.05,2000,376.0747285943454,376.0747285943454,3.790956941554847,0.0,0.0,3.0,1.3432835820895523
25,1,front,0.05,2100,376.0747285943454,376.0747285943454,3.790956941554847,0.0,0.0,3.0,1.3432835820895523
25,1,front,0.05,2200,376.0747285943454,376.0747285943454,3.790956941554847,0.0,0.0,3.0,1.3432835820895523
25,1,front,0.05,2300,376.0747285943454,376.0747285943454,3.790956941554847,0.0,0.0,3.0,1.3432835820895523
25,1,front,0.05,2400,376.0747285943454,376.0747285943454,3.790956941554847,0.0,0.0,3.0,1.3432835820895523
25,1,front,0.05,2500,376.0747285943454,376.0747285943454,3.790956941554847,0.0,0.0,3.0,1.3432835820895523
26,1,front,0.1,1,508.76398938754585,550.6894677303351,12760.337135787646,2.8850000001230756,0.0,3.0,1.5975870640717618
26,1,front,0.1,100,383.4454220454734,383.47934686304524,1.2307238939883423,0.1607490740526858,0.0,3.0,1.3673154754221648
26,1,front,0.1,200,382.0222242395235,382.03126275282756,0.6226478912121014,0.052846366023914904,0.0,3.0,1.356796121831648
26,1,front,0.1,300,381.40541221978157,381.412811850038,0.5340567606429177,0.04400737415491118,0.0,3.0,1.3543447748635065
26,1,front,0.1,400,380.2244954282014,380.2375774814947,0.7330348692636494,0.0612728482171212,0.0,3.0,1.3553098227805747
26,1,front,0.1,500,378.9657107592763,378.972795073463,1.3325489887894588,0.04563990145935293,0.0,3.0,1.3538336741350363
26,1,front,0.1,600,377.44017520023937,377.46849161164135,1.6695247909757334,0.06199726338386835,0.0,3.0,1.3463787695352873
26,1,front,0.1,700,376.0130667960023,376.0163261563718,1.9206455628650658,0.04404853598170311,0.0,3.0,1.3415531586903457
26,1,front,0.1,800,375.723488154552,375.7258882623229,2.253740385462976,0.056190520139030475,0.0,3.0,1.3429968793292604
26,1,front,0.1,900,375.72019961403413,375.72019961403413,2.297309731967818,0.0,0.0,3.0,1.3432835820895523
26,1,front,0.1,1000,375.72019961403413,375.72019961403413,2.297309731967818,0.0,0.0,3.0,1.3432835820895523
26,1,front,0.1,1100,375.72019961403413,375.72019961403413,2.297309731967818,0.0,0.0,3.0,1.3432835820895523
26,1,front,0.1,1200,375.72019961403413,375.72019961403413,2.297309731967818,0.0,0.0,3.0,1.3432835820895523
26,1,front,0.1,1300,375.72019961403413,375.72019961403413,2.297309731967818,0.0,0.0,3.0,1.3432835820895523
26,1,front,0.1,1400,375.72019961403413,375.72019961403413,2.297309731967818,0.0,0.0,3.0,1.3432835820895523
26,1,front,0.1,1500,375.72019961403413,375.72019961403413,2.297309731967818,0.0,0.0,3.0,1.3432835820895523
26,1,front,0.1,1600,375.72019961403413,375.72019961403413,2.297309731967818,0.0,0.0,3.0,1.3432835820895523
26,1,front,0.1,1700,375.72019961403413,375.72019961403413,2.297309731967818,0.0,0.0,3.0,1.3432835820895523
26,1,front,0.1,1800,375.72019961403413,375.72019961403413,2.297309731967818,0.0,0.0,3.0,1.3432835820895523
26,1,front,0.1,1900,375.72019961403413,375.72019961403413,2.297309731967818,0.0,0.0,3.0,1.3432835820895523
26,1,front,0.1,2000,375.72019961403413,375.72019961403413,2.297309731967818,0.0,0.0,3.0,1.3432835820895523
26,1,front,0.1,2100,375.72019961403413,375.72019961403413,2.297309731967818,0.0,0.0,3.0,1.3432835820895523
26,1,front,0.1,2200,375.72019961403413,375.72019961403413,2.297309731967818,0.0,0.0,3.0,1.3432835820895523
26,1,front,0.1,2300,375.72019961403413,375.72019961403413,2.297309731967818,0.0,0.0,3.0,1.3432835820895523
26,1,front,0.1,2400,375.72019961403413,375.72019961403413,2.297309731967818,0.0,0.0,3.0,1.3432835820895523
26,1,front,0.1,2500,375.72019961403413,375.72019961403413,2.297309731967818,0.0,0.0,3.0,1.3432835820895523
27,1,front,0.2,1,478.87170849683974,550.6894677303351,5480.594004164942,2.7850000002461517,0.0,3.0,1.6918656705371757
27,1,front,0.2,100,382.29299605676715,382.29299605676715,0.5452030999708475,0.05423930161628476,0.0,3.0,1.3619105574012298
27,1,front,0.2,200,381.14899372956614,381.14899372956614,0.5692648858808561,0.0619362163096997,0.0,3.0,1.3546981383837344
27,1,front,0.2,300,378.9124604765845,378.9124604765845,1.3980194736170386,0.052609622700406256,0.0,3.0,1.3553225656251884
27,1,front,0.2,400,376.67388932621964,376.67388932621964,2.1272998665836464,0.07783677087651775,0.0,3.0,1.3474493906943898
27,1,front,0.2,500,375.5613151066303,375.5613151066303,2.4479356927432736,0.025795654472417162,0.0,3.0,1.3434119186789673
27,1,front,0.2,600,375.55926752126703,375.55926752126703,2.421740241179724,0.0,0.0,3.0,1.3432835820895523
27,1,front,0.2,700,375.55926752126703,375.55926752126703,2.421740241179724,0.0,0.0,3.0,1.3432835820895523
27,1,front,0.2,800,375.55926752126703,375.55926752126703,2.421740241179724,0.0,0.0,3.0,1.3432835820895523
27,1,front,0.2,900,375.55926752126703,375.55926752126703,2.421740241179724,0.0,0.0,3.0,1.3432835820895523
27,1,front,0.2,1000,375.55926752126703,375.55926752126703,2.421740241179724,0.0,0.0,3.0,1.3432835820895523
27,1,front,0.2,1100,375.55926752126703,375.55926752126703,2.421740241179724,0.0,0.0,3.0,1.3432835820895523
27,1,front,0.2,1200,375.55926752126703,375.55926752126703,2.421740241179724,0.0,0.0,3.0,1.3432835820895523
27,1,front,0.2,1300,375.55926752126703,375.55926752126703,2.421740241179724,0.0,0.0,3.0,1.3432835820895523
27,1,front,0.2,1400,375.55926752126703,375.55926752126703,2.421740241179724,0.0,0.0,3.0,1.3432835820895523
27,1,front,0.2,1500,375.55926752126703,375.55926752126703,2.421740241179724,0.0,0.0,3.0,1.3432835820895523
27,1,front,0.2,1600,375.55926752126703,375.55926752126703,2.421740241179724,0.0,0.0,3.0,1.3432835820895523
27,1,front,0.2,1700,375.55926752126703,375.55926752126703,2.421740241179724,0.0,0.0,3.0,1.3432835820895523
27,1,front,0.2,1800,375.55926752126703,375.55926752126703,2.421740241179724,0.0,0.0,3.0,1.3432835820895523
27,1,front,0.2,1900,375.55926752126703,375.55926752126703,2.421740241179724,0.0,0.0,3.0,1.3432835820895523
27,1,front,0.2,2000,375.55926752126703,375.55926752126703,2.421740241179724,0.0,0.0,3.0,1.3432835820895523
27,1,front,0.2,2100,375.55926752126703,375.55926752126703,2.421740241179724,0.0,0.0,3.0,1.3432835820895523
27,1,front,0.2,2200,375.55926752126703,375.55926752126703,2.421740241179724,0.0,0.0,3.0,1.3432835820895523
27,1,front,0.2,2300,375.55926752126703,375.55926752126703,2.421740241179724,0.0,0.0,3.0,1.3432835820895523
27,1,front,0.2,2400,375.55926752126703,375.55926752126703,2.421740241179724,0.0,0.0,3.0,1.3432835820895523
27,1,front,0.2,2500,375.55926752126703,375.55926752126703,2.421740241179724,0.0,0.0,3.0,1.3432835820895523
28,1,back,0.02,1,437.75631284654946,440.36140448657187,1344.0026452671727,1.6388493720370767,0.019999999880410374,2.9800000004,1.4961194031973648
28,1,back,0.02,100,386.3441213461706,386.3441213461706,3.0437050399550785,0.7479946198597136,0.0,2.9322676525533002,1.3649381576387103
28,1,back,0.02,200,382.7643256618516,382.7643256618516,0.5059287808981721,0.14408219868563732,0.0,3.0,1.3561899479260682
28,1,back,0.02,300,381.7473122057166,381.7473122057166,0.46163464713027236,0.11768044361164032,0.0,3.0,1.357931810388353
28,1,back,0.02,400,380.9700756059074,380.9700756059074,0.43869776315829573,0.0801469180808696,0.0,3.0,1.3531772367581711
28,1,back,0.02,500,380.2914046645667,380.2914046645667,0.6551630249243172,0.07358821624573242,0.0,3.0,1.3515505739083118
28,1,back,0.02,600,379.71277254197884,379.71277254197884,0.7576898152840305,0.0632638224044344,0.0,3.0,1.3482544326546742
28,1,back,0.02,700,378.9575463387379,378.9575463387379,0.9784345352968278,0.05080207766404943,0.0,3.0,1.346961626903207
28,1,back,0.02,800,378.12834480443905,378.12834480443905,1.176360041336055,0.06565040704507963,0.0,3.0,1.3428120087480835
28,1,back,0.02,900,377.5271362228425,377.5271362228425,1.6050624490473184,0.04704216914678072,0.0,3.0,1.3438833509615051
28,1,back,0.02,1000,376.7534915286237,376.7534915286237,2.018023796490663,0.067705959687276,0.0,3.0,1.3421050666169536
28,1,back,0.02,1100,375.7655373577218,375.7655373577218,2.5290679200859962,0.05456754966072008,0.0,3.0,1.3385045327254368
28,1,back,0.02,1200,375.3987410860858,375.3987410860858,2.321552531233577,0.05185789533899887,0.0,3.0,1.333414765603748
28,1,back,0.02,1300,375.3676392831486,375.3676392831486,2.39914994678954,0.014341311783230282,0.0,3.0,1.3345400665788205
28,1,back,0.02,1400,375.3092578367438,375.3092578367438,2.5559675879144774,0.05682266013259585,0.0,3.0,1.3354828241647096
28,1,back,0.02,1500,375.2427260617196,375.2427260617196,3.981207054907132,0.04516070562095642,0.0,3.0,1.3427275190410133
28,1,back,0.02,1600,375.23749924811733,375.23749924811733,4.1375439310232265,0.0,0.0,3.0,1.3432835820895523
28,1,back,0.02,1700,375.23749924811733,375.23749924811733,4.1375439310232265,0.0,0.0,3.0,1.3432835820895523
28,1,back,0.02,1800,375.23749924811733,375.23749924811733,4.1375439310232265,0.0,0.0,3.0,1.3432835820895523
28,1,back,0.02,1900,375.23749924811733,375.23749924811733,4.1375439310232265,0.0,0.0,3.0,1.3432835820895523
28,1,back,0.02,2000,375.23749924811733,375.23749924811733,4.1375439310232265,0.0,0.0,3.0,1.3432835820895523
28,1,back,0.02,2100,375.23749924811733,375.23749924811733,4.1375439310232265,0.0,0.0,3.0,1.3432835820895523
28,1,back,0.02,2200,375.23749924811733,375.23749924811733,4.1375439310232265,0.0,0.0,3.0,1.3432835820895523
28,1,back,0.02,2300,375.23749924811733,375.23749924811733,4.1375439310232265,0.0,0.0,3.0,1.3432835820895523
28,1,back,0.02,2400,375.23749924811733,375.23749924811733,4.1375439310232265,0.0,0.0,3.0,1.3432835820895523
28,1,back,0.02,2500,375.23749924811733,375.23749924811733,4.1375439310232265,0.0,0.0,3.0,1.3432835820895523
29,1,back,0.05,1,433.9927113279344,440.36140448657187,1196.6834041069567,1.5900260745423846,0.04999999970102593,2.950000001,1.4902985079934121
29,1,back,0.05,100,382.36953541005795,382.36953541005795,0.5168689728226951,0.13417802136645074,0.0,3.0,1.3599378055274955
29,1,back,0.05,200,380.6433702934031,380.6433702934031,0.5470567591350456,0.06854263816438344,0.0,3.0,1.3526816959959085
29,1,back,0.05,300,379.3632167931011,379.3632167931011,0.9099372263873828,0.06111695279827867,0.0,3.0,1.3451974596136762
29,1,back,0.05,400,377.5991919211254,377.5991919211254,1.3831422118640972,0.06674032780589956,0.0,3.0,1.3472383294501347
29,1,back,0.05,500,376.0400794459817,376.0400794459817,1.2909244045904273,0.05473922748092308,0.0,3.0,1.3345250882517965
29,1,back,0.05,600,375.17045153091624,375.17045153091624,2.0203087768774237,0.04884923662273122,0.0,3.0,1.3377455883888347
29,1,back,0.05,700,375.0760408438498,375.0760408438498,3.402514239362546,0.0,0.0,3.0,1.3432835820895523
29,1,back,0.05,800,375.0760408438498,375.0760408438498,3.402514239362546,0.0,0.0,3.0,1.3432835820895523
29,1,back,0.05,900,375.0760408438498,375.0760408438498,3.402514239362546,0.0,0.0,3.0,1.3432835820895523
29,1,back,0.05,1000,375.0760408438498,375.0760408438498,3.402514239362546,0.0,0.0,3.0,1.3432835820895523
29,1,back,0.05,1100,375.0760408438498,375.0760408438498,3.402514239362546,0.0,0.0,3.0,1.3432835820895523
29,1,back,0.05,1200,375.0760408438498,375.0760408438498,3.402514239362546,0.0,0.0,3.0,1.3432835820895523
29,1,back,0.05,1300,375.0760408438498,375.0760408438498,3.402514239362546,0.0,0.0,3.0,1.3432835820895523
29,1,back,0.05,1400,375.0760408438498,375.0760408438498,3.402514239362546,0.0,0.0,3.0,1.3432835820895523
29,1,back,0.05,1500,375.0760408438498,375.0760408438498,3.402514239362546,0.0,0.0,3.0,1.3432835820895523
29,1,back,0.05,1600,375.0760408438498,375.0760408438498,3.402514239362546,0.0,0.0,3.0,1.3432835820895523
29,1,back,0.05,1700,375.0760408438498,375.0760408438498,3.402514239362546,0.0,0.0,3.0,1.3432835820895523
29,1,back,0.05,1800,375.0760408438498,375.0760408438498,3.402514239362546,0.0,0.0,3.0,1.3432835820895523
29,1,back,0.05,1900,375.0760408438498,375.0760408438498,3.402514239362546,0.0,0.0,3.0,1.3432835820895523
29,1,back,0.05,2000,375.0760408438498,375.0760408438498,3.402514239362546,0.0,0.0,3.0,1.3432835820895523
29,1,back,0.05,2100,375.0760408438498,375.0760408438498,3.402514239362546,0.0,0.0,3.0,1.3432835820895523
29,1,back,0.05,2200,375.0760408438498,375.0760408438498,3.402514239362546,0.0,0.0,3.0,1.3432835820895523
29,1,back,0.05,2300,375.0760408438498,375.0760408438498,3.402514239362546,0.0,0.0,3.0,1.3432835820895523
29,1,back,0.05,2400,375.0760408438498,375.0760408438498,3.402514239362546,0.0,0.0,3.0,1.3432835820895523
29,1,back,0.05,2500,375.0760408438498,375.0760408438498,3.402514239362546,0.0,0.0,3.0,1.3432835820895523
30,1,back,0.1,1,428.09687667196386,440.36140448657187,982.1061504342216,1.5124685765033656,0.09999999940205186,2.900000002,1.4805970159868242
30,1,back,0.1,100,381.16090192256246,381.1886601965786,0.598731201423261,0.05981321652267635,0.0,3.0,1.3561838045967143
30,1,back,0.1,200,378.6946644085018,378.718369194039,1.4428780685743077,0.052135744385966465,0.0,3.0,1.344774752326
30,1,back,0.1,300,376.1367058394835,376.15407328301376,2.768004032742921,0.0681332803878616,0.0,3.0,1.3428862397709325
30,1,back,0.1,400,375.4284997344905,375.4284997344905,3.386483712291326,0.0,0.0,3.0,1.3432835820895523
30,1,back,0.1,500,375.4284997344905,375.4284997344905,3.386483712291326,0.0,0.0,3.0,1.3432835820895523
30,1,back,0.1,600,375.4284997344905,375.4284997344905,3.386483712291326,0.0,0.0,3.0,1.3432835820895523
30,1,back,0.1,700,375.4284997344905,375.4284997344905,3.386483712291326,0.0,0.0,3.0,1.3432835820895523
30,1,back,0.1,800,375.4284997344905,375.4284997344905,3.386483712291326,0.0,0.0,3.0,1.3432835820895523
30,1,back,0.1,900,375.4284997344905,375.4284997344905,3.386483712291326,0.0,0.0,3.0,1.3432835820895523
30,1,back,0.1,1000,375.4284997344905,375.4284997344905,3.386483712291326,0.0,0.0,3.0,1.3432835820895523
30,1,back,0.1,1100,375.4284997344905,375.4284997344905,3.386483712291326,0.0,0.0,3.0,1.3432835820895523
30,1,back,0.1,1200,375.4284997344905,375.4284997344905,3.386483712291326,0.0,0.0,3.0,1.3432835820895523
30,1,back,0.1,1300,375.4284997344905,375.4284997344905,3.386483712291326,0.0,0.0,3.0,1.3432835820895523
30,1,back,0.1,1400,375.4284997344905,375.4284997344905,3.386483712291326,0.0,0.0,3.0,1.3432835820895523
30,1,back,0.1,1500,375.4284997344905,375.4284997344905,3.386483712291326,0.0,0.0,3.0,1.3432835820895523
30,1,back,0.1,1600,375.4284997344905,375.4284997344905,3.386483712291326,0.0,0.0,3.0,1.3432835820895523
30,1,back,0.1,1700,375.4284997344905,375.4284997344905,3.386483712291326,0.0,0.0,3.0,1.3432835820895523
30,1,back,0.1,1800,375.4284997344905,375.4284997344905,3.386483712291326,0.0,0.0,3.0,1.3432835820895523
30,1,back,0.1,1900,375.4284997344905,375.4284997344905,3.386483712291326,0.0,0.0,3.0,1.3432835820895523
30,1,back,0.1,2000,375.4284997344905,375.4284997344905,3.386483712291326,0.0,0.0,3.0,1.3432835820895523
30,1,back,0.1,2100,375.4284997344905,375.4284997344905,3.386483712291326,0.0,0.0,3.0,1.3432835820895523
30,1,back,0.1,2200,375.4284997344905,375.4284997344905,3.386483712291326,0.0,0.0,3.0,1.3432835820895523
30,1,back,0.1,2300,375.4284997344905,375.4284997344905,3.386483712291326,0.0,0.0,3.0,1.3432835820895523
30,1,back,0.1,2400,375.4284997344905,375.4284997344905,3.386483712291326,0.0,0.0,3.0,1.3432835820895523
30,1,back,0.1,2500,375.4284997344905,375.4284997344905,3.386483712291326,0.0,0.0,3.0,1.3432835820895523
31,1,back,0.2,1,417.67680053774734,440.36140448657187,647.3330336750295,1.370813303533533,0.1999999988041037,2.800000004,1.461194031973648
31,1,back,0.2,100,379.66332053953545,379.7027824431258,1.6025644755102326,0.0620121361212731,0.0,3.0,1.3455944294178652
31,1,back,0.2,200,375.63075493098273,375.6332546891204,2.1585784302669766,0.0400499476037145,0.0,3.0,1.3353436347499805
31,1,back,0.2,300,375.4201512136047,375.4201512136047,2.4712221642120213,0.0,0.0,3.0,1.3432835820895523
31,1,back,0.2,400,375.4201512136047,375.4201512136047,2.4712221642120213,0.0,0.0,3.0,1.3432835820895523
31,1,back,0.2,500,375.4201512136047,375.4201512136047,2.4712221642120213,0.0,0.0,3.0,1.3432835820895523
31,1,back,0.2,600,375.4201512136047,375.4201512136047,2.4712221642120213,0.0,0.0,3.0,1.3432835820895523
31,1,back,0.2,700,375.4201512136047,375.4201512136047,2.4712221642120213,0.0,0.0,3.0,1.3432835820895523
31,1,back,0.2,800,375.4201512136047,375.4201512136047,2.4712221642120213,0.0,0.0,3.0,1.3432835820895523
31,1,back,0.2,900,375.4201512136047,375.4201512136047,2.4712221642120213,0.0,0.0,3.0,1.3432835820895523
31,1,back,0.2,1000,375.4201512136047,375.4201512136047,2.4712221642120213,0.0,0.0,3.0,1.3432835820895523
31,1,back,0.2,1100,375.4201512136047,375.4201512136047,2.4712221642120213,0.0,0.0,3.0,1.3432835820895523
31,1,back,0.2,1200,375.4201512136047,375.4201512136047,2.4712221642120213,0.0,0.0,3.0,1.3432835820895523
31,1,back,0.2,1300,375.4201512136047,375.4201512136047,2.4712221642120213,0.0,0.0,3.0,1.3432835820895523
31,1,back,0.2,1400,375.4201512136047,375.4201512136047,2.4712221642120213,0.0,0.0,3.0,1.3432835820895523
31,1,back,0.2,1500,375.4201512136047,375.4201512136047,2.4712221642120213,0.0,0.0,3.0,1.3432835820895523
31,1,back,0.2,1600,375.4201512136047,375.4201512136047,2.4712221642120213,0.0,0.0,3.0,1.3432835820895523
31,1,back,0.2,1700,375.4201512136047,375.4201512136047,2.4712221642120213,0.0,0.0,3.0,1.3432835820895523
31,1,back,0.2,1800,375.4201512136047,375.4201512136047,2.4712221642120213,0.0,0.0,3.0,1.3432835820895523
31,1,back,0.2,1900,375.4201512136047,375.4201512136047,2.4712221642120213,0.0,0.0,3.0,1.3432835820895523
31,1,back,0.2,2000,375.4201512136047,375.4201512136047,2.4712221642120213,0.0,0.0,3.0,1.3432835820895523
31,1,back,0.2,2100,375.4201512136047,375.4201512136047,2.4712221642120213,0.0,0.0,3.0,1.3432835820895523
31,1,back,0.2,2200,375.4201512136047,375.4201512136047,2.4712221642120213,0.0,0.0,3.0,1.3432835820895523
31,1,back,0.2,2300,375.4201512136047,375.4201512136047,2.4712221642120213,0.0,0.0,3.0,1.3432835820895523
31,1,back,0.2,2400,375.4201512136047,375.4201512136047,2.4712221642120213,0.0,0.0,3.0,1.3432835820895523
31,1,back,0.2,2500,375.4201512136047,375.4201512136047,2.4712221642120213,0.0,0.0,3.0,1.3432835820895523
32,2,mid,0.02,1,398.94413005544754,399.89348193062773,69.97404575021686,0.8150432771481377,1.4800000004,1.5199999997650708,1.4939303486758777
32,2,mid,0.02,100,383.1634210193202,383.1634210193202,0.9060871591261124,0.15923554448507726,0.0,3.0,1.3690662426453868
32,2,mid,0.02,200,381.5588147246627,381.5588147246627,0.6001182776569038,0.08282558266123408,0.0,3.0,1.356097280200903
32,2,mid,0.02,300,379.88085533258777,379.88085533258777,0.8860187634157749,0.06697420069967563,0.0,3.0,1.3515156877242502
32,2,mid,0.02,400,378.7156947753214,378.7156947753214,1.5428484423390665,0.055890319502212904,0.0,3.0,1.3525441124794186
32,2,mid,0.02,500,377.0583375968079,377.0583375968079,2.502565271055263,0.06322543607160958,0.0,3.0,1.3480590399129428
32,2,mid,0.02,600,376.1391813404365,376.1391813404365,3.8630937619782357,0.05781474178682011,0.0,3.0,1.3489748564412638
32,2,mid,0.02,700,375.2499176109805,375.2499176109805,3.19860696164687,0.008436183779780393,0.0,3.0,1.3384959317652734
32,2,mid,0.02,800,375.18248868394,375.18248868394,2.6371087274943448,0.059382848188053394,0.0,3.0,1.3339431309609298
32,2,mid,0.02,900,375.1005416503823,375.1005416503823,2.184550784957986,0.0,0.0,3.0,1.328358208955224
32,2,mid,0.02,1000,375.1005416503823,375.1005416503823,2.184550784957986,0.0,0.0,3.0,1.328358208955224
32,2,mid,0.02,1100,375.1005416503823,375.1005416503823,2.184550784957986,0.0,0.0,3.0,1.328358208955224
32,2,mid,0.02,1200,375.1005416503823,375.1005416503823,2.184550784957986,0.0,0.0,3.0,1.328358208955224
32,2,mid,0.02,1300,375.1005416503823,375.1005416503823,2.184550784957986,0.0,0.0,3.0,1.328358208955224
32,2,mid,0.02,1400,375.1005416503823,375.1005416503823,2.184550784957986,0.0,0.0,3.0,1.328358208955224
32,2,mid,0.02,1500,375.1005416503823,375.1005416503823,2.184550784957986,0.0,0.0,3.0,1.328358208955224
32,2,mid,0.02,1600,375.1005416503823,375.1005416503823,2.184550784957986,0.0,0.0,3.0,1.328358208955224
32,2,mid,0.02,1700,375.1005416503823,375.1005416503823,2.184550784957986,0.0,0.0,3.0,1.328358208955224
32,2,mid,0.02,1800,375.1005416503823,375.1005416503823,2.184550784957986,0.0,0.0,3.0,1.328358208955224
32,2,mid,0.02,1900,375.1005416503823,375.1005416503823,2.184550784957986,0.0,0.0,3.0,1.328358208955224
32,2,mid,0.02,2000,375.1005416503823,375.1005416503823,2.184550784957986,0.0,0.0,3.0,1.328358208955224
32,2,mid,0.02,2100,375.1005416503823,375.1005416503823,2.184550784957986,0.0,0.0,3.0,1.328358208955224
32,2,mid,0.02,2200,375.1005416503823,375.1005416503823,2.184550784957986,0.0,0.0,3.0,1.328358208955224
32,2,mid,0.02,2300,375.1005416503823,375.1005416503823,2.184550784957986,0.0,0.0,3.0,1.328358208955224
32,2,mid,0.02,2400,375.1005416503823,375.1005416503823,2.184550784957986,0.0,0.0,3.0,1.328358208955224
32,2,mid,0.02,2500,375.1005416503823,375.1005416503823,2.184550784957986,0.0,0.0,3.0,1.328358208955224
33,2,mid,0.05,1,397.5904367772762,399.89348193062773,58.36154738734244,0.7609886819414977,1.450000001,1.5499999994126772,1.4848258716896945
33,2,mid,0.05,100,381.59014809444227,381.59014809444227,0.6935290975258894,0.05288174199677442,0.0,3.0,1.3549235191654034
33,2,mid,0.05,200,378.8620453926446,378.8620453926446,1.4528773119670282,0.049880681387748815,0.0,3.0,1.3516179447894057
33,2,mid,0.05,300,376.07701301976,376.07701301976,2.4420405285058693,0.062560588869362,0.0,3.0,1.3446000927688053
33,2,mid,0.05,400,375.7140878512672,375.7140878512672,2.9579444037154254,0.0,0.0,3.0,1.3432835820895523
33,2,mid,0.05,500,375.7140878512672,375.7140878512672,2.9579444037154254,0.0,0.0,3.0,1.3432835820895523
33,2,mid,0.05,600,375.7140878512672,375.7140878512672,2.9579444037154254,0.0,0.0,3.0,1.3432835820895523
33,2,mid,0.05,700,375.7140878512672,375.7140878512672,2.9579444037154254,0.0,0.0,3.0,1.3432835820895523
33,2,mid,0.05,800,375.7140878512672,375.7140878512672,2.9579444037154254,0.0,0.0,3.0,1.3432835820895523
33,2,mid,0.05,900,375.7140878512672,375.7140878512672,2.9579444037154254,0.0,0.0,3.0,1.3432835820895523
33,2,mid,0.05,1000,375.7140878512672,375.7140878512672,2.9579444037154254,0.0,0.0,3.0,1.3432835820895523
33,2,mid,0.05,1100,375.7140878512672,375.7140878512672,2.9579444037154254,0.0,0.0,3.0,1.3432835820895523
33,2,mid,0.05,1200,375.7140878512672,375.7140878512672,2.9579444037154254,0.0,0.0,3.0,1.3432835820895523
33,2,mid,0.05,1300,375.7140878512672,375.7140878512672,2.9579444037154254,0.0,0.0,3.0,1.3432835820895523
33,2,mid,0.05,1400,375.7140878512672,375.7140878512672,2.9579444037154254,0.0,0.0,3.0,1.3432835820895523
33,2,mid,0.05,1500,375.7140878512672,375.7140878512672,2.9579444037154254,0.0,0.0,3.0,1.3432835820895523
33,2,mid,0.05,1600,375.7140878512672,375.7140878512672,2.9579444037154254,0.0,0.0,3.0,1.3432835820895523
33,2,mid,0.05,1700,375.7140878512672,375.7140878512672,2.9579444037154254,0.0,0.0,3.0,1.3432835820895523
33,2,mid,0.05,1800,375.7140878512672,375.7140878512672,2.9579444037154254,0.0,0.0,3.0,1.3432835820895523
33,2,mid,0.05,1900,375.7140878512672,375.7140878512672,2.9579444037154254,0.0,0.0,3.0,1.3432835820895523
33,2,mid,0.05,2000,375.7140878512672,375.7140878512672,2.9579444037154254,0.0,0.0,3.0,1.3432835820895523
33,2,mid,0.05,2100,375.7140878512672,375.7140878512672,2.9579444037154254,0.0,0.0,3.0,1.3432835820895523
33,2,mid,0.05,2200,375.7140878512672,375.7140878512672,2.9579444037154254,0.0,0.0,3.0,1.3432835820895523
33,2,mid,0.05,2300,375.7140878512672,375.7140878512672,2.9579444037154254,0.0,0.0,3.0,1.3432835820895523
33,2,mid,0.05,2400,375.7140878512672,375.7140878512672,2.9579444037154254,0.0,0.0,3.0,1.3432835820895523
33,2,mid,0.05,2500,375.7140878512672,375.7140878512672,2.9579444037154254,0.0,0.0,3.0,1.3432835820895523
34,2,mid,0.1,1,395.5361945611121,399.89348193062773,41.88086708972814,0.6720948696124107,1.400000002,1.5999999988253546,1.4696517433793888
34,2,mid,0.1,100,379.73851560185176,379.76888061161276,1.380543882895837,0.07212214690376761,0.0,3.0,1.3488849228315025
34,2,mid,0.1,200,375.9446922089546,375.9557645097788,4.555968710037431,0.05869184761887691,0.0,3.0,1.3465480500457832
34,2,mid,0.1,300,375.777530668294,375.777530668294,3.5925707841890864,0.0018851485381885524,0.0,3.0,1.3425661378985114
34,2,mid,0.1,400,375.7634071185285,375.7634071185285,2.0808661164080675,0.020681929970944646,0.0,3.0,1.3364015973752679
34,2,mid,0.1,500,375.71142881594074,375.71142881594074,2.145065180943319,3.0080179558522602e-05,0.0,3.0,1.3283592746937924
34,2,mid,0.1,600,375.7114196479846,375.7114196479846,2.1241137934478864,0.0005798107825714105,0.0,3.0,1.3285088913350427
34,2,mid,0.1,700,375.7045987132088,375.7045987132088,1.8687445413391135,0.016090457741243736,0.0,3.0,1.3326144676758407
34,2,mid,0.1,800,375.6226263845508,375.62269756273133,3.2713575103197527,0.006543890447561651,0.0,3.0,1.3420519128181323
34,2,mid,0.1,900,375.5013520327473,375.5013520327473,1.5304893449765484,0.0,0.0,3.0,1.328358208955224
34,2,mid,0.1,1000,375.5013520327473,375.5013520327473,1.5304893449765484,0.0,0.0,3.0,1.328358208955224
34,2,mid,0.1,1100,375.5013520327473,375.5013520327473,1.5304893449765484,0.0,0.0,3.0,1.328358208955224
34,2,mid,0.1,1200,375.5013520327473,375.5013520327473,1.5304893449765484,0.0,0.0,3.0,1.328358208955224
34,2,mid,0.1,1300,375.5013520327473,375.5013520327473,1.5304893449765484,0.0,0.0,3.0,1.328358208955224
34,2,mid,0.1,1400,375.5013520327473,375.5013520327473,1.5304893449765484,0.0,0.0,3.0,1.328358208955224
34,2,mid,0.1,1500,375.5013520327473,375.5013520327473,1.5304893449765484,0.0,0.0,3.0,1.328358208955224
34,2,mid,0.1,1600,375.5013520327473,375.5013520327473,1.5304893449765484,0.0,0.0,3.0,1.328358208955224
34,2,mid,0.1,1700,375.5013520327473,375.5013520327473,1.5304893449765484,0.0,0.0,3.0,1.328358208955224
34,2,mid,0.1,1800,375.5013520327473,375.5013520327473,1.5304893449765484,0.0,0.0,3.0,1.328358208955224
34,2,mid,0.1,1900,375.5013520327473,375.5013520327473,1.5304893449765484,0.0,0.0,3.0,1.328358208955224
34,2,mid,0.1,2000,375.5013520327473,375.5013520327473,1.5304893449765484,0.0,0.0,3.0,1.328358208955224
34,2,mid,0.1,2100,375.5013520327473,375.5013520327473,1.5304893449765484,0.0,0.0,3.0,1.328358208955224
34,2,mid,0.1,2200,375.5013520327473,375.5013520327473,1.5304893449765484,0.0,0.0,3.0,1.328358208955224
34,2,mid,0.1,2300,375.5013520327473,375.5013520327473,1.5304893449765484,0.0,0.0,3.0,1.328358208955224
34,2,mid,0.1,2400,375.5013520327473,375.5013520327473,1.5304893449765484,0.0,0.0,3.0,1.328358208955224
34,2,mid,0.1,2500,375.5013520327473,375.5013520327473,1.5304893449765484,0.0,0.0,3.0,1.328358208955224
35,2,mid,0.2,1,392.28056122414705,399.89348193062773,18.91225051091682,0.6703110248206263,1.300000004,1.6999999976507092,1.4393034867587775
35,2,mid,0.2,100,377.4335407394582,377.51922834730664,2.3541141001435,0.05893363381210159,0.0,3.0,1.3479414605464246
35,2,mid,0.2,200,375.76831445946726,375.76831445946726,2.936825855113642,0.002973228921441695,0.0,3.0,1.3291783720652293
35,2,mid,0.2,300,375.63889047426534,375.63889047426534,2.8671470211659833,0.0,0.0,3.0,1.3432835820895523
35,2,mid,0.2,400,375.63889047426534,375.63889047426534,2.8671470211659833,0.0,0.0,3.0,1.3432835820895523
35,2,mid,0.2,500,375.63889047426534,375.63889047426534,2.8671470211659833,0.0,0.0,3.0,1.3432835820895523
35,2,mid,0.2,600,375.63889047426534,375.63889047426534,2.8671470211659833,0.0,0.0,3.0,1.3432835820895523
35,2,mid,0.2,700,375.63889047426534,375.63889047426534,2.8671470211659833,0.0,0.0,3.0,1.3432835820895523
35,2,mid,0.2,800,375.63889047426534,375.63889047426534,2.8671470211659833,0.0,0.0,3.0,1.3432835820895523
35,2,mid,0.2,900,375.63889047426534,375.63889047426534,2.8671470211659833,0.0,0.0,3.0,1.3432835820895523
35,2,mid,0.2,1000,375.63889047426534,375.63889047426534,2.8671470211659833,0.0,0.0,3.0,1.3432835820895523
35,2,mid,0.2,1100,375.63889047426534,375.63889047426534,2.8671470211659833,0.0,0.0,3.0,1.3432835820895523
35,2,mid,0.2,1200,375.63889047426534,375.63889047426534,2.8671470211659833,0.0,0.0,3.0,1.3432835820895523
35,2,mid,0.2,1300,375.63889047426534,375.63889047426534,2.8671470211659833,0.0,0.0,3.0,1.3432835820895523
35,2,mid,0.2,1400,375.63889047426534,375.63889047426534,2.8671470211659833,0.0,0.0,3.0,1.3432835820895523
35,2,mid,0.2,1500,375.63889047426534,375.63889047426534,2.8671470211659833,0.0,0.0,3.0,1.3432835820895523
35,2,mid,0.2,1600,375.63889047426534,375.63889047426534,2.8671470211659833,0.0,0.0,3.0,1.3432835820895523
35,2,mid,0.2,1700,375.63889047426534,375.63889047426534,2.8671470211659833,0.0,0.0,3.0,1.3432835820895523
35,2,mid,0.2,1800,375.63889047426534,375.63889047426534,2.8671470211659833,0.0,0.0,3.0,1.3432835820895523
35,2,mid,0.2,1900,375.63889047426534,375.63889047426534,2.8671470211659833,0.0,0.0,3.0,1.3432835820895523
35,2,mid,0.2,2000,375.63889047426534,375.63889047426534,2.8671470211659833,0.0,0.0,3.0,1.3432835820895523
35,2,mid,0.2,2100,375.63889047426534,375.63889047426534,2.8671470211659833,0.0,0.0,3.0,1.3432835820895523
35,2,mid,0.2,2200,375.63889047426534,375.63889047426534,2.8671470211659833,0.0,0.0,3.0,1.3432835820895523
35,2,mid,0.2,2300,375.63889047426534,375.63889047426534,2.8671470211659833,0.0,0.0,3.0,1.3432835820895523
35,2,mid,0.2,2400,375.63889047426534,375.63889047426534,2.8671470211659833,0.0,0.0,3.0,1.3432835820895523
35,2,mid,0.2,2500,375.63889047426534,375.63889047426534,2.8671470211659833,0.0,0.0,3.0,1.3432835820895523
36,2,random,0.02,1,399.1454167332975,400.07967668804145,97.66631041485857,0.9274441322345219,0.8223512344705575,1.9952100405442366,1.452959948153681
36,2,random,0.02,100,382.448585296607,382.448585296607,1.3920762385592618,0.1618104912073397,0.0,3.0,1.3731021045986833
36,2,random,0.02,200,377.90382545762054,377.90382545762054,1.2930272741396522,0.07474000432055083,0.0,3.0,1.3498344856612792
36,2,random,0.02,300,375.40911602833495,375.40911602833495,1.891540287878171,0.0800685518585289,0.0,3.0,1.33969786860192
36,2,random,0.02,400,374.82252941174823,374.82252941174823,2.6749079395294237,0.06843350484118937,0.0,3.0,1.3416865253799413
36,2,random,0.02,500,374.6230161529867,374.6230161529867,2.5159080843662425,0.029501671779133876,0.0,3.0,1.3395628096181738
36,2,random,0.02,600,374.59481481013637,374.59481482070265,3.546187005502105,0.00020905374674384802,0.0,3.0,1.3432801293326042
36,2,random,0.02,700,374.59481281119866,374.59481284308083,3.5320026076742823,0.00032728688482652757,0.0,3.0,1.3432430454469633
36,2,random,0.02,800,374.5948070633416,374.59480715760566,3.506999343462106,0.000537903471691692,0.0,3.0,1.343176943550515
36,2,random,0.02,900,374.59478922315435,374.59478952552973,3.4616078442275797,0.0009242595377174645,0.0,3.0,1.343055546243565
36,2,random,0.02,1000,374.59472908338245,374.59473013653275,3.375380681836853,0.001659624512982294,0.0,3.0,1.3428239858764572
36,2,random,0.02,1100,374.5945088962482,374.5945128762632,3.2036703540345077,0.003111387669092469,0.0,3.0,1.3423649022502935
36,2,random,0.02,1200,374.59363563887524,374.59365188972504,2.900114338491969,0.006075173784166221,0.0,3.0,1.3414196337856035
36,2,random,0.02,1300,374.58991995441045,374.5899906489165,2.37406624670446,0.012273050370632532,0.0,3.0,1.3394073510575029
36,2,random,0.02,1400,374.57345113028754,374.5737651629149,1.722204713244822,0.02520560087012269,0.0,3.0,1.3350477899876696
36,2,random,0.02,1500,374.5268749512068,374.5268749512068,1.6147428164964224,0.0,0.0,3.0,1.328358208955224
36,2,random,0.02,1600,374.5268749512068,374.5268749512068,1.6147428164964224,0.0,0.0,3.0,1.328358208955224
36,2,random,0.02,1700,374.5268749512068,374.5268749512068,1.6147428164964224,0.0,0.0,3.0,1.328358208955224
36,2,random,0.02,1800,374.5268749512068,374.5268749512068,1.6147428164964224,0.0,0.0,3.0,1.328358208955224
36,2,random,0.02,1900,374.5268749512068,374.5268749512068,1.6147428164964224,0.0,0.0,3.0,1.328358208955224
36,2,random,0.02,2000,374.5268749512068,374.5268749512068,1.6147428164964224,0.0,0.0,3.0,1.328358208955224
36,2,random,0.02,2100,374.5268749512068,374.5268749512068,1.6147428164964224,0.0,0.0,3.0,1.328358208955224
36,2,random,0.02,2200,374.5268749512068,374.5268749512068,1.6147428164964224,0.0,0.0,3.0,1.328358208955224
36,2,random,0.02,2300,374.5268749512068,374.5268749512068,1.6147428164964224,0.0,0.0,3.0,1.328358208955224
36,2,random,0.02,2400,374.5268749512068,374.5268749512068,1.6147428164964224,0.0,0.0,3.0,1.328358208955224
36,2,random,0.02,2500,374.5268749512068,374.5268749512068,1.6147428164964224,0.0,0.0,3.0,1.328358208955224
37,2,random,0.05,1,401.24480272040114,403.86975464394595,112.5869574442013,0.9016318654984448,0.7444425639012966,2.2994833466920883,1.4947158486208538
37,2,random,0.05,100,379.08327581107244,379.08327581107244,0.8942235717764055,0.08240701977985632,0.0,3.0,1.3447573079100714
37,2,random,0.05,200,374.7874473567988,374.7874473567988,1.089648530767281,0.0622291400410363,0.0,3.0,1.326273763285301
37,2,random,0.05,300,374.36128146170216,374.36128146170216,1.4132270843579973,0.0,0.0,3.0,1.328358208955224
37,2,random,0.05,400,374.36128146170216,374.36128146170216,1.4132270843579973,0.0,0.0,3.0,1.328358208955224
37,2,random,0.05,500,374.36128146170216,374.36128146170216,1.4132270843579973,0.0,0.0,3.0,1.328358208955224
37,2,random,0.05,600,374.36128146170216,374.36128146170216,1.4132270843579973,0.0,0.0,3.0,1.328358208955224
37,2,random,0.05,700,374.36128146170216,374.36128146170216,1.4132270843579973,0.0,0.0,3.0,1.328358208955224
37,2,random,0.05,800,374.36128146170216,374.36128146170216,1.4132270843579973,0.0,0.0,3.0,1.328358208955224
37,2,random,0.05,900,374.36128146170216,374.36128146170216,1.4132270843579973,0.0,0.0,3.0,1.328358208955224
37,2,random,0.05,1000,374.36128146170216,374.36128146170216,1.4132270843579973,0.0,0.0,3.0,1.328358208955224
37,2,random,0.05,1100,374.36128146170216,374.36128146170216,1.4132270843579973,0.0,0.0,3.0,1.328358208955224
37,2,random,0.05,1200,374.36128146170216,374.36128146170216,1.4132270843579973,0.0,0.0,3.0,1.328358208955224
37,2,random,0.05,1300,374.36128146170216,374.36128146170216,1.4132270843579973,0.0,0.0,3.0,1.328358208955224
37,2,random,0.05,1400,374.36128146170216,374.36128146170216,1.4132270843579973,0.0,0.0,3.0,1.328358208955224
37,2,random,0.05,1500,374.36128146170216,374.36128146170216,1.4132270843579973,0.0,0.0,3.0,1.328358208955224
37,2,random,0.05,1600,374.36128146170216,374.36128146170216,1.4132270843579973,0.0,0.0,3.0,1.328358208955224
37,2,random,0.05,1700,374.36128146170216,374.36128146170216,1.4132270843579973,0.0,0.0,3.0,1.328358208955224
37,2,random,0.05,1800,374.36128146170216,374.36128146170216,1.4132270843579973,0.0,0.0,3.0,1.328358208955224
37,2,random,0.05,1900,374.36128146170216,374.36128146170216,1.4132270843579973,0.0,0.0,3.0,1.328358208955224
37,2,random,0.05,2000,374.36128146170216,374.36128146170216,1.4132270843579973,0.0,0.0,3.0,1.328358208955224
37,2,random,0.05,2100,374.36128146170216,374.36128146170216,1.4132270843579973,0.0,0.0,3.0,1.328358208955224
37,2,random,0.05,2200,374.36128146170216,374.36128146170216,1.4132270843579973,0.0,0.0,3.0,1.328358208955224
37,2,random,0.05,2300,374.36128146170216,374.36128146170216,1.4132270843579973,0.0,0.0,3.0,1.328358208955224
37,2,random,0.05,2400,374.36128146170216,374.36128146170216,1.4132270843579973,0.0,0.0,3.0,1.328358208955224
37,2,random,0.05,2500,374.36128146170216,374.36128146170216,1.4132270843579973,0.0,0.0,3.0,1.328358208955224
38,2,random,0.1,1,393.9066227768326,398.1497307795839,33.918283236243184,0.5964913247827948,0.600945973434823,2.3822348625956824,1.5001262493924576
38,2,random,0.1,100,375.2505209062467,375.2505209062467,1.3703322447451483,0.06022199525173644,0.0,3.0,1.3207761007701762
38,2,random,0.1,200,374.83596598027736,374.83596598027736,1.9997455900050178,0.0017943995237990062,0.0,3.0,1.3146425808769073
38,2,random,0.1,300,374.74043176708614,374.74043176708614,1.6592882953010561,0.07619765729630634,0.0,3.0,1.3262978932499367
38,2,random,0.1,400,374.70604459885266,374.70604459885266,1.8243765415722775,0.0,0.0,3.0,1.328358208955224
38,2,random,0.1,500,374.70604459885266,374.70604459885266,1.8243765415722775,0.0,0.0,3.0,1.328358208955224
38,2,random,0.1,600,374.70604459885266,374.70604459885266,1.8243765415722775,0.0,0.0,3.0,1.328358208955224
38,2,random,0.1,700,374.70604459885266,374.70604459885266,1.8243765415722775,0.0,0.0,3.0,1.328358208955224
38,2,random,0.1,800,374.70604459885266,374.70604459885266,1.8243765415722775,0.0,0.0,3.0,1.328358208955224
38,2,random,0.1,900,374.70604459885266,374.70604459885266,1.8243765415722775,0.0,0.0,3.0,1.328358208955224
38,2,random,0.1,1000,374.70604459885266,374.70604459885266,1.8243765415722775,0.0,0.0,3.0,1.328358208955224
38,2,random,0.1,1100,374.70604459885266,374.70604459885266,1.8243765415722775,0.0,0.0,3.0,1.328358208955224
38,2,random,0.1,1200,374.70604459885266,374.70604459885266,1.8243765415722775,0.0,0.0,3.0,1.328358208955224
38,2,random,0.1,1300,374.70604459885266,374.70604459885266,1.8243765415722775,0.0,0.0,3.0,1.328358208955224
38,2,random,0.1,1400,374.70604459885266,374.70604459885266,1.8243765415722775,0.0,0.0,3.0,1.328358208955224
38,2,random,0.1,1500,374.70604459885266,374.70604459885266,1.8243765415722775,0.0,0.0,3.0,1.328358208955224
38,2,random,0.1,1600,374.70604459885266,374.70604459885266,1.8243765415722775,0.0,0.0,3.0,1.328358208955224
38,2,random,0.1,1700,374.70604459885266,374.70604459885266,1.8243765415722775,0.0,0.0,3.0,1.328358208955224
38,2,random,0.1,1800,374.70604459885266,374.70604459885266,1.8243765415722775,0.0,0.0,3.0,1.328358208955224
38,2,random,0.1,1900,374.70604459885266,374.70604459885266,1.8243765415722775,0.0,0.0,3.0,1.328358208955224
38,2,random,0.1,2000,374.70604459885266,374.70604459885266,1.8243765415722775,0.0,0.0,3.0,1.328358208955224
38,2,random,0.1,2100,374.70604459885266,374.70604459885266,1.8243765415722775,0.0,0.0,3.0,1.328358208955224
38,2,random,0.1,2200,374.70604459885266,374.70604459885266,1.8243765415722775,0.0,0.0,3.0,1.328358208955224
38,2,random,0.1,2300,374.70604459885266,374.70604459885266,1.8243765415722775,0.0,0.0,3.0,1.328358208955224
38,2,random,0.1,2400,374.70604459885266,374.70604459885266,1.8243765415722775,0.0,0.0,3.0,1.328358208955224
38,2,random,0.1,2500,374.70604459885266,374.70604459885266,1.8243765415722775,0.0,0.0,3.0,1.328358208955224
39,2,random,0.2,1,393.85798260251966,403.1630966479802,37.80153689852543,0.5845217037738637,0.4724401727056747,2.303999036652,1.49127614728717
39,2,random,0.2,100,374.8434010998532,374.8438053250454,2.721610545529012,0.007265228838663873,0.0,3.0,1.3297488135448414
39,2,random,0.2,200,374.6975972886549,374.6975972886549,3.0941115221293,0.0,0.0,3.0,1.3432835820895523
39,2,random,0.2,300,374.6975972886549,374.6975972886549,3.0941115221293,0.0,0.0,3.0,1.3432835820895523
39,2,random,0.2,400,374.6975972886549,374.6975972886549,3.0941115221293,0.0,0.0,3.0,1.3432835820895523
39,2,random,0.2,500,374.6975972886549,374.6975972886549,3.0941115221293,0.0,0.0,3.0,1.3432835820895523
39,2,random,0.2,600,374.6975972886549,374.6975972886549,3.0941115221293,0.0,0.0,3.0,1.3432835820895523
39,2,random,0.2,700,374.6975972886549,374.6975972886549,3.0941115221293,0.0,0.0,3.0,1.3432835820895523
39,2,random,0.2,800,374.6975972886549,374.6975972886549,3.0941115221293,0.0,0.0,3.0,1.3432835820895523
39,2,random,0.2,900,374.6975972886549,374.6975972886549,3.0941115221293,0.0,0.0,3.0,1.3432835820895523
39,2,random,0.2,1000,374.6975972886549,374.6975972886549,3.0941115221293,0.0,0.0,3.0,1.3432835820895523
39,2,random,0.2,1100,374.6975972886549,374.6975972886549,3.0941115221293,0.0,0.0,3.0,1.3432835820895523
39,2,random,0.2,1200,374.6975972886549,374.6975972886549,3.0941115221293,0.0,0.0,3.0,1.3432835820895523
39,2,random,0.2,1300,374.6975972886549,374.6975972886549,3.0941115221293,0.0,0.0,3.0,1.3432835820895523
39,2,random,0.2,1400,374.6975972886549,374.6975972886549,3.0941115221293,0.0,0.0,3.0,1.3432835820895523
39,2,random,0.2,1500,374.6975972886549,374.6975972886549,3.0941115221293,0.0,0.0,3.0,1.3432835820895523
39,2,random,0.2,1600,374.6975972886549,374.6975972886549,3.0941115221293,0.0,0.0,3.0,1.3432835820895523
39,2,random,0.2,1700,374.6975972886549,374.6975972886549,3.0941115221293,0.0,0.0,3.0,1.3432835820895523
39,2,random,0.2,1800,374.6975972886549,374.6975972886549,3.0941115221293,0.0,0.0,3.0,1.3432835820895523
39,2,random,0.2,1900,374.6975972886549,374.6975972886549,3.0941115221293,0.0,0.0,3.0,1.3432835820895523
39,2,random,0.2,2000,374.6975972886549,374.6975972886549,3.0941115221293,0.0,0.0,3.0,1.3432835820895523
39,2,random,0.2,2100,374.6975972886549,374.6975972886549,3.0941115221293,0.0,0.0,3.0,1.3432835820895523
39,2,random,0.2,2200,374.6975972886549,374.6975972886549,3.0941115221293,0.0,0.0,3.0,1.3432835820895523
39,2,random,0.2,2300,374.6975972886549,374.6975972886549,3.0941115221293,0.0,0.0,3.0,1.3432835820895523
39,2,random,0.2,2400,374.6975972886549,374.6975972886549,3.0941115221293,0.0,0.0,3.0,1.3432835820895523
39,2,random,0.2,2500,374.6975972886549,374.6975972886549,3.0941115221293,0.0,0.0,3.0,1.3432835820895523
40,2,front,0.02,1,541.2330008623419,550.6894677303351,23263.355029657996,2.965000000024615,0.0,3.0,1.519776119274501
40,2,front,0.02,100,428.66285985830746,428.66285985830746,180.60795490460083,0.8031765649412836,0.0,3.0,1.7921615133368487
40,2,front,0.02,200,389.12190995651054,389.12190995651054,14.660449652459144,0.459595567645424,0.0,3.0,1.3971987732086133
40,2,front,0.02,300,385.21731448799784,385.21731448799784,2.4385941778831515,0.25231059986230786,0.0,3.0,1.383148470490785
40,2,front,0.02,400,383.8884277684061,383.8884277684061,1.162567969713993,0.19413056320128375,0.0,3.0,1.3733091831957465
40,2,front,0.02,500,383.07384877667187,383.07384877667187,0.9036704826814285,0.15887800336080593,0.0,3.0,1.366607632604034
40,2,front,0.02,600,382.4886495082836,382.4886495082836,0.759359384444832,0.08941758113683873,0.0,3.0,1.3609049257173722
40,2,front,0.02,700,382.13962767019433,382.13962767019433,0.6396951178012387,0.07795786261619408,0.0,3.0,1.3579321997400553
40,2,front,0.02,800,381.9469507711806,381.9469507711806,0.5410302896679539,0.05622525185981653,0.0,3.0,1.3571154992411247
40,2,front,0.02,900,381.71776280418743,381.71776280418743,0.4461981973068826,0.0564466117075626,0.0,3.0,1.3567681986768076
40,2,front,0.02,1000,381.4426788776985,381.4426788776985,0.436003941569667,0.055240396009573534,0.0,3.0,1.3554172872459014
40,2,front,0.02,1100,381.17053175288686,381.17053175288686,0.5016262202940591,0.0709629211863474,0.0,3.0,1.3530549223654096
40,2,front,0.02,1200,380.9014641994492,380.9014641994492,0.6244909421308054,0.06855108582415381,0.0,3.0,1.3511380876394605
40,2,front,0.02,1300,380.75078178610437,380.75078178610437,0.5967114973614467,0.04905205668808277,0.0,3.0,1.3505701492570927
40,2,front,0.02,1400,380.59098679912836,380.59098679912836,0.6068003191257089,0.043890928346392855,0.0,3.0,1.3497169854332862
40,2,front,0.02,1500,380.28821958837034,380.28821958837034,0.5756261081694694,0.0502151119262324,0.0,3.0,1.3511380898054342
40,2,front,0.02,1600,379.82510687558494,379.82510687558494,0.6608547474724789,0.06905324944748736,0.0,3.0,1.3473598174890131
40,2,front,0.02,1700,379.52484360730807,379.52484360730807,0.7065019191688753,0.04655714162277036,0.0,3.0,1.346539173665688
40,2,front,0.02,1800,379.28451580650045,379.28451580650045,0.7659216450997064,0.06563973893793706,0.0,3.0,1.3477280359979869
40,2,front,0.02,1900,378.7760516886407,378.7760516886407,1.050523722811834,0.0424697189387544,0.0,3.0,1.347558183685978
40,2,front,0.02,2000,378.20701285832695,378.20701285832695,1.266907018500805,0.042033599057800464,0.0,3.0,1.3472439713527589
40,2,front,0.02,2100,377.68497469013886,377.68497469013886,2.0861952771558006,0.06831561550554299,0.0,3.0,1.349511086342591
40,2,front,0.02,2200,377.17899184275774,377.17899184275774,2.9341471283199696,0.05376784534655776,0.0,3.0,1.3499307396221596
40,2,front,0.02,2300,376.7715598991727,376.7715598991727,3.0114928092377067,0.06389480877782827,0.0,3.0,1.3462259074109342
40,2,front,0.02,2400,376.4920343546468,376.4920343546468,3.242386367187229,0.03702305765233094,0.0,3.0,1.3464557369558559
40,2,front,0.02,2500,376.407152276301,376.407152276301,3.4732125463488805,0.040545228212184536,0.0,3.0,1.3480204208101418
41,2,front,0.05,1,528.0831984484741,550.6894677303351,18689.670990400547,2.935000000061538,0.0,3.0,1.5492039797856987
41,2,front,0.05,100,386.53520989984094,386.53520989984094,4.526438221960561,0.2541104925816131,0.0,3.0,1.395218362035532
41,2,front,0.05,200,383.25551528817573,383.25551528817573,0.9530944147891474,0.16606838128270907,0.0,3.0,1.3682819307245502
41,2,front,0.05,300,382.2643472342595,382.2643472342595,0.6541435084847967,0.06942923800067957,0.0,3.0,1.3579157908277188
41,2,front,0.05,400,381.8118694953943,381.8118694953943,0.493494268522008,0.046222997206303074,0.0,3.0,1.3568536193235519
41,2,front,0.05,500,381.3616241065743,381.3616241065743,0.6500224276981933,0.06950243420746594,0.0,3.0,1.35209980859684
41,2,front,0.05,600,380.7929644802881,380.7929644802881,0.6490643403173425,0.03845918526868575,0.0,3.0,1.3511314085579804
41,2,front,0.05,700,380.359964203484,380.359964203484,0.7284067884713334,0.05311657403939396,0.0,3.0,1.3521131771219475
41,2,front,0.05,800,379.52289168644324,379.52289168644324,0.9494107895926561,0.05162252237066367,0.0,3.0,1.3470565592669734
41,2,front,0.05,900,379.0137553510764,379.0137553510764,1.054955091399243,0.04236108367578906,0.0,3.0,1.347700649775879
41,2,front,0.05,1000,377.80465135852,377.80465135852,1.302374340352959,0.05723463015071273,0.0,3.0,1.3431052139322455
41,2,front,0.05,1100,376.676851895463,376.676851895463,1.7379227360540195,0.049022153800309276,0.0,3.0,1.335379039252696
41,2,front,0.05,1200,376.2009273130565,376.2009273130565,1.976021071634167,0.055581143213348616,0.0,3.0,1.3347900433244442
41,2,front,0.05,1300,376.0747285943454,376.0747285943454,3.790956941554847,0.0,0.0,3.0,1.3432835820895523
41,2,front,0.05,1400,376.0747285943454,376.0747285943454,3.790956941554847,0.0,0.0,3.0,1.3432835820895523
41,2,front,0.05,1500,376.0747285943454,376.0747285943454,3.790956941554847,0.0,0.0,3.0,1.3432835820895523
41,2,front,0.05,1600,376.0747285943454,376.0747285943454,3.790956941554847,0.0,0.0,3.0,1.3432835820895523
41,2,front,0.05,1700,376.0747285943454,376.0747285943454,3.790956941554847,0.0,0.0,3.0,1.3432835820895523
41,2,front,0.05,1800,376.0747285943454,376.0747285943454,3.790956941554847,0.0,0.0,3.0,1.3432835820895523
41,2,front,0.05,1900,376.0747285943454,376.0747285943454,3.790956941554847,0.0,0.0,3.0,1.3432835820895523
41,2,front,0.05,2000,376.0747285943454,376.0747285943454,3.790956941554847,0.0,0.0,3.0,1.3432835820895523
41,2,front,0.05,2100,376.0747285943454,376.0747285943454,3.790956941554847,0.0,0.0,3.0,1.3432835820895523
41,2,front,0.05,2200,376.0747285943454,376.0747285943454,3.790956941554847,0.0,0.0,3.0,1.3432835820895523
41,2,front,0.05,2300,376.0747285943454,376.0747285943454,3.790956941554847,0.0,0.0,3.0,1.3432835820895523
41,2,front,0.05,2400,376.0747285943454,376.0747285943454,3.790956941554847,0.0,0.0,3.0,1.3432835820895523
41,2,front,0.05,2500,376.0747285943454,376.0747285943454,3.790956941554847,0.0,0.0,3.0,1.3432835820895523
42,2,front,0.1,1,508.76398938754585,550.6894677303351,12760.337135787646,2.8850000001230756,0.0,3.0,1.5975870640717618
42,2,front,0.1,100,383.4454220454734,383.47934686304524,1.2307238939883423,0.1607490740526858,0.0,3.0,1.3673154754221648
42,2,front,0.1,200,382.0222242395235,382.03126275282756,0.6226478912121014,0.052846366023914904,0.0,3.0,1.356796121831648
42,2,front,0.1,300,381.40541221978157,381.412811850038,0.5340567606429177,0.04400737415491118,0.0,3.0,1.3543447748635065
42,2,front,0.1,400,380.2244954282014,380.2375774814947,0.7330348692636494,0.0612728482171212,0.0,3.0,1.3553098227805747
42,2,front,0.1,500,378.9657107592763,378.972795073463,1.3325489887894588,0.04563990145935293,0.0,3.0,1.3538336741350363
42,2,front,0.1,600,377.44017520023937,377.46849161164135,1.6695247909757334,0.06199726338386835,0.0,3.0,1.3463787695352873
42,2,front,0.1,700,376.0130667960023,376.0163261563718,1.9206455628650658,0.04404853598170311,0.0,3.0,1.3415531586903457
42,2,front,0.1,800,375.723488154552,375.7258882623229,2.253740385462976,0.056190520139030475,0.0,3.0,1.3429968793292604
42,2,front,0.1,900,375.72019961403413,375.72019961403413,2.297309731967818,0.0,0.0,3.0,1.3432835820895523
42,2,front,0.1,1000,375.72019961403413,375.72019961403413,2.297309731967818,0.0,0.0,3.0,1.3432835820895523
42,2,front,0.1,1100,375.72019961403413,375.72019961403413,2.297309731967818,0.0,0.0,3.0,1.3432835820895523
42,2,front,0.1,1200,375.72019961403413,375.72019961403413,2.297309731967818,0.0,0.0,3.0,1.3432835820895523
42,2,front,0.1,1300,375.72019961403413,375.72019961403413,2.297309731967818,0.0,0.0,3.0,1.3432835820895523
42,2,front,0.1,1400,375.72019961403413,375.72019961403413,2.297309731967818,0.0,0.0,3.0,1.3432835820895523
42,2,front,0.1,1500,375.72019961403413,375.72019961403413,2.297309731967818,0.0,0.0,3.0,1.3432835820895523
42,2,front,0.1,1600,375.72019961403413,375.72019961403413,2.297309731967818,0.0,0.0,3.0,1.3432835820895523
42,2,front,0.1,1700,375.72019961403413,375.72019961403413,2.297309731967818,0.0,0.0,3.0,1.3432835820895523
42,2,front,0.1,1800,375.72019961403413,375.72019961403413,2.297309731967818,0.0,0.0,3.0,1.3432835820895523
42,2,front,0.1,1900,375.72019961403413,375.72019961403413,2.297309731967818,0.0,0.0,3.0,1.3432835820895523
42,2,front,0.1,2000,375.72019961403413,375.72019961403413,2.297309731967818,0.0,0.0,3.0,1.3432835820895523
42,2,front,0.1,2100,375.72019961403413,375.72019961403413,2.297309731967818,0.0,0.0,3.0,1.3432835820895523
42,2,front,0.1,2200,375.72019961403413,375.72019961403413,2.297309731967818,0.0,0.0,3.0,1.3432835820895523
42,2,front,0.1,2300,375.72019961403413,375.72019961403413,2.297309731967818,0.0,0.0,3.0,1.3432835820895523
42,2,front,0.1,2400,375.72019961403413,375.72019961403413,2.297309731967818,0.0,0.0,3.0,1.3432835820895523
42,2,front,0.1,2500,375.72019961403413,375.72019961403413,2.297309731967818,0.0,0.0,3.0,1.3432835820895523
43,2,front,0.2,1,478.87170849683974,550.6894677303351,5480.594004164942,2.7850000002461517,0.0,3.0,1.6918656705371757
43,2,front,0.2,100,382.29299605676715,382.29299605676715,0.5452030999708475,0.05423930161628476,0.0,3.0,1.3619105574012298
43,2,front,0.2,200,381.14899372956614,381.14899372956614,0.5692648858808561,0.0619362163096997,0.0,3.0,1.3546981383837344
43,2,front,0.2,300,378.9124604765845,378.9124604765845,1.3980194736170386,0.052609622700406256,0.0,3.0,1.3553225656251884
43,2,front,0.2,400,376.67388932621964,376.67388932621964,2.1272998665836464,0.07783677087651775,0.0,3.0,1.3474493906943898
43,2,front,0.2,500,375.5613151066303,375.5613151066303,2.4479356927432736,0.025795654472417162,0.0,3.0,1.3434119186789673
43,2,front,0.2,600,375.55926752126703,375.55926752126703,2.421740241179724,0.0,0.0,3.0,1.3432835820895523
43,2,front,0.2,700,375.55926752126703,375.55926752126703,2.421740241179724,0.0,0.0,3.0,1.3432835820895523
43,2,front,0.2,800,375.55926752126703,375.55926752126703,2.421740241179724,0.0,0.0,3.0,1.3432835820895523
43,2,front,0.2,900,375.55926752126703,375.55926752126703,2.421740241179724,0.0,0.0,3.0,1.3432835820895523
43,2,front,0.2,1000,375.55926752126703,375.55926752126703,2.421740241179724,0.0,0.0,3.0,1.3432835820895523
43,2,front,0.2,1100,375.55926752126703,375.55926752126703,2.421740241179724,0.0,0.0,3.0,1.3432835820895523
43,2,front,0.2,1200,375.55926752126703,375.55926752126703,2.421740241179724,0.0,0.0,3.0,1.3432835820895523
43,2,front,0.2,1300,375.55926752126703,375.55926752126703,2.421740241179724,0.0,0.0,3.0,1.3432835820895523
43,2,front,0.2,1400,375.55926752126703,375.55926752126703,2.421740241179724,0.0,0.0,3.0,1.3432835820895523
43,2,front,0.2,1500,375.55926752126703,375.55926752126703,2.421740241179724,0.0,0.0,3.0,1.3432835820895523
43,2,front,0.2,1600,375.55926752126703,375.55926752126703,2.421740241179724,0.0,0.0,3.0,1.3432835820895523
43,2,front,0.2,1700,375.55926752126703,375.55926752126703,2.421740241179724,0.0,0.0,3.0,1.3432835820895523
43,2,front,0.2,1800,375.55926752126703,375.55926752126703,2.421740241179724,0.0,0.0,3.0,1.3432835820895523
43,2,front,0.2,1900,375.55926752126703,375.55926752126703,2.421740241179724,0.0,0.0,3.0,1.3432835820895523
43,2,front,0.2,2000,375.55926752126703,375.55926752126703,2.421740241179724,0.0,0.0,3.0,1.3432835820895523
43,2,front,0.2,2100,375.55926752126703,375.55926752126703,2.421740241179724,0.0,0.0,3.0,1.3432835820895523
43,2,front,0.2,2200,375.55926752126703,375.55926752126703,2.421740241179724,0.0,0.0,3.0,1.3432835820895523
43,2,front,0.2,2300,375.55926752126703,375.55926752126703,2.421740241179724,0.0,0.0,3.0,1.3432835820895523
43,2,front,0.2,2400,375.55926752126703,375.55926752126703,2.421740241179724,0.0,0.0,3.0,1.3432835820895523
43,2,front,0.2,2500,375.55926752126703,375.55926752126703,2.421740241179724,0.0,0.0,3.0,1.3432835820895523
44,2,back,0.02,1,437.75631284654946,440.36140448657187,1344.0026452671727,1.6388493720370767,0.019999999880410374,2.9800000004,1.4961194031973648
44,2,back,0.02,100,386.3441213461706,386.3441213461706,3.0437050399550785,0.7479946198597136,0.0,2.9322676525533002,1.3649381576387103
44,2,back,0.02,200,382.7643256618516,382.7643256618516,0.5059287808981721,0.14408219868563732,0.0,3.0,1.3561899479260682
44,2,back,0.02,300,381.7473122057166,381.7473122057166,0.46163464713027236,0.11768044361164032,0.0,3.0,1.357931810388353
44,2,back,0.02,400,380.9700756059074,380.9700756059074,0.43869776315829573,0.0801469180808696,0.0,3.0,1.3531772367581711
44,2,back,0.02,500,380.2914046645667,380.2914046645667,0.6551630249243172,0.07358821624573242,0.0,3.0,1.3515505739083118
44,2,back,0.02,600,379.71277254197884,379.71277254197884,0.7576898152840305,0.0632638224044344,0.0,3.0,1.3482544326546742
44,2,back,0.02,700,378.9575463387379,378.9575463387379,0.9784345352968278,0.05080207766404943,0.0,3.0,1.346961626903207
44,2,back,0.02,800,378.12834480443905,378.12834480443905,1.176360041336055,0.06565040704507963,0.0,3.0,1.3428120087480835
44,2,back,0.02,900,377.5271362228425,377.5271362228425,1.6050624490473184,0.04704216914678072,0.0,3.0,1.3438833509615051
44,2,back,0.02,1000,376.7534915286237,376.7534915286237,2.018023796490663,0.067705959687276,0.0,3.0,1.3421050666169536
44,2,back,0.02,1100,375.7655373577218,375.7655373577218,2.5290679200859962,0.05456754966072008,0.0,3.0,1.3385045327254368
44,2,back,0.02,1200,375.3987410860858,375.3987410860858,2.321552531233577,0.05185789533899887,0.0,3.0,1.333414765603748
44,2,back,0.02,1300,375.3676392831486,375.3676392831486,2.39914994678954,0.014341311783230282,0.0,3.0,1.3345400665788205
44,2,back,0.02,1400,375.3092578367438,375.3092578367438,2.5559675879144774,0.05682266013259585,0.0,3.0,1.3354828241647096
44,2,back,0.02,1500,375.2427260617196,375.2427260617196,3.981207054907132,0.04516070562095642,0.0,3.0,1.3427275190410133
44,2,back,0.02,1600,375.23749924811733,375.23749924811733,4.1375439310232265,0.0,0.0,3.0,1.3432835820895523
44,2,back,0.02,1700,375.23749924811733,375.23749924811733,4.1375439310232265,0.0,0.0,3.0,1.3432835820895523
44,2,back,0.02,1800,375.23749924811733,375.23749924811733,4.1375439310232265,0.0,0.0,3.0,1.3432835820895523
44,2,back,0.02,1900,375.23749924811733,375.23749924811733,4.1375439310232265,0.0,0.0,3.0,1.3432835820895523
44,2,back,0.02,2000,375.23749924811733,375.23749924811733,4.1375439310232265,0.0,0.0,3.0,1.3432835820895523
44,2,back,0.02,2100,375.23749924811733,375.23749924811733,4.1375439310232265,0.0,0.0,3.0,1.3432835820895523
44,2,back,0.02,2200,375.23749924811733,375.23749924811733,4.1375439310232265,0.0,0.0,3.0,1.3432835820895523
44,2,back,0.02,2300,375.23749924811733,375.23749924811733,4.1375439310232265,0.0,0.0,3.0,1.3432835820895523
44,2,back,0.02,2400,375.23749924811733,375.23749924811733,4.1375439310232265,0.0,0.0,3.0,1.3432835820895523
44,2,back,0.02,2500,375.23749924811733,375.23749924811733,4.1375439310232265,0.0,0.0,3.0,1.3432835820895523
45,2,back,0.05,1,433.9927113279344,440.36140448657187,1196.6834041069567,1.5900260745423846,0.04999999970102593,2.950000001,1.4902985079934121
45,2,back,0.05,100,382.36953541005795,382.36953541005795,0.5168689728226951,0.13417802136645074,0.0,3.0,1.3599378055274955
45,2,back,0.05,200,380.6433702934031,380.6433702934031,0.5470567591350456,0.06854263816438344,0.0,3.0,1.3526816959959085
45,2,back,0.05,300,379.3632167931011,379.3632167931011,0.9099372263873828,0.06111695279827867,0.0,3.0,1.3451974596136762
45,2,back,0.05,400,377.5991919211254,377.5991919211254,1.3831422118640972,0.06674032780589956,0.0,3.0,1.3472383294501347
45,2,back,0.05,500,376.0400794459817,376.0400794459817,1.2909244045904273,0.05473922748092308,0.0,3.0,1.3345250882517965
45,2,back,0.05,600,375.17045153091624,375.17045153091624,2.0203087768774237,0.04884923662273122,0.0,3.0,1.3377455883888347
45,2,back,0.05,700,375.0760408438498,375.0760408438498,3.402514239362546,0.0,0.0,3.0,1.3432835820895523
45,2,back,0.05,800,375.0760408438498,375.0760408438498,3.402514239362546,0.0,0.0,3.0,1.3432835820895523
45,2,back,0.05,900,375.0760408438498,375.0760408438498,3.402514239362546,0.0,0.0,3.0,1.3432835820895523
45,2,back,0.05,1000,375.0760408438498,375.0760408438498,3.402514239362546,0.0,0.0,3.0,1.3432835820895523
45,2,back,0.05,1100,375.0760408438498,375.0760408438498,3.402514239362546,0.0,0.0,3.0,1.3432835820895523
45,2,back,0.05,1200,375.0760408438498,375.0760408438498,3.402514239362546,0.0,0.0,3.0,1.3432835820895523
45,2,back,0.05,1300,375.0760408438498,375.0760408438498,3.402514239362546,0.0,0.0,3.0,1.3432835820895523
45,2,back,0.05,1400,375.0760408438498,375.0760408438498,3.402514239362546,0.0,0.0,3.0,1.3432835820895523
45,2,back,0.05,1500,375.0760408438498,375.0760408438498,3.402514239362546,0.0,0.0,3.0,1.3432835820895523
45,2,back,0.05,1600,375.0760408438498,375.0760408438498,3.402514239362546,0.0,0.0,3.0,1.3432835820895523
45,2,back,0.05,1700,375.0760408438498,375.0760408438498,3.402514239362546,0.0,0.0,3.0,1.3432835820895523
45,2,back,0.05,1800,375.0760408438498,375.0760408438498,3.402514239362546,0.0,0.0,3.0,1.3432835820895523
45,2,back,0.05,1900,375.0760408438498,375.0760408438498,3.402514239362546,0.0,0.0,3.0,1.3432835820895523
45,2,back,0.05,2000,375.0760408438498,375.0760408438498,3.402514239362546,0.0,0.0,3.0,1.3432835820895523
45,2,back,0.05,2100,375.0760408438498,375.0760408438498,3.402514239362546,0.0,0.0,3.0,1.3432835820895523
45,2,back,0.05,2200,375.0760408438498,375.0760408438498,3.402514239362546,0.0,0.0,3.0,1.3432835820895523
45,2,back,0.05,2300,375.0760408438498,375.0760408438498,3.402514239362546,0.0,0.0,3.0,1.3432835820895523
45,2,back,0.05,2400,375.0760408438498,375.0760408438498,3.402514239362546,0.0,0.0,3.0,1.3432835820895523
45,2,back,0.05,2500,375.0760408438498,375.0760408438498,3.402514239362546,0.0,0.0,3.0,1.3432835820895523
46,2,back,0.1,1,428.09687667196386,440.36140448657187,982.1061504342216,1.5124685765033656,0.09999999940205186,2.900000002,1.4805970159868242
46,2,back,0.1,100,381.16090192256246,381.1886601965786,0.598731201423261,0.05981321652267635,0.0,3.0,1.3561838045967143
46,2,back,0.1,200,378.6946644085018,378.718369194039,1.4428780685743077,0.052135744385966465,0.0,3.0,1.344774752326
46,2,back,0.1,300,376.1367058394835,376.15407328301376,2.768004032742921,0.0681332803878616,0.0,3.0,1.3428862397709325
46,2,back,0.1,400,375.4284997344905,375.4284997344905,3.386483712291326,0.0,0.0,3.0,1.3432835820895523
46,2,back,0.1,500,375.4284997344905,375.4284997344905,3.386483712291326,0.0,0.0,3.0,1.3432835820895523
46,2,back,0.1,600,375.4284997344905,375.4284997344905,3.386483712291326,0.0,0.0,3.0,1.3432835820895523
46,2,back,0.1,700,375.4284997344905,375.4284997344905,3.386483712291326,0.0,0.0,3.0,1.3432835820895523
46,2,back,0.1,800,375.4284997344905,375.4284997344905,3.386483712291326,0.0,0.0,3.0,1.3432835820895523
46,2,back,0.1,900,375.4284997344905,375.4284997344905,3.386483712291326,0.0,0.0,3.0,1.3432835820895523
46,2,back,0.1,1000,375.4284997344905,375.4284997344905,3.386483712291326,0.0,0.0,3.0,1.3432835820895523
46,2,back,0.1,1100,375.4284997344905,375.4284997344905,3.386483712291326,0.0,0.0,3.0,1.3432835820895523
46,2,back,0.1,1200,375.4284997344905,375.4284997344905,3.386483712291326,0.0,0.0,3.0,1.3432835820895523
46,2,back,0.1,1300,375.4284997344905,375.4284997344905,3.386483712291326,0.0,0.0,3.0,1.3432835820895523
46,2,back,0.1,1400,375.4284997344905,375.4284997344905,3.386483712291326,0.0,0.0,3.0,1.3432835820895523
46,2,back,0.1,1500,375.4284997344905,375.4284997344905,3.386483712291326,0.0,0.0,3.0,1.3432835820895523
46,2,back,0.1,1600,375.4284997344905,375.4284997344905,3.386483712291326,0.0,0.0,3.0,1.3432835820895523
46,2,back,0.1,1700,375.4284997344905,375.4284997344905,3.386483712291326,0.0,0.0,3.0,1.3432835820895523
46,2,back,0.1,1800,375.4284997344905,375.4284997344905,3.386483712291326,0.0,0.0,3.0,1.3432835820895523
46,2,back,0.1,1900,375.4284997344905,375.4284997344905,3.386483712291326,0.0,0.0,3.0,1.3432835820895523
46,2,back,0.1,2000,375.4284997344905,375.4284997344905,3.386483712291326,0.0,0.0,3.0,1.3432835820895523
46,2,back,0.1,2100,375.4284997344905,375.4284997344905,3.386483712291326,0.0,0.0,3.0,1.3432835820895523
46,2,back,0.1,2200,375.4284997344905,375.4284997344905,3.386483712291326,0.0,0.0,3.0,1.3432835820895523
46,2,back,0.1,2300,375.4284997344905,375.4284997344905,3.386483712291326,0.0,0.0,3.0,1.3432835820895523
46,2,back,0.1,2400,375.4284997344905,375.4284997344905,3.386483712291326,0.0,0.0,3.0,1.3432835820895523
46,2,back,0.1,2500,375.4284997344905,375.4284997344905,3.386483712291326,0.0,0.0,3.0,1.3432835820895523
47,2,back,0.2,1,417.67680053774734,440.36140448657187,647.3330336750295,1.370813303533533,0.1999999988041037,2.800000004,1.461194031973648
47,2,back,0.2,100,379.66332053953545,379.7027824431258,1.6025644755102326,0.0620121361212731,0.0,3.0,1.3455944294178652
47,2,back,0.2,200,375.63075493098273,375.6332546891204,2.1585784302669766,0.0400499476037145,0.0,3.0,1.3353436347499805
47,2,back,0.2,300,375.4201512136047,375.4201512136047,2.4712221642120213,0.0,0.0,3.0,1.3432835820895523
47,2,back,0.2,400,375.4201512136047,375.4201512136047,2.4712221642120213,0.0,0.0,3.0,1.3432835820895523
47,2,back,0.2,500,375.4201512136047,375.4201512136047,2.4712221642120213,0.0,0.0,3.0,1.3432835820895523
47,2,back,0.2,600,375.4201512136047,375.4201512136047,2.4712221642120213,0.0,0.0,3.0,1.3432835820895523
47,2,back,0.2,700,375.4201512136047,375.4201512136047,2.4712221642120213,0.0,0.0,3.0,1.3432835820895523
47,2,back,0.2,800,375.4201512136047,375.4201512136047,2.4712221642120213,0.0,0.0,3.0,1.3432835820895523
47,2,back,0.2,900,375.4201512136047,375.4201512136047,2.4712221642120213,0.0,0.0,3.0,1.3432835820895523
47,2,back,0.2,1000,375.4201512136047,375.4201512136047,2.4712221642120213,0.0,0.0,3.0,1.3432835820895523
47,2,back,0.2,1100,375.4201512136047,375.4201512136047,2.4712221642120213,0.0,0.0,3.0,1.3432835820895523
47,2,back,0.2,1200,375.4201512136047,375.4201512136047,2.4712221642120213,0.0,0.0,3.0,1.3432835820895523
47,2,back,0.2,1300,375.4201512136047,375.4201512136047,2.4712221642120213,0.0,0.0,3.0,1.3432835820895523
47,2,back,0.2,1400,375.4201512136047,375.4201512136047,2.4712221642120213,0.0,0.0,3.0,1.3432835820895523
47,2,back,0.2,1500,375.4201512136047,375.4201512136047,2.4712221642120213,0.0,0.0,3.0,1.3432835820895523
47,2,back,0.2,1600,375.4201512136047,375.4201512136047,2.4712221642120213,0.0,0.0,3.0,1.3432835820895523
47,2,back,0.2,1700,375.4201512136047,375.4201512136047,2.4712221642120213,0.0,0.0,3.0,1.3432835820895523
47,2,back,0.2,1800,375.4201512136047,375.4201512136047,2.4712221642120213,0.0,0.0,3.0,1.3432835820895523
47,2,back,0.2,1900,375.4201512136047,375.4201512136047,2.4712221642120213,0.0,0.0,3.0,1.3432835820895523
47,2,back,0.2,2000,375.4201512136047,375.4201512136047,2.4712221642120213,0.0,0.0,3.0,1.3432835820895523
47,2,back,0.2,2100,375.4201512136047,375.4201512136047,2.4712221642120213,0.0,0.0,3.0,1.3432835820895523
47,2,back,0.2,2200,375.4201512136047,375.4201512136047,2.4712221642120213,0.0,0.0,3.0,1.3432835820895523
47,2,back,0.2,2300,375.4201512136047,375.4201512136047,2.4712221642120213,0.0,0.0,3.0,1.3432835820895523
47,2,back,0.2,2400,375.4201512136047,375.4201512136047,2.4712221642120213,0.0,0.0,3.0,1.3432835820895523
47,2,back,0.2,2500,375.4201512136047,375.4201512136047,2.4712221642120213,0.0,0.0,3.0,1.3432835820895523
